,ID,time,xloc,yloc,lane,speed,acceleration,length-smoothed,width-smoothed,type-most-common,ACC
95089,2247,271.2,1830.889275,162.88,-2,9.989,-0.71,3.52,6.25,small-vehicle,No
95090,2247,271.3,1831.888175,162.89,-2,9.918,-0.6575,3.52,6.25,small-vehicle,No
95091,2247,271.4,1832.879975,162.89,-2,9.85225,-0.6575,3.52,6.25,small-vehicle,No
95092,2247,271.5,1833.8652,162.89,-2,9.7865,-0.7075,3.51,6.25,small-vehicle,No
95093,2247,271.6,1834.84385,162.89,-2,9.71575,-0.705,3.51,6.26,small-vehicle,No
95094,2247,271.7,1835.815425,162.89,-2,9.64525,-0.655,3.51,6.26,small-vehicle,No
95095,2247,271.8,1836.77995,162.89,-2,9.57975,-0.655,3.5,6.26,small-vehicle,No
95096,2247,271.9,1837.737925,162.89,-2,9.51425,-0.6525,3.5,6.26,small-vehicle,No
95097,2247,272.0,1838.68935,162.88,-2,9.449,-0.65,3.5,6.26,small-vehicle,No
