,time,xloc,yloc,ID
95089,85.69999999999999,0.8892749999999978,6.509999999999991,2247
95090,85.80000000000001,1.8881750000000466,6.519999999999982,2247
95091,85.89999999999998,2.8799750000000586,6.519999999999982,2247
95092,86.0,3.865199999999959,6.519999999999982,2247
95093,86.10000000000002,4.843849999999975,6.519999999999982,2247
95094,86.19999999999999,5.815425000000005,6.519999999999982,2247
95095,86.30000000000001,6.779950000000099,6.519999999999982,2247
95096,86.39999999999998,7.737924999999905,6.519999999999982,2247
95097,86.5,8.689350000000104,6.509999999999991,2247
