,time,xloc,ID
21756,46.599999999999994,0.7037499999999,75
