,time,xloc,yloc,ID
95089,76.89999999999998,0.8892749999999978,8.490000000000009,2247
95090,77.0,1.8881750000000466,8.5,2247
95091,77.09999999999997,2.8799750000000586,8.5,2247
95092,77.19999999999999,3.865199999999959,8.5,2247
95093,77.30000000000001,4.843849999999975,8.5,2247
95094,77.39999999999998,5.815425000000005,8.5,2247
95095,77.5,6.779950000000099,8.5,2247
95096,77.59999999999997,7.737924999999905,8.5,2247
95097,77.69999999999999,8.689350000000104,8.490000000000009,2247
