,time,xloc,yloc,ID
23664,0.0,215.0754750000001,-6.3700000000000045,77
23665,0.10000000000002274,215.57494999999994,-6.410000000000025,77
23666,0.20000000000001705,216.06365000000005,-6.460000000000008,77
23667,0.30000000000001137,216.54154999999992,-6.5,77
23668,0.4000000000000057,217.00867500000004,-6.5400000000000205,77
23669,0.5,217.46502499999997,-6.5800000000000125,77
23670,0.6000000000000227,217.9105750000001,-6.610000000000014,77
23671,0.700000000000017,218.34535000000005,-6.650000000000006,77
23672,0.8000000000000114,218.76935000000003,-6.680000000000007,77
23673,0.9000000000000057,219.18257500000004,-6.710000000000008,77
23674,1.0,219.5850250000001,-6.740000000000009,77
23675,1.1000000000000227,219.9766749999999,-6.77000000000001,77
23676,1.200000000000017,220.35754999999995,-6.800000000000011,77
23677,1.3000000000000114,220.7328,-6.820000000000022,77
