,time,xloc,ID
120489,115.80000000000001,0.2207499999999527,2735
120490,115.9,1.2975249999999505,2735
120491,116.0,2.379950000000008,2735
120492,116.1,3.4680000000000746,2735
120493,116.20000000000002,4.562149999999974,2735
120494,116.30000000000001,5.662399999999934,2735
120495,116.4,6.7687499999999545,2735
120496,116.5,7.881200000000035,2735
120497,116.6,8.999724999999899,2735
120498,116.70000000000002,10.124299999999948,2735
