ID,lane,time,xloc,yloc,maneuver,muX,muY,sigX,sigY,line_integral_values
7009,2,164.2,"(195.67224, 196.207029)","(68.516756, 69.216748)",1,0.052868366,7.7861,18.87096,4.759082,1.0004207847597248e-05
7009,2,164.2,"(195.67224, 196.207029)","(68.516756, 69.216748)",2,0.021378852,8.548406,8.777272,3.288305,1.002448595491214e-05
7009,2,164.2,"(195.67224, 196.207029)","(68.516756, 69.216748)",3,0.03411355,7.9339867,5.458697,2.0569828,1.0039510256780269e-05
7009,2,164.2,"(195.67224, 196.207029)","(68.516756, 69.216748)",4,0.047063656,7.9341626,18.281067,4.2062373,1.0004229554426325e-05
7009,2,164.2,"(195.67224, 196.207029)","(68.516756, 69.216748)",5,-0.02994188,7.6170416,8.357218,2.8238103,1.0024289301676081e-05
7009,2,164.2,"(195.67224, 196.207029)","(68.516756, 69.216748)",6,0.034366168,6.419262,4.928002,1.7061721,1.0041716230089883e-05
