ID,lane,time,xloc,yloc,maneuver,muX,muY,sigX,sigY,line_integral_values
7009,2,164.2,"(195.67224, 196.207029)","(68.516756, 69.216748)",1,0.0040443838,3.6150045,5.8494096,1.6592448,1.0032075732333106e-05
7009,2,164.2,"(195.67224, 196.207029)","(68.516756, 69.216748)",2,-0.020420574,3.8107882,4.050621,1.6713396,1.0056488732365017e-05
7009,2,164.2,"(195.67224, 196.207029)","(68.516756, 69.216748)",3,0.1002332,3.4112082,3.5555208,1.1069,1.0054889102167367e-05
7009,2,164.2,"(195.67224, 196.207029)","(68.516756, 69.216748)",4,0.0034270138,3.6111455,6.259044,1.7658706,1.0029912620575043e-05
7009,2,164.2,"(195.67224, 196.207029)","(68.516756, 69.216748)",5,-0.03174313,3.9209104,4.2258315,1.64141,1.0052004903243626e-05
7009,2,164.2,"(195.67224, 196.207029)","(68.516756, 69.216748)",6,0.110649124,3.2891252,4.2513804,1.4344364,1.0047712198473264e-05
