ID,lane,time,xloc,yloc,maneuver,muX,muY,sigX,sigY,line_integral_values
7009,2,164.2,"(0, 20)","(0, 20)",1,0.003319867,5.5741677,12.498773,2.734535,0.0013851257282248813
7009,2,164.2,"(0, 20)","(0, 20)",2,-0.0011556372,5.6664963,7.404953,2.621601,0.001916668595961755
7009,2,164.2,"(0, 20)","(0, 20)",3,0.08797244,5.6209583,7.210356,1.9518853,0.0020242218876380716
7009,2,164.2,"(0, 20)","(0, 20)",4,0.000607796,5.4525733,13.330037,2.880112,0.0013069463749079305
7009,2,164.2,"(0, 20)","(0, 20)",5,-0.01970496,5.7702713,7.8464894,2.4570675,0.001869542381989957
7009,2,164.2,"(0, 20)","(0, 20)",6,0.091249034,5.98345,7.6453433,1.9127657,0.001911617152792653
