ID,lane,time,xloc,yloc,maneuver,muX,muY,sigX,sigY,line_integral_values
7009,2,164.2,"(195.67224, 196.207029)","(68.516756, 69.216748)",1,0.00025574863,7.900916,22.581144,4.4607224,2.4128218409795917e-60
7009,2,164.2,"(195.67224, 196.207029)","(68.516756, 69.216748)",2,-0.019967817,8.19112,14.035665,4.0683374,9.516011203290647e-94
7009,2,164.2,"(195.67224, 196.207029)","(68.516756, 69.216748)",3,0.059258383,7.741497,14.144996,3.220149,9.89801617425736e-123
7009,2,164.2,"(195.67224, 196.207029)","(68.516756, 69.216748)",4,0.0022889003,7.7228103,22.963102,4.2982936,3.6741393586266554e-63
7009,2,164.2,"(195.67224, 196.207029)","(68.516756, 69.216748)",5,-0.04335352,7.9009194,14.013375,3.673922,2.789059659795177e-105
7009,2,164.2,"(195.67224, 196.207029)","(68.516756, 69.216748)",6,0.0806129,6.7907805,13.179918,2.5794597,4.46603643701727e-176
