,ID,time,xloc,yloc,lane,speed,acceleration,length-smoothed,width-smoothed,type-most-common,ACC,adjusted_time
73644,1836,252.6,1810.82295,162.55,-2,10.746,-1.0075,3.23,5.36,small-vehicle,No,1.0
73645,1836,252.7,1811.89755,162.56,-2,10.64525,-0.955,3.24,5.39,small-vehicle,No,1.1
73646,1836,252.8,1812.962075,162.57,-2,10.54975,-0.955,3.24,5.42,small-vehicle,No,1.2
73647,1836,252.9,1814.01705,162.58,-2,10.45425,-1.0025,3.25,5.44,small-vehicle,No,1.3
73648,1836,253.0,1815.062475,162.59,-2,10.354,-0.95,3.26,5.46,small-vehicle,No,1.4
73649,1836,253.1,1816.097875,162.6,-2,10.259,-0.9,3.27,5.48,small-vehicle,No,1.5
73650,1836,253.2,1817.123775,162.61,-2,10.169,-0.9,3.27,5.5,small-vehicle,No,1.6
73651,1836,253.3,1818.140675,162.62,-2,10.079,-0.8975,3.28,5.51,small-vehicle,No,1.7
73652,1836,253.4,1819.148575,162.62,-2,9.98925,-0.845,3.28,5.52,small-vehicle,No,1.8
98237,2290,255.6,1810.5926,162.78,-2,10.1775,-0.2975,3.22,5.32,small-vehicle,No,4.0
98238,2290,255.7,1811.61035,162.8,-2,10.14775,-0.2975,3.23,5.32,small-vehicle,No,4.1
98239,2290,255.8,1812.625125,162.81,-2,10.118,-0.2975,3.23,5.32,small-vehicle,No,4.2
98240,2290,255.9,1813.636925,162.83,-2,10.08825,-0.2975,3.23,5.32,small-vehicle,No,4.3
98241,2290,256.0,1814.64575,162.84,-2,10.0585,-0.2975,3.23,5.32,small-vehicle,No,4.4
98242,2290,256.1,1815.6516,162.86,-2,10.02875,-0.295,3.23,5.32,small-vehicle,No,4.5
98243,2290,256.2,1816.654475,162.87,-2,9.99925,-0.2475,3.23,5.33,small-vehicle,No,4.6
98244,2290,256.3,1817.6544,162.89,-2,9.9745,-0.1975,3.23,5.33,small-vehicle,No,4.7
98245,2290,256.4,1818.65185,162.9,-2,9.95475,-0.1925,3.23,5.33,small-vehicle,No,4.8
98246,2290,256.5,1819.647325,162.91,-2,9.9355,-0.1925,3.23,5.33,small-vehicle,No,4.9
