,ID,time,xloc,yloc,lane,speed,acceleration,length-smoothed,width-smoothed,type-most-common,ACC,adjusted_time
51890,618,111.9,1820.25265,162.46,-2,3.6555,-0.1625,2.29,4.44,small-vehicle,No,3.6
51891,618,112.0,1820.6182,162.46,-2,3.63925,-0.165,2.29,4.4,small-vehicle,No,3.7
51892,618,112.1,1820.982125,162.46,-2,3.62275,-0.2175,2.29,4.37,small-vehicle,No,3.8
51893,618,112.2,1821.3444,162.46,-2,3.601,-0.16,2.28,4.35,small-vehicle,No,3.9
51894,618,112.3,1821.7045,162.46,-2,3.585,0.0,2.28,4.32,small-vehicle,No,4.0
51895,618,112.4,1822.063,162.46,-2,3.585,0.0,2.28,4.29,small-vehicle,No,4.1
