,ID,time,xloc,yloc,lane,speed,acceleration,length-smoothed,width-smoothed,type-most-common,ACC,adjusted_time
50967,558,123.9,1814.036725,162.81,-2,1.6345,-1.0425,2.61,5.43,small-vehicle,No,1.3
50968,558,124.0,1814.200175,162.8,-2,1.53025,-1.095,2.61,5.39,small-vehicle,No,1.4
50969,558,124.1,1814.3532,162.8,-2,1.42075,-1.09,2.61,5.35,small-vehicle,No,1.5
50970,558,124.2,1814.495275,162.8,-2,1.31175,-1.085,2.61,5.3,small-vehicle,No,1.6
50971,558,124.3,1814.62645,162.79,-2,1.20325,-0.9275,2.61,5.26,small-vehicle,No,1.7
50972,558,124.4,1814.746775,162.79,-2,1.1105,-0.41,2.61,5.23,small-vehicle,No,1.8
50973,558,124.5,1814.857825,162.79,-2,1.0695,0.0,2.62,5.19,small-vehicle,No,1.9
50974,558,124.6,1814.964775,162.79,-2,1.0695,0.0,2.62,5.16,small-vehicle,No,2.0
