,ID,time,xloc,yloc,lane,speed,acceleration,length-smoothed,width-smoothed,type-most-common,ACC,old_xloc,old_yloc,adjusted_time
51365,586,79.8,30.00195000000008,1.4318461538461236,-2,6.93125,-0.0525,2.4,2.4,small-vehicle,No,1600.00195,158.4,4.3
51366,586,79.9,30.695075000000088,1.4518461538461054,-2,6.926,-0.0525,2.4,2.4,small-vehicle,No,1600.695075,158.42,4.4
51367,586,80.0,31.387674999999945,1.4618461538461247,-2,6.92075,-0.005,2.4,2.4,small-vehicle,No,1601.387675,158.43,4.5
