,ID,time,xloc,yloc,lane,speed,acceleration,length-smoothed,width-smoothed,type-most-common,ACC,adjusted_time
53421,732,206.7,1800.986975,162.22,-2,11.0575,0.31,2.78,4.7,small-vehicle,No,1.0
53422,732,206.8,1802.092725,162.24,-2,11.0885,0.4125,2.79,4.77,small-vehicle,No,1.1
53423,732,206.9,1803.201575,162.27,-2,11.12975,0.3625,2.79,4.84,small-vehicle,No,1.2
53424,732,207.0,1804.31455,162.29,-2,11.166,0.36,2.8,4.91,small-vehicle,No,1.3
53425,732,207.1,1805.43115,162.32,-2,11.202,0.4075,2.8,4.97,small-vehicle,No,1.4
53426,732,207.2,1806.55135,162.34,-2,11.24275,0.355,2.81,5.03,small-vehicle,No,1.5
53427,732,207.3,1807.675625,162.36,-2,11.27825,0.3025,2.81,5.09,small-vehicle,No,1.6
53428,732,207.4,1808.80345,162.39,-2,11.3085,0.25,2.82,5.14,small-vehicle,No,1.7
53429,732,207.5,1809.9343,162.41,-2,11.3335,0.195,2.82,5.2,small-vehicle,No,1.8
