,ID,time,xloc,yloc,lane,speed,acceleration,length-smoothed,width-smoothed,type-most-common,ACC,adjusted_time
62243,942,217.4,1801.075475,162.42,-2,12.8745,-0.0575,2.68,4.67,small-vehicle,No,0.9
62244,942,217.5,1802.362925,162.44,-2,12.86875,-0.0575,2.68,4.72,small-vehicle,No,1.0
62245,942,217.6,1803.6498,162.46,-2,12.863,-0.0575,2.68,4.78,small-vehicle,No,1.1
62246,942,217.7,1804.9361,162.47,-2,12.85725,-0.1075,2.69,4.83,small-vehicle,No,1.2
62247,942,217.8,1806.221825,162.49,-2,12.8465,-0.1075,2.69,4.88,small-vehicle,No,1.3
62248,942,217.9,1807.506475,162.5,-2,12.83575,-0.1075,2.69,4.93,small-vehicle,No,1.4
62249,942,218.0,1808.79005,162.52,-2,12.825,-0.11,2.7,4.98,small-vehicle,No,1.5
