,ID,time,xloc,yloc,lane,speed,acceleration,length-smoothed,width-smoothed,type-most-common,ACC,adjusted_time
62250,942,218.1,1810.07255,162.53,-2,12.814,-0.1575,2.7,5.02,small-vehicle,No,0.8
62251,942,218.2,1811.35395,162.54,-2,12.79825,-0.2075,2.7,5.07,small-vehicle,No,0.9
62252,942,218.3,1812.633775,162.55,-2,12.7775,-0.2125,2.71,5.11,small-vehicle,No,1.0
62253,942,218.4,1813.911525,162.56,-2,12.75625,-0.2625,2.71,5.15,small-vehicle,No,1.1
62254,942,218.5,1815.18715,162.57,-2,12.73,-0.31,2.71,5.18,small-vehicle,No,1.2
62255,942,218.6,1816.46015,162.58,-2,12.699,-0.31,2.72,5.22,small-vehicle,No,1.3
62256,942,218.7,1817.73005,162.59,-2,12.668,-0.31,2.72,5.25,small-vehicle,No,1.4
62257,942,218.8,1818.99685,162.6,-2,12.637,-0.2575,2.72,5.29,small-vehicle,No,1.5
