,ID,time,xloc,yloc,lane,speed,acceleration,length-smoothed,width-smoothed,type-most-common,ACC,adjusted_time
65321,972,226.7,1810.94275,162.32,-2,11.66125,-0.2625,2.57,4.4,small-vehicle,No,1.0
65322,972,226.8,1812.108875,162.32,-2,11.635,-0.26,2.57,4.42,small-vehicle,No,1.1
65323,972,226.9,1813.272375,162.33,-2,11.609,-0.3125,2.58,4.45,small-vehicle,No,1.2
65324,972,227.0,1814.433275,162.33,-2,11.57775,-0.3625,2.58,4.47,small-vehicle,No,1.3
65325,972,227.1,1815.59105,162.34,-2,11.5415,-0.3575,2.58,4.49,small-vehicle,No,1.4
65326,972,227.2,1816.7452,162.34,-2,11.50575,-0.3075,2.59,4.51,small-vehicle,No,1.5
65327,972,227.3,1817.895775,162.34,-2,11.475,-0.3075,2.59,4.53,small-vehicle,No,1.6
65328,972,227.4,1819.043275,162.34,-2,11.44425,-0.3075,2.59,4.55,small-vehicle,No,1.7
68844,1046,230.7,1810.85825,162.17,-2,11.6775,-0.2075,2.73,5.12,small-vehicle,No,5.0
