lane,time,xloc,yloc,maneuver,muX,muY,sigX,sigY,line_integral_values
-2,0.0,0.8396250000000691,0.0,1,-0.627296,171.32565,0.5450147,0.06014365,0.0
-2,0.0,1.7444749999999658,0.009999999999990905,1,-0.627296,171.32565,0.5450147,0.06014365,0.0
