lane,time,xloc,yloc,maneuver,muX,muY,sigX,sigY,line_integral_values
2,0.2,1.1561979999999892,1.534587000000002,6,0.04729214,2.5793092,4.0790944,1.0990925,0.02745733208336058
2,0.2,1.7350779999999872,2.293545999999999,6,0.04729214,2.5793092,4.0790944,1.0990925,0.02745733208336058
