lane,time,xloc,yloc,maneuver,muX,muY,sigX,sigY,line_integral_values
-2,0.0,0.8396250000000691,162.41,1,-1.4332846,176.66298,0.50102353,0.031613376,0.0
-2,0.0,1.7444749999999658,162.42,1,-1.4332846,176.66298,0.50102353,0.031613376,0.0
