lane,time,xloc,yloc,maneuver,muX,muY,sigX,sigY,line_integral_values
-2,1.6,126.9206999999999,-1.1899999999999977,1,127.51635,-0.22266558,0.13370205,0.86785835,0.09366848700346524
-2,1.6,127.82212499999991,-1.2199999999999989,1,127.51635,-0.22266558,0.13370205,0.86785835,0.09366848700346524
