lane,time,xloc,yloc,maneuver,muX,muY,sigX,sigY,line_integral_values
-2,0.0,30.83962500000007,162.41,1,-0.50667715,-139.22755,0.75291085,-0.04678889,0.0
-2,0.0,31.744474999999966,162.42,1,-0.50667715,-139.22755,0.75291085,-0.04678889,0.0
