ID,lane,time,xloc,yloc,maneuver,muX,muY,sigX,sigY,line_integral_values
0,-2,0.0,"[30.001600000000053, 30.372325000000046]","[0.47999999999998977, 0.4899999999999807]",6,29.580055,-1.0299165,0.09186493,0.29883543,0.0006607004204017616
