lane,time,xloc,yloc,maneuver,muX,muY,sigX,sigY,line_integral_values
-2,0.0,54.83425000000011,-115.69999999999999,4,7.489374,0.07016199,5.230369,19.221155,2.7910964100600722e-21
-2,0.0,55.693250000000035,-115.69,4,7.489374,0.07016199,5.230369,19.221155,2.7910964100600722e-21
