ID,lane,time,xloc,yloc,maneuver,line_integral_values
0,-2,0.1,"[30.372325000000046, 30.7326250000001]","[0.4899999999999807, 0.4899999999999807]",6,0.01150564401417809
