lane,time,xloc,yloc,maneuver,muX,muY,sigX,sigY,line_integral_values
2,0.0,0.0,0.0,2,0.014115848,7.5331326,12.321226,4.411787,0.0007894491739288104
2,0.0,0.6014839999999992,0.7711950000000058,2,0.014115848,7.5331326,12.321226,4.411787,0.0007894491739288104
