ID,lane,time,xloc,yloc,maneuver,muX,muY,sigX,sigY,line_integral_values
0,-2,0.7,"[36.51282500000002, 37.42347500000005]","[0.44999999999998863, 0.46999999999999886]",6,36.88798,-0.31601727,0.08139795,0.23167677,0.12151576963692216
