ID,lane,time,xloc,yloc,maneuver,muX,muY,sigX,sigY,line_integral_values
0,-2,0.7,"[30.12782500000003, 31.03992500000004, 31.9525000000001, 32.86500000000001, 33.777424999999994, 34.689800000000105, 35.60159999999996, 36.51282500000002, 37.42347500000005, 38.33304999999996, 39.24154999999996, 40.148975000000064, 41.05537499999991, 41.961250000000064, 42.86660000000006, 43.77144999999996, 44.67630000000008, 45.580650000000105, 46.484500000000025, 47.388374999999996, 48.29227500000002, 49.19617500000004, 50.10007500000006, 51.00347499999998, 51.906375000000025, 52.80927500000007, 53.71164999999996, 54.61349999999993, 55.514850000000024, 56.415700000000015, 57.31602500000008, 58.215824999999995, 59.115125000000035, 60.01392499999997, 60.912225000000035, 61.809999999999945, 62.70724999999993, 63.60402500000009, 64.50082500000008, 65.39712499999996, 66.29292499999997, 67.18875000000003, 68.08459999999991, 68.98047500000007]","[0.3299999999999841, 0.339999999999975, 0.3599999999999852, 0.37999999999999545, 0.39999999999997726, 0.4199999999999875, 0.4399999999999977, 0.44999999999998863, 0.46999999999999886, 0.4899999999999807, 0.5099999999999909, 0.5199999999999818, 0.539999999999992, 0.5600000000000023, 0.5799999999999841, 0.589999999999975, 0.6099999999999852, 0.6199999999999761, 0.6399999999999864, 0.6599999999999966, 0.6699999999999875, 0.6899999999999977, 0.6999999999999886, 0.7099999999999795, 0.7299999999999898, 0.7399999999999807, 0.75, 0.7599999999999909, 0.7699999999999818, 0.7800000000000011, 0.789999999999992, 0.799999999999983, 0.8100000000000023, 0.8100000000000023, 0.8199999999999932, 0.8299999999999841, 0.839999999999975, 0.839999999999975, 0.8499999999999943, 0.8599999999999852, 0.8599999999999852, 0.8699999999999761, 0.8799999999999955, 0.8799999999999955]",6,37.019966,-0.3640651,0.08727332,0.2382776,0.10122544335212422
