lane,time,xloc,yloc,maneuver,muX,muY,sigX,sigY,line_integral_values
-2,0.0,54.83425000000011,-115.69999999999999,1,-0.0074691772,-0.007639542,5.729151,54.331974,1.784113082432421e-06
-2,0.0,55.693250000000035,-115.69,1,-0.0074691772,-0.007639542,5.729151,54.331974,1.784113082432421e-06
