lane,time,xloc,yloc,maneuver,muX,muY,sigX,sigY,line_integral_values
-2,0.0,54.83425000000011,-115.69999999999999,4,6.055455,-0.03040748,5.9332037,27.691349,1.6355453292074748e-11
-2,0.0,55.693250000000035,-115.69,4,6.055455,-0.03040748,5.9332037,27.691349,1.6355453292074748e-11
