lane,time,xloc,yloc,maneuver,muX,muY,sigX,sigY,line_integral_values
2,0.0,195.67224,68.516756,1,-0.026610479,6.8312225,18.06439,5.219957,1.1683775189152893e-59
2,0.0,196.207029,69.216748,1,-0.026610479,6.8312225,18.06439,5.219957,1.1683775189152893e-59
