lane,time,xloc,yloc,maneuver,muX,muY,sigX,sigY,line_integral_values
-2,0.0,54.83425000000011,-115.69999999999999,4,8.945732,-0.096180685,3.825041,14.259027,1.472616981672275e-34
-2,0.0,55.693250000000035,-115.69,4,8.945732,-0.096180685,3.825041,14.259027,1.472616981672275e-34
