lane,time,xloc,yloc,maneuver,muX,muY,sigX,sigY,line_integral_values
-2,0.1,0.9413250000000062,0.009999999999990905,3,0.31489778,0.6833904,2.99609,1.5243696,0.029453744928719716
-2,0.1,1.8826249999999618,0.009999999999990905,3,0.31489778,0.6833904,2.99609,1.5243696,0.029453744928719716
