ID,lane,time,xloc,yloc,maneuver,muX,muY,sigX,sigY,line_integral_values
0,-2,0.5,34.689800000000105,0.4199999999999875,3,35.390476,-0.71692526,0.082948774,0.24945922,0.01693214322213066
0,-2,0.5,35.60159999999996,0.4399999999999977,3,35.390476,-0.71692526,0.082948774,0.24945922,0.01693214322213066
