ID,lane,time,xloc,yloc,maneuver,muX,muY,sigX,sigY,line_integral_values
0,-2,0.5,34.689800000000105,0.4199999999999875,3,35.594563,-0.7475256,0.08106043,0.24722286,0.010309595372233067
0,-2,0.5,35.60159999999996,0.4399999999999977,3,35.594563,-0.7475256,0.08106043,0.24722286,0.010309595372233067
