lane,time,xloc,yloc,maneuver,muX,muY,sigX,sigY,line_integral_values
-2,0.0,185.57494999999994,-3.0200000000000102,1,-0.17355841,2.6409206,12.095522,4.5731487,6.103801901342982e-55
-2,0.0,186.06365000000005,-3.069999999999993,1,-0.17355841,2.6409206,12.095522,4.5731487,6.103801901342982e-55
