lane,time,xloc,yloc,maneuver,muX,muY,sigX,sigY,line_integral_values
2,0.0,0.0,0.0,2,0.016472198,6.397086,15.597358,4.7971616,0.00096135297932956
2,0.0,0.5347890000000177,0.6999919999999946,2,0.016472198,6.397086,15.597358,4.7971616,0.00096135297932956
