lane,time,xloc,yloc,maneuver,muX,muY,sigX,sigY,line_integral_values
2,0.0,0.0,0.0,2,0.022678472,5.6990623,18.006144,5.1118217,0.0010073147513472386
2,0.0,0.6014839999999992,0.7711950000000058,2,0.022678472,5.6990623,18.006144,5.1118217,0.0010073147513472386
