lane,time,xloc,yloc,maneuver,muX,muY,sigX,sigY,line_integral_values
2,0.1,0.5347890000000177,0.6999919999999946,6,0.015641727,3.7014961,8.012327,1.9263048,0.003989329809871319
2,0.1,1.063553000000013,1.3946190000000058,6,0.015641727,3.7014961,8.012327,1.9263048,0.003989329809871319
