lane,time,xloc,yloc,maneuver,muX,muY,sigX,sigY,line_integral_values
-2,1.9000000000000001,71.37924999999996,0.28000000000000114,4,71.33964,0.44833353,0.09564718,1.1462799,0.014705611048605394
-2,1.9000000000000001,72.25042499999995,0.28000000000000114,4,71.33964,0.44833353,0.09564718,1.1462799,0.014705611048605394
