lane,time,xloc,yloc,maneuver,muX,muY,sigX,sigY,line_integral_values
2,0.0,195.67224,68.516756,1,-0.0007297322,2.394145,30.113102,5.645931,5.262191382936396e-43
2,0.0,196.207029,69.216748,1,-0.0007297322,2.394145,30.113102,5.645931,5.262191382936396e-43
