ID,lane,time,xloc,yloc,maneuver,muX,muY,sigX,sigY,line_integral_values
7009,2,164.2,"(195.67224, 196.207029)","(68.516756, 69.216748)",1,0.044425666,4.2076144,23.624367,5.71599,1.0012771210277678e-05
7009,2,164.2,"(195.67224, 196.207029)","(68.516756, 69.216748)",2,0.011886574,4.3783846,11.563167,4.238926,1.0015606121063093e-05
7009,2,164.2,"(195.67224, 196.207029)","(68.516756, 69.216748)",3,0.059201594,4.1601195,9.6026535,2.9490993,1.001891092704961e-05
7009,2,164.2,"(195.67224, 196.207029)","(68.516756, 69.216748)",4,0.041756846,4.172389,24.062716,5.0786867,1.00310157144934e-05
7009,2,164.2,"(195.67224, 196.207029)","(68.516756, 69.216748)",5,0.0040036812,4.2912855,11.884415,3.7457547,1.001263904699702e-05
7009,2,164.2,"(195.67224, 196.207029)","(68.516756, 69.216748)",6,0.06197416,2.8430128,8.83928,2.5390608,1.002109156570748e-05
