lane,time,xloc,yloc,maneuver,muX,muY,sigX,sigY,line_integral_values
-2,0.0,54.83425000000011,-115.69999999999999,1,0.13035488,-0.0047466084,5.6459174,42.858963,2.624736120454668e-07
-2,0.0,55.693250000000035,-115.69,1,0.13035488,-0.0047466084,5.6459174,42.858963,2.624736120454668e-07
