lane,time,xloc,yloc,maneuver,muX,muY,sigX,sigY,line_integral_values
-2,0.0,185.57494999999994,-3.0200000000000102,4,0.01212506,4.0065184,34.86084,5.907807,2.57026657898817e-10
-2,0.0,186.06365000000005,-3.069999999999993,4,0.01212506,4.0065184,34.86084,5.907807,2.57026657898817e-10
