lane,time,xloc,yloc,maneuver,muX,muY,sigX,sigY,line_integral_values
-2,1.8,70.50804999999991,0.47999999999998977,4,70.75212,-0.37514052,0.14290053,1.5859418,0.05410410752909051
-2,1.8,71.37924999999996,0.47999999999998977,4,70.75212,-0.37514052,0.14290053,1.5859418,0.05410410752909051
