lane,time,xloc,yloc,maneuver,muX,muY,sigX,sigY,line_integral_values
-2,0.0,30.83962500000007,-115.47999999999999,1,0.46589464,120.26536,0.31085962,0.03449443,0.0
-2,0.0,31.744474999999966,-115.47,1,0.46589464,120.26536,0.31085962,0.03449443,0.0
