lane,time,xloc,yloc,maneuver,muX,muY,sigX,sigY,line_integral_values
-2,0.0,0.4909749999999349,8.440000000000026,1,-0.8350501,155.77791,0.6719338,0.06281173,0.0
-2,0.0,1.432299999999941,8.450000000000017,1,-0.8350501,155.77791,0.6719338,0.06281173,0.0
