lane,time,xloc,yloc,maneuver,muX,muY,sigX,sigY,line_integral_values
-2,1.2,41.05537499999991,0.539999999999992,1,41.009686,-0.71679986,0.15328449,1.1056786,0.04195105657872205
-2,1.2,41.961250000000064,0.5600000000000023,1,41.009686,-0.71679986,0.15328449,1.1056786,0.04195105657872205
