lane,time,xloc,yloc,maneuver,muX,muY,sigX,sigY,line_integral_values
-2,1.9,47.388374999999996,0.6599999999999966,1,47.76636,-0.41459247,0.08440711,0.87486047,0.01741795000076611
-2,1.9,48.29227500000002,0.6699999999999875,1,47.76636,-0.41459247,0.08440711,0.87486047,0.01741795000076611
