lane,time,xloc,yloc,maneuver,muX,muY,sigX,sigY,line_integral_values
-2,0.1,0.9413250000000062,0.009999999999990905,3,-0.051802926,1.6996644,4.937408,1.6610552,0.01105503504766401
-2,0.1,1.8826249999999618,0.009999999999990905,3,-0.051802926,1.6996644,4.937408,1.6610552,0.01105503504766401
