ID,lane,time,xlist,ylist,maneuver,muX,muY,sigX,sigY,line_integral_values
0,-2,0.5,"[30.127825 31.039925 31.9525   32.865    33.777425 34.6898   35.6016
 36.512825 37.423475 38.33305  39.24155  40.148975 41.055375 41.96125
 42.8666   43.77145  44.6763   45.58065  46.4845   47.388375 48.292275
 49.196175 50.100075 51.003475 51.906375 52.809275 53.71165  54.6135
 55.51485  56.4157   57.316025 58.215825 59.115125 60.013925 60.912225
 61.81     62.70725  63.604025 64.500825 65.397125 66.292925 67.18875
 68.0846   68.980475]","[0.33 0.34 0.36 0.38 0.4  0.42 0.44 0.45 0.47 0.49 0.51 0.52 0.54 0.56
 0.58 0.59 0.61 0.62 0.64 0.66 0.67 0.69 0.7  0.71 0.73 0.74 0.75 0.76
 0.77 0.78 0.79 0.8  0.81 0.81 0.82 0.83 0.84 0.84 0.85 0.86 0.86 0.87
 0.88 0.88]",3,35.477272,-0.7719288,0.08148161,0.24790727,0.010605120502952127
