lane,time,xloc,yloc,maneuver,muX,muY,sigX,sigY,line_integral_values
-2,0.0,185.57494999999994,-3.0200000000000102,4,0.003911294,2.4312463,33.7841,5.7698493,1.4046320734493912e-10
-2,0.0,186.06365000000005,-3.069999999999993,4,0.003911294,2.4312463,33.7841,5.7698493,1.4046320734493912e-10
