lane,time,xloc,yloc,maneuver,muX,muY,sigX,sigY,line_integral_values
2,0.0,195.67224,68.516756,1,0.05539196,-0.10416889,8.8719,2.634509,1.0607525828086454e-256
2,0.0,196.207029,69.216748,1,0.05539196,-0.10416889,8.8719,2.634509,1.0607525828086454e-256
