lane,time,xloc,yloc,maneuver,muX,muY,sigX,sigY,line_integral_values
-2,1.0,63.524599999999964,0.45999999999997954,1,64.675285,0.102110036,0.27536222,1.3087859,0.14506717218484652
-2,1.0,64.39944999999989,0.45999999999997954,1,64.675285,0.102110036,0.27536222,1.3087859,0.14506717218484652
