ID,lane,time,xloc,yloc,maneuver,muX,muY,sigX,sigY,line_integral_values
7009,2,164.2,"(195.67224, 196.207029)","(68.516756, 69.216748)",1,0.21943364,9.450943,4.6025076,1.9359807,0.0
7009,2,164.2,"(195.67224, 196.207029)","(68.516756, 69.216748)",2,0.07188622,9.803181,3.0973287,1.6963457,0.0
7009,2,164.2,"(195.67224, 196.207029)","(68.516756, 69.216748)",3,0.43623984,9.832663,2.8878903,1.4470999,0.0
7009,2,164.2,"(195.67224, 196.207029)","(68.516756, 69.216748)",4,0.21692947,9.313061,4.1553345,1.3269238,0.0
7009,2,164.2,"(195.67224, 196.207029)","(68.516756, 69.216748)",5,0.08277468,9.968573,3.0415537,1.5772854,0.0
7009,2,164.2,"(195.67224, 196.207029)","(68.516756, 69.216748)",6,0.39905152,7.190481,2.872061,1.2390578,0.0
