lane,time,xloc,yloc,maneuver,muX,muY,sigX,sigY,line_integral_values
2,0.0,0.0,0.0,2,0.04954932,5.8043556,12.966986,5.056558,0.0013667614696829403
2,0.0,0.6014839999999992,0.7711950000000058,2,0.04954932,5.8043556,12.966986,5.056558,0.0013667614696829403
