lane,time,xloc,yloc,maneuver,muX,muY,sigX,sigY,line_integral_values
-2,0.0,0.4909749999999349,2.240000000000009,1,-4.1135354,163.32224,0.24213596,0.053043593,0.0
-2,0.0,1.432299999999941,2.25,1,-4.1135354,163.32224,0.24213596,0.053043593,0.0
