lane,time,xloc,yloc,maneuver,muX,muY,sigX,sigY,line_integral_values
-3,0.2,1.6889000000001033,0.01999999999998181,3,0.13340792,0.6187315,2.82723,0.5807155,0.04453622808398923
-3,0.2,2.5310000000001764,0.01999999999998181,3,0.13340792,0.6187315,2.82723,0.5807155,0.04453622808398923
