lane,time,xloc,yloc,maneuver,muX,muY,sigX,sigY,line_integral_values
-2,1.1,64.39944999999989,0.45999999999997954,1,64.805374,-0.18979031,0.27034828,2.1014447,0.11614358348204441
-2,1.1,65.27367499999991,0.46999999999999886,1,64.805374,-0.18979031,0.27034828,2.1014447,0.11614358348204441
