lane,time,xloc,yloc,maneuver,muX,muY,sigX,sigY,line_integral_values
-2,0.0,24.83425000000011,-0.21999999999999886,3,0.010036051,2.6294527,27.724537,4.3189416,0.000706672504623546
-2,0.0,25.693250000000035,-0.21000000000000796,3,0.010036051,2.6294527,27.724537,4.3189416,0.000706672504623546
