ID,lane,time,xloc,yloc,maneuver,muX,muY,sigX,sigY,line_integral_values
7009,2,164.2,"(0, 20)","(0, 20)",1,-0.21951964,6.3057733,2.4047596,0.88693404,0.00030458128150979806
7009,2,164.2,"(0, 20)","(0, 20)",2,-0.834463,7.2198095,1.6799259,0.9990511,2.0964335189251e-06
7009,2,164.2,"(0, 20)","(0, 20)",3,-0.07868446,2.9471517,1.8282002,1.2780772,0.0034528591247521704
7009,2,164.2,"(0, 20)","(0, 20)",4,-0.20481062,6.044313,2.464656,0.87910914,0.0004402454016130744
7009,2,164.2,"(0, 20)","(0, 20)",5,-0.83217895,7.3053994,1.6885066,0.9245231,1.36508549974542e-06
7009,2,164.2,"(0, 20)","(0, 20)",6,-0.0711287,3.717979,1.8884999,1.1841544,0.0021013196624609493
