lane,time,xloc,yloc,maneuver,muX,muY,sigX,sigY,line_integral_values
-2,0.0,0.0,0.0,2,0.02924744,8.177453,14.514982,4.218487,0.00039773351977649907
-2,0.0,0.9413250000000062,0.009999999999990905,2,0.02924744,8.177453,14.514982,4.218487,0.00039773351977649907
