lane,time,xloc,yloc,maneuver,muX,muY,sigX,sigY,line_integral_values
-2,2.4,134.02064999999993,-1.4399999999999977,4,134.01463,0.06819385,0.08340735,0.990938,0.005629706080974729
-2,2.4,134.89139999999998,-1.4800000000000182,4,134.01463,0.06819385,0.08340735,0.990938,0.005629706080974729
