lane,time,xloc,yloc,maneuver,muX,muY,sigX,sigY,line_integral_values
-2,0.1,31.03992500000004,0.339999999999975,6,31.76862,0.5905577,0.26609355,0.70400465,0.22831266471957642
-2,0.1,31.9525000000001,0.3599999999999852,6,31.76862,0.5905577,0.26609355,0.70400465,0.22831266471957642
