lane,time,xloc,yloc,maneuver,muX,muY,sigX,sigY,line_integral_values
-2,0.0,0.4909749999999349,2.240000000000009,1,-0.30641446,242.3506,0.57648176,0.05506307,0.0
-2,0.0,1.432299999999941,2.25,1,-0.30641446,242.3506,0.57648176,0.05506307,0.0
