lane,time,xloc,yloc,maneuver,muX,muY,sigX,sigY,line_integral_values
-2,0.9,120.50285000000008,-0.9699999999999989,2,120.91978,-0.78870815,0.1611708,0.5333989,0.32635760207285186
-2,0.9,121.43077500000004,-1.0,2,120.91978,-0.78870815,0.1611708,0.5333989,0.32635760207285186
