Vehicle_ID,ID,time,xloc,yloc,line_integral_values,maneuver
77,77,"[2.2 2.3 2.4 2.5 2.6 2.7 2.8 2.9 3.  3.1 3.2 3.3 3.4 3.5 3.6 3.7 3.8 3.9
 4.  4.1 4.2 4.3 4.4 4.5 4.6 4.7 4.8 4.9 5. ]","[1085.28095  1085.964075 1086.64785  1087.333275 1088.02035  1088.708575
 1089.398425 1090.0904   1090.7845   1091.480725 1092.179575 1092.88155
 1093.58665  1094.294875 1095.00675  1095.72275  1096.442875 1097.16765
 1097.897575 1098.632625 1099.3728   1100.1186   1100.870025 1101.627075
 1102.3897   1103.1579   1103.932175 1104.712025 1105.49745 ]","[159.25 159.27 159.29 159.31 159.33 159.36 159.38 159.4  159.42 159.44
 159.45 159.47 159.49 159.51 159.53 159.55 159.57 159.59 159.61 159.63
 159.65 159.67 159.68 159.7  159.72 159.74 159.76 159.78 159.81]",0.5712440258986275,6
