Vehicle_ID,ID,time,xloc,yloc,line_integral_values,maneuver
82,82,"[3.1 3.2 3.3 3.4 3.5 3.6 3.7 3.8 3.9 4.  4.1 4.2 4.3 4.4 4.5 4.6 4.7 4.8
 4.9]","[1600.677125 1601.413025 1602.129325 1602.826575 1603.5048   1604.164525
 1604.805775 1605.428525 1606.0333   1606.6201   1607.188925 1607.7398
 1608.2732   1608.78915  1609.288175 1609.770775 1610.236975 1610.6878
 1611.123775]","[158.35 158.36 158.38 158.39 158.4  158.41 158.42 158.43 158.44 158.45
 158.46 158.47 158.48 158.48 158.49 158.5  158.5  158.51 158.52]",0.0,6
