Vehicle_ID,ID,time,xloc,yloc,old_xloc,old_yloc,line_integral_values,maneuver
2449,1008,"[239.9 240.  240.1 240.2 240.3 240.4 240.5 240.6 240.7 240.8 240.9 241.
 241.1 241.2 241.3 241.4]","[1615.609525 1616.462725 1617.32735  1618.2029   1619.08885  1619.9852
 1620.89195  1621.8081   1622.73365  1623.6686   1624.612425 1625.5646
 1626.524125 1627.491    1628.4647   1629.4442  ]","[156.45 156.55 156.66 156.76 156.86 156.96 157.06 157.16 157.25 157.35
 157.44 157.53 157.62 157.7  157.79 157.87]","[1615.609525 1616.462725 1617.32735  1618.2029   1619.08885  1619.9852
 1620.89195  1621.8081   1622.73365  1623.6686   1624.612425 1625.5646
 1626.524125 1627.491    1628.4647   1629.4442  ]","[156.45 156.55 156.66 156.76 156.86 156.96 157.06 157.16 157.25 157.35
 157.44 157.53 157.62 157.7  157.79 157.87]",0.0,6
