Vehicle_ID,ID,time,xloc,yloc,line_integral_values,maneuver
392,618,"[0.8 0.9 1.  1.1 1.2 1.3 1.4 1.5 1.6 1.7 1.8 1.9 2.  2.1 2.2 2.3 2.4 2.5
 2.6 2.7 2.8 2.9 3.  3.1 3.2 3.3 3.4 3.5 3.6 3.7 3.8 3.9]","[1800.0016   1800.372325 1800.732625 1801.0825   1801.4219   1801.750825
 1802.068775 1802.37575  1802.67175  1802.9578   1803.2355   1803.507475
 1803.776875 1804.0463   1804.31835  1804.5951   1804.87805  1805.168175
 1805.465925 1805.771725 1806.084975 1806.4046   1806.7305   1807.061575
 1807.396775 1807.73555  1808.07735  1808.42165  1808.767925 1809.1167
 1809.4685   1809.823825]","[162.28 162.29 162.29 162.3  162.31 162.31 162.31 162.32 162.32 162.33
 162.33 162.33 162.33 162.34 162.34 162.34 162.34 162.35 162.35 162.35
 162.36 162.36 162.36 162.37 162.37 162.37 162.38 162.38 162.39 162.39
 162.39 162.4 ]",0.01222678872925515,6
