Vehicle_ID,ID,time,xloc,yloc,line_integral_values,maneuver
94,85,[4.1 4.2 4.3 4.4 4.5 4.6 4.7 4.8 4.9 5. ],"[1817.035675 1817.76995  1818.48005  1819.1619   1819.810875 1820.423425
 1820.9976   1821.531975 1822.0267   1822.48405 ]",[162.25 162.26 162.26 162.27 162.28 162.28 162.29 162.29 162.3  162.3 ],0.02921341611001126,6
