Vehicle_ID,ID,time,xloc,yloc,line_integral_values,maneuver
2040,2104,[3.2 3.3 3.4 3.5 3.6 3.7 3.8 3.9 4.  4.1],"[1810.450825 1811.507075 1812.5583   1813.604475 1814.6456   1815.6812
 1816.711275 1817.7358   1818.754775 1819.7682  ]",[162.27 162.28 162.3  162.31 162.32 162.34 162.35 162.36 162.38 162.39],0.10891720583471495,6
