Vehicle_ID,ID,time,xloc,yloc,line_integral_values,maneuver
2247,2509,"[0.  0.1 0.2 0.3 0.4 0.5 0.6 0.7 0.8 0.9 1.  1.1 1.2 1.3 1.4 1.5 1.6 1.7
 1.8 1.9 2.  2.1 2.2 2.3 2.4 2.5 2.6 2.7 2.8 2.9 3.  3.1 3.2 3.3 3.4 3.5
 3.6 3.7 3.8 3.9 4.  4.1 4.2 4.3 4.4 4.5 4.6 4.7 4.8 4.9 5. ]","[1587.118325 1587.950925 1588.7906   1589.63785  1590.492675 1591.35505
 1592.225475 1593.10345  1593.98895  1594.881975 1595.78255  1596.691175
 1597.607325 1598.531    1599.4627   1600.402425 1601.349675 1602.304425
 1603.267175 1604.23745  1605.21525  1606.20105  1607.194325 1608.194575
 1609.201825 1610.21605  1611.237225 1612.26535  1613.299925 1614.34045
 1615.3869   1616.439275 1617.497075 1618.559775 1619.627375 1620.699375
 1621.7758   1622.85665  1623.9419   1625.031575 1626.125175 1627.222175
 1628.3226   1629.42695  1630.534725 1631.645425 1632.759025 1633.875525
 1634.99445  1636.1158   1637.239575]","[157.98 158.   158.01 158.03 158.04 158.05 158.07 158.08 158.09 158.1
 158.11 158.13 158.14 158.15 158.16 158.17 158.19 158.2  158.21 158.22
 158.24 158.25 158.26 158.28 158.29 158.31 158.32 158.34 158.36 158.38
 158.39 158.41 158.43 158.45 158.47 158.49 158.51 158.53 158.55 158.57
 158.59 158.62 158.64 158.66 158.69 158.71 158.74 158.77 158.79 158.82
 158.85]",9.366863448698162,6
