Vehicle_ID,ID,time,xloc,yloc,line_integral_values,maneuver
558,586,"[0.  0.1 0.2 0.3 0.4 0.5 0.6 0.7 0.8 0.9 1.  1.1 1.2 1.3 1.4 1.5 1.6 1.7
 1.8]","[1815.56595  1815.809375 1816.0527   1816.298025 1816.547425 1816.804
 1817.0698   1817.34525  1817.62975  1817.92165  1818.2188   1818.51905
 1818.820225 1819.120725 1819.41795  1819.7093   1819.99375  1820.2708
 1820.54415 ]","[162.48 162.48 162.47 162.47 162.47 162.47 162.48 162.48 162.48 162.48
 162.48 162.48 162.48 162.48 162.48 162.49 162.49 162.49 162.49]",0.050021603667517955,6
