Vehicle_ID,ID,time,xloc,yloc,line_integral_values,maneuver
2170,2170,"[0.7 0.8 0.9 1.  1.1 1.2 1.3 1.4 1.5 1.6 1.7 1.8 1.9 2.  2.1 2.2 2.3 2.4
 2.5 2.6 2.7 2.8 2.9 3.  3.1 3.2 3.3 3.4 3.5 3.6 3.7 3.8 3.9 4.  4.1 4.2
 4.3 4.4 4.5 4.6 4.7 4.8 4.9 5. ]","[1805.777725 1806.706675 1807.628625 1808.543575 1809.451525 1810.353
 1811.24855  1812.1387   1813.02395  1813.9043   1814.780275 1815.652375
 1816.5211   1817.386975 1818.250525 1819.11175  1819.970625 1820.82815
 1821.684325 1822.53915  1823.3931   1824.246175 1825.098375 1825.949675
 1826.800575 1827.651075 1828.50065  1829.349275 1830.197475 1831.04525
 1831.892575 1832.73945  1833.5859   1834.432425 1835.279    1836.125625
 1836.9723   1837.819525 1838.667325 1839.5157   1840.365125 1841.215625
 1842.0672   1842.919825]","[162.41 162.42 162.43 162.45 162.46 162.47 162.48 162.49 162.5  162.51
 162.52 162.53 162.54 162.54 162.55 162.56 162.57 162.58 162.58 162.59
 162.6  162.6  162.61 162.62 162.62 162.63 162.63 162.64 162.65 162.65
 162.66 162.66 162.67 162.67 162.67 162.68 162.68 162.69 162.69 162.69
 162.69 162.7  162.7  162.7 ]",1.4546258262782084,6
