Vehicle_ID,ID,time,xloc,yloc,line_integral_values,maneuver
2090,2090,"[3.2 3.3 3.4 3.5 3.6 3.7 3.8 3.9 4.  4.1 4.2 4.3 4.4 4.5 4.6 4.7 4.8 4.9
 5. ]","[1830.3884   1831.239175 1832.084    1832.923375 1833.7573   1834.585775
 1835.4093   1836.2284   1837.043075 1837.853325 1838.659675 1839.462125
 1840.261175 1841.056825 1841.849075 1842.638925 1843.426375 1844.211425
 1844.994575]","[162.23 162.24 162.25 162.25 162.26 162.26 162.26 162.27 162.27 162.27
 162.28 162.28 162.28 162.29 162.29 162.29 162.3  162.3  162.3 ]",3.2574382351198303,6
