Vehicle_ID,ID,time,xloc,yloc,line_integral_values,maneuver
91,85,"[0.2 0.3 0.4 0.5 0.6 0.7 0.8 0.9 1.  1.1 1.2 1.3 1.4 1.5 1.6 1.7 1.8 1.9
 2.  2.1 2.2 2.3 2.4 2.5 2.6 2.7 2.8 2.9 3.  3.1 3.2 3.3 3.4 3.5 3.6 3.7
 3.8 3.9 4.  4.1 4.2 4.3 4.4 4.5 4.6 4.7 4.8 4.9 5. ]","[1815.50955  1816.280825 1817.035675 1817.76995  1818.48005  1819.1619
 1819.810875 1820.423425 1820.9976   1821.531975 1822.0267   1822.48405
 1822.90785  1823.302425 1823.673125 1824.025775 1824.366675 1824.702125
 1825.03835  1825.381025 1825.733725 1826.0989   1826.4769   1826.867025
 1827.268075 1827.6778   1828.094    1828.515025 1828.9408   1829.3724
 1829.812975 1830.26615  1830.734525 1831.220125 1831.7234   1832.24585
 1832.788975 1833.352725 1833.93755  1834.543875 1835.172175 1835.824025
 1836.502    1837.208125 1837.943375 1838.707175 1839.49735  1840.311125
 1841.143725]","[162.23 162.24 162.25 162.26 162.26 162.27 162.28 162.28 162.29 162.29
 162.3  162.3  162.3  162.31 162.31 162.31 162.32 162.32 162.32 162.32
 162.33 162.33 162.33 162.34 162.34 162.34 162.34 162.34 162.34 162.34
 162.34 162.35 162.35 162.35 162.35 162.35 162.35 162.35 162.35 162.36
 162.36 162.36 162.36 162.37 162.37 162.37 162.37 162.37 162.37]",5.630727346329372,6
