Vehicle_ID,ID,time,xloc,yloc,line_integral_values,maneuver
2017,2017,"[1.5 1.6 1.7 1.8 1.9 2.  2.1 2.2 2.3 2.4 2.5 2.6 2.7 2.8 2.9 3.  3.1 3.2
 3.3 3.4 3.5 3.6 3.7 3.8 3.9 4.  4.1 4.2 4.3 4.4 4.5 4.6 4.7 4.8 4.9 5. ]","[1910.1658   1911.226175 1912.288975 1913.3542   1914.42185  1915.491425
 1916.562925 1917.63585  1918.7102   1919.785975 1920.863175 1921.9418
 1923.02135  1924.1013   1925.181675 1926.262475 1927.343175 1928.423775
 1929.503775 1930.583175 1931.661975 1932.739675 1933.815775 1934.890275
 1935.96315  1937.0334   1938.101025 1939.166025 1940.2274   1941.285125
 1942.339225 1943.3892   1944.435025 1945.476225 1946.5123   1947.543225]","[160.79 160.73 160.67 160.62 160.56 160.5  160.44 160.38 160.31 160.25
 160.18 160.12 160.05 159.98 159.92 159.85 159.78 159.71 159.64 159.57
 159.5  159.42 159.35 159.28 159.2  159.13 159.06 158.98 158.9  158.83
 158.75 158.67 158.59 158.51 158.44 158.36]",0.30064055998707306,6
