Vehicle_ID,ID,time,xloc,yloc,old_xloc,old_yloc,line_integral_values,maneuver
1983,972,"[0.  0.1 0.2 0.3 0.4 0.5 0.6 0.7 0.8 0.9 1.  1.1 1.2 1.3 1.4 1.5 1.6 1.7
 1.8 1.9 2.  2.1 2.2 2.3 2.4 2.5 2.6 2.7 2.8 2.9 3.  3.1]","[44.494675 44.9686   45.4435   45.9194   46.3963   46.8737   47.3516
 47.8305   48.3104   48.7913   49.2732   49.756125 50.240075 50.725025
 51.210975 51.697925 52.1859   52.6749   53.165425 53.657475 54.15105
 54.646675 55.144325 55.6435   56.144725 56.6485   57.154325 57.6627
 58.174125 58.688625 59.206225 59.727425]","[1.40184615 1.41184615 1.42184615 1.43184615 1.44184615 1.45184615
 1.46184615 1.47184615 1.47184615 1.48184615 1.49184615 1.50184615
 1.50184615 1.51184615 1.52184615 1.53184615 1.54184615 1.54184615
 1.55184615 1.56184615 1.57184615 1.58184615 1.59184615 1.60184615
 1.61184615 1.62184615 1.62184615 1.63184615 1.64184615 1.65184615
 1.65184615 1.66184615]","[1614.494675 1614.9686   1615.4435   1615.9194   1616.3963   1616.8737
 1617.3516   1617.8305   1618.3104   1618.7913   1619.2732   1619.756125
 1620.240075 1620.725025 1621.210975 1621.697925 1622.1859   1622.6749
 1623.165425 1623.657475 1624.15105  1624.646675 1625.144325 1625.6435
 1626.144725 1626.6485   1627.154325 1627.6627   1628.174125 1628.688625
 1629.206225 1629.727425]","[158.37 158.38 158.39 158.4  158.41 158.42 158.43 158.44 158.44 158.45
 158.46 158.47 158.47 158.48 158.49 158.5  158.51 158.51 158.52 158.53
 158.54 158.55 158.56 158.57 158.58 158.59 158.59 158.6  158.61 158.62
 158.62 158.63]",1.8100126864399236e-110,6
