Vehicle_ID,ID,time,xloc,yloc,line_integral_values,maneuver
438,488,"[0.  0.1 0.2 0.3 0.4 0.5 0.6 0.7 0.8 0.9 1.  1.1 1.2 1.3 1.4 1.5 1.6 1.7
 1.8 1.9 2.  2.1 2.2 2.3 2.4 2.5 2.6 2.7 2.8 2.9 3.  3.1 3.2 3.3 3.4 3.5
 3.6 3.7 3.8 3.9 4.  4.1 4.2 4.3 4.4 4.5 4.6 4.7 4.8 4.9 5. ]","[1830.344175 1830.93545  1831.49955  1832.0408   1832.563475 1833.07185
 1833.570675 1834.0636   1834.553225 1835.041575 1835.529075 1836.014625
 1836.4971   1836.97535  1837.447225 1837.9106   1838.36385  1838.8054
 1839.233175 1839.645075 1840.039525 1840.414475 1840.76895  1841.103
 1841.417725 1841.71475  1841.99675  1842.268    1842.533275 1842.798325
 1843.069425 1843.352825 1843.655275 1843.984025 1844.344675 1844.7407
 1845.173975 1845.64325  1846.145175 1846.67425  1847.2219   1847.7791
 1848.3374   1848.889475 1849.43015  1849.95695  1850.4706   1850.97445
 1851.4739   1851.974825 1852.483575]","[162.42 162.41 162.4  162.39 162.38 162.37 162.36 162.35 162.34 162.33
 162.32 162.3  162.29 162.28 162.27 162.26 162.24 162.23 162.22 162.21
 162.19 162.18 162.17 162.15 162.14 162.12 162.11 162.1  162.08 162.07
 162.06 162.04 162.03 162.02 162.   161.99 161.98 161.96 161.95 161.93
 161.92 161.91 161.9  161.88 161.87 161.86 161.85 161.84 161.83 161.82
 161.81]",14.676613549556897,6
