Vehicle_ID,ID,time,xloc,yloc,line_integral_values,maneuver
75,66,"[1.6 1.7 1.8 1.9 2.  2.1 2.2 2.3 2.4 2.5 2.6 2.7 2.8 2.9 3.  3.1 3.2 3.3
 3.4 3.5 3.6 3.7 3.8 3.9 4.  4.1 4.2 4.3 4.4 4.5 4.6 4.7 4.8 4.9]","[1600.01535  1600.267    1600.518625 1600.7697   1601.020225 1601.27075
 1601.522325 1601.775475 1602.03125  1602.2902   1602.552825 1602.8191
 1603.089    1603.361975 1603.636975 1603.91395  1604.192375 1604.471775
 1604.75265  1605.035525 1605.32095  1605.60945  1605.90155  1606.19775
 1606.49805  1606.801925 1607.109325 1607.419725 1607.732625 1608.048
 1608.365325 1608.6841   1609.0043   1609.325925]","[157.96 157.96 157.97 157.98 157.99 157.99 158.   158.01 158.02 158.02
 158.03 158.04 158.05 158.06 158.06 158.07 158.08 158.09 158.1  158.11
 158.12 158.13 158.14 158.15 158.16 158.17 158.18 158.19 158.2  158.21
 158.22 158.23 158.24 158.25]",0.0,6
