Vehicle_ID,ID,time,xloc,yloc,line_integral_values,maneuver
69,69,"[3.2 3.3 3.4 3.5 3.6 3.7 3.8 3.9 4.  4.1 4.2 4.3 4.4 4.5 4.6 4.7 4.8 4.9
 5. ]","[1585.12905  1585.435325 1585.73315  1586.022025 1586.30245  1586.57495
 1586.840575 1587.100875 1587.3564   1587.6087   1587.859325 1588.109325
 1588.359675 1588.609825 1588.85975  1589.1094   1589.358225 1589.605675
 1589.8512  ]","[157.58 157.59 157.59 157.6  157.6  157.61 157.61 157.62 157.63 157.63
 157.64 157.65 157.65 157.66 157.66 157.67 157.67 157.68 157.68]",11.367497067276496,6
