Vehicle_ID,ID,time,xloc,yloc,line_integral_values,maneuver
2040,2040,"[2.2 2.3 2.4 2.5 2.6 2.7 2.8 2.9 3.  3.1 3.2 3.3 3.4 3.5 3.6 3.7 3.8 3.9
 4.  4.1 4.2 4.3 4.4 4.5 4.6 4.7 4.8 4.9 5. ]","[1980.5116   1981.17345  1981.8309   1982.48395  1983.1326   1983.77685
 1984.4177   1985.05515  1985.6887   1986.31885  1986.945575 1987.56885
 1988.189175 1988.80605  1989.418975 1990.02845  1990.63445  1991.236975
 1991.836025 1992.4316   1993.0237   1993.612325 1994.197475 1994.77915
 1995.357875 1995.93415  1996.507975 1997.07935  1997.648275]","[155.97 155.9  155.84 155.78 155.71 155.65 155.59 155.53 155.46 155.4
 155.34 155.27 155.21 155.15 155.09 155.02 154.96 154.9  154.84 154.78
 154.72 154.66 154.6  154.54 154.48 154.42 154.36 154.3  154.24]",0.000630384561089532,6
