Vehicle_ID,ID,time,xloc,yloc,line_integral_values,maneuver
103,103,"[2.2 2.3 2.4 2.5 2.6 2.7 2.8 2.9 3.  3.1 3.2 3.3 3.4 3.5 3.6 3.7 3.8 3.9
 4.  4.1 4.2 4.3 4.4 4.5 4.6 4.7 4.8 4.9 5. ]","[1910.0316   1910.713575 1911.39095  1912.064825 1912.73575  1913.40475
 1914.072325 1914.73795  1915.4011   1916.06125  1916.718375 1917.371925
 1918.0214   1918.6663   1919.3061   1919.940275 1920.568825 1921.19175
 1921.80855  1922.41925  1923.023875 1923.622975 1924.2176   1924.8088
 1925.397625 1925.985125 1926.572875 1927.161925 1927.753275]","[161.12 161.08 161.04 161.   160.97 160.93 160.89 160.85 160.81 160.78
 160.74 160.7  160.66 160.62 160.58 160.54 160.49 160.45 160.41 160.37
 160.32 160.28 160.24 160.2  160.15 160.11 160.07 160.02 159.98]",0.6610465148312556,6
