Vehicle_ID,ID,time,xloc,yloc,line_integral_values,maneuver
3050,2390,"[0.9 1.  1.1 1.2 1.3 1.4 1.5 1.6 1.7 1.8 1.9 2.  2.1 2.2 2.3 2.4 2.5 2.6
 2.7 2.8 2.9 3.  3.1 3.2 3.3 3.4 3.5 3.6 3.7 3.8 3.9 4.  4.1 4.2 4.3 4.4
 4.5 4.6 4.7 4.8 4.9 5. ]","[1585.4553   1586.187875 1586.925475 1587.6676   1588.41425  1589.1654
 1589.921075 1590.681275 1591.445975 1592.21515  1592.9883   1593.764925
 1594.545025 1595.3291   1596.116625 1596.907075 1597.70045  1598.496775
 1599.29555  1600.096775 1600.90095  1601.7081   1602.51825  1603.331375
 1604.147475 1604.966575 1605.789175 1606.6153   1607.44445  1608.277075
 1609.113175 1609.951775 1610.79285  1611.636875 1612.483375 1613.33185
 1614.182775 1615.03615  1615.8915   1616.748825 1617.6081   1618.46985 ]","[157.68 157.69 157.7  157.72 157.73 157.74 157.76 157.77 157.79 157.8
 157.81 157.83 157.84 157.86 157.87 157.89 157.9  157.92 157.94 157.95
 157.97 157.98 158.   158.02 158.03 158.05 158.07 158.09 158.1  158.12
 158.14 158.15 158.17 158.18 158.2  158.22 158.23 158.25 158.27 158.28
 158.3  158.32]",14.630974281816176,6
