Vehicle_ID,ID,time,xloc,yloc,line_integral_values,maneuver
1836,2290,[4.  4.1 4.2 4.3 4.4 4.5 4.6 4.7 4.8 4.9 5. ],"[1910.061    1910.94955  1911.838625 1912.728225 1913.618325 1914.508425
 1915.398525 1916.2886   1917.17865  1918.068175 1918.957175]","[161.1  161.06 161.01 160.97 160.92 160.87 160.82 160.78 160.73 160.68
 160.63]",0.5313547437688835,6
