Vehicle_ID,ID,time,xloc,yloc,line_integral_values,maneuver
536,558,[0.2 0.3 0.4 0.5 0.6 0.7 0.8 0.9 1.  1.1 1.2 1.3 1.4],"[1337.386075 1338.6461   1339.909575 1341.176    1342.4454   1343.717775
 1344.9936   1346.2729   1347.555175 1348.840425 1350.129175 1351.4214
 1352.7166  ]","[159.66 159.63 159.6  159.57 159.54 159.51 159.48 159.45 159.41 159.38
 159.35 159.32 159.28]",3.0593104819217265,6
