Vehicle_ID,ID,time,xloc,yloc,old_xloc,old_yloc,line_integral_values,maneuver
77,83,"[0.9 1.  1.1 1.2 1.3 1.4 1.5 1.6 1.7 1.8 1.9 2.  2.1 2.2 2.3 2.4 2.5 2.6
 2.7 2.8 2.9 3.  3.1 3.2 3.3 3.4 3.5 3.6 3.7 3.8 3.9 4.  4.1 4.2 4.3 4.4
 4.5 4.6 4.7 4.8 4.9 5. ]","[30.12185  30.5964   31.05355  31.494325 31.919225 32.328275 32.722
 33.101425 33.467575 33.82145  34.163575 34.494475 34.814675 35.12515
 35.4264   35.71895  36.003775 36.280875 36.551275 36.815475 37.073975
 37.327775 37.5774   37.82385  38.0676   38.30915  38.549    38.787125
 39.024025 39.2602   39.4956   39.730725 39.966075 40.201625 40.437375
 40.6738   40.9114   41.150175 41.390125 41.63175  41.875    42.118825]","[1.69184615 1.69184615 1.70184615 1.71184615 1.72184615 1.73184615
 1.73184615 1.74184615 1.74184615 1.75184615 1.76184615 1.76184615
 1.77184615 1.77184615 1.77184615 1.78184615 1.78184615 1.79184615
 1.79184615 1.80184615 1.80184615 1.81184615 1.81184615 1.81184615
 1.81184615 1.82184615 1.82184615 1.82184615 1.82184615 1.83184615
 1.83184615 1.83184615 1.84184615 1.84184615 1.84184615 1.85184615
 1.85184615 1.85184615 1.86184615 1.86184615 1.87184615 1.87184615]","[1600.12185  1600.5964   1601.05355  1601.494325 1601.919225 1602.328275
 1602.722    1603.101425 1603.467575 1603.82145  1604.163575 1604.494475
 1604.814675 1605.12515  1605.4264   1605.71895  1606.003775 1606.280875
 1606.551275 1606.815475 1607.073975 1607.327775 1607.5774   1607.82385
 1608.0676   1608.30915  1608.549    1608.787125 1609.024025 1609.2602
 1609.4956   1609.730725 1609.966075 1610.201625 1610.437375 1610.6738
 1610.9114   1611.150175 1611.390125 1611.63175  1611.875    1612.118825]","[158.66 158.66 158.67 158.68 158.69 158.7  158.7  158.71 158.71 158.72
 158.73 158.73 158.74 158.74 158.74 158.75 158.75 158.76 158.76 158.77
 158.77 158.78 158.78 158.78 158.78 158.79 158.79 158.79 158.79 158.8
 158.8  158.8  158.81 158.81 158.81 158.82 158.82 158.82 158.83 158.83
 158.84 158.84]",8.8961043302279e-10,6
