Vehicle_ID,ID,time,xloc,yloc,line_integral_values,maneuver
558,558,[3.8 3.9 4.  4.1 4.2 4.3 4.4 4.5 4.6 4.7 4.8 4.9 5. ],"[1810.221425 1810.4977   1810.7703   1811.03815  1811.2997   1811.553925
 1811.800325 1812.038425 1812.26825  1812.489825 1812.70365  1812.910275
 1813.110775]","[162.87 162.86 162.86 162.86 162.86 162.85 162.85 162.85 162.84 162.84
 162.84 162.83 162.83]",1.3832770166503543,6
