Vehicle_ID,ID,time,xloc,yloc,line_integral_values,maneuver
856,856,"[1.3 1.4 1.5 1.6 1.7 1.8 1.9 2.  2.1 2.2 2.3 2.4 2.5 2.6 2.7 2.8 2.9 3.
 3.1 3.2 3.3 3.4 3.5 3.6 3.7 3.8 3.9 4.  4.1 4.2 4.3 4.4 4.5 4.6 4.7 4.8
 4.9 5. ]","[1815.15785  1816.356175 1817.556475 1818.75875  1819.962975 1821.169175
 1822.377375 1823.58755  1824.7997   1826.013825 1827.229925 1828.448
 1829.667525 1830.888025 1832.11     1833.333425 1834.5578   1835.783125
 1837.0094   1838.236125 1839.463325 1840.6915   1841.920625 1843.150725
 1844.381825 1845.6139   1846.84695  1848.0805   1849.314525 1850.549525
 1851.785525 1853.0225   1854.25995  1855.4979   1856.736325 1857.9747
 1859.21355  1860.452875]","[162.54 162.56 162.57 162.58 162.6  162.61 162.62 162.64 162.65 162.66
 162.67 162.68 162.69 162.7  162.7  162.71 162.72 162.72 162.73 162.73
 162.74 162.74 162.74 162.74 162.74 162.73 162.73 162.72 162.71 162.71
 162.7  162.69 162.67 162.66 162.65 162.63 162.62 162.6 ]",2.145131245460194,6
