Vehicle_ID,ID,time,xloc,yloc,line_integral_values,maneuver
2390,1008,[3.9 4.  4.1 4.2 4.3 4.4 4.5 4.6 4.7 4.8 4.9 5. ],"[1612.312625 1613.11905  1613.937425 1614.76775  1615.609525 1616.462725
 1617.32735  1618.2029   1619.08885  1619.9852   1620.89195  1621.8081
 1622.73365  1623.6686   1624.612425 1625.5646   1626.524125 1627.491
 1628.4647   1629.4442  ]","[156.03 156.14 156.24 156.34 156.45 156.55 156.66 156.76 156.86 156.96
 157.06 157.16 157.25 157.35 157.44 157.53 157.62 157.7  157.79 157.87]",0.6321977722495571,6
