Vehicle_ID,ID,time,xloc,yloc,line_integral_values,maneuver
103,82,[4.6 4.7 4.8 4.9 5. ],[1815.29065  1815.8306   1816.366425 1816.897075 1817.421   ],[162.39 162.39 162.4  162.41 162.42],0.0,6
