ID,time,xloc,yloc,old_xloc,old_yloc,line_integral_values,maneuver
0,"[0.  0.1 0.2 0.3 0.4 0.5 0.6 0.7 0.8 0.9 1.  1.1 1.2 1.3 1.4 1.5 1.6 1.7
 1.8 1.9 2.  2.1 2.2]","[-29784.8211   -29784.36445  -29783.915875 -29783.47535  -29783.042875
 -29782.61845  -29782.202075 -29781.7943   -29781.3967   -29781.010825
 -29780.637725 -29780.27895  -29779.936025 -29779.61     -29779.3019
 -29779.012175 -29778.7408   -29778.48775  -29778.252425 -29778.033725
 -29777.830575 -29777.641375 -29777.464025]","[-2.51 -2.51 -2.5  -2.5  -2.49 -2.49 -2.48 -2.48 -2.47 -2.47 -2.46 -2.46
 -2.45 -2.44 -2.44 -2.43 -2.43 -2.42 -2.41 -2.41 -2.4  -2.4  -2.39]","[-28214.8211   -28214.36445  -28213.915875 -28213.47535  -28213.042875
 -28212.61845  -28212.202075 -28211.7943   -28211.3967   -28211.010825
 -28210.637725 -28210.27895  -28209.936025 -28209.61     -28209.3019
 -28209.012175 -28208.7408   -28208.48775  -28208.252425 -28208.033725
 -28207.830575 -28207.641375 -28207.464025]","[-3.36 -3.36 -3.35 -3.35 -3.34 -3.34 -3.33 -3.33 -3.32 -3.32 -3.31 -3.31
 -3.3  -3.29 -3.29 -3.28 -3.28 -3.27 -3.26 -3.26 -3.25 -3.25 -3.24]",0.0,6
