Vehicle_ID,ID,time,xloc,yloc,line_integral_values,maneuver
2290,1008,[2.5 2.6 2.7 2.8 2.9 3.  3.1 3.2 3.3 3.4],"[1810.630325 1811.66065  1812.68695  1813.70975  1814.72905  1815.74485
 1816.75765  1817.767475 1818.774325 1819.778175]",[162.49 162.5  162.51 162.52 162.53 162.54 162.55 162.55 162.56 162.57],0.053477300583759116,6
