Vehicle_ID,ID,time,xloc,yloc,line_integral_values,maneuver
103,82,"[2.8 2.9 3.  3.1 3.2 3.3 3.4 3.5 3.6 3.7 3.8 3.9 4.  4.1 4.2 4.3 4.4 4.5
 4.6 4.7 4.8 4.9 5. ]","[1805.2305   1805.85475  1806.46695  1807.066075 1807.6522   1808.22595
 1808.78895  1809.343325 1809.890725 1810.433275 1810.97255  1811.5101
 1812.046975 1812.5842   1813.12275  1813.663125 1814.2053   1814.748175
 1815.29065  1815.8306   1816.366425 1816.897075 1817.421   ]","[162.23 162.24 162.25 162.26 162.27 162.28 162.29 162.29 162.3  162.31
 162.32 162.33 162.34 162.35 162.35 162.36 162.37 162.38 162.39 162.39
 162.4  162.41 162.42]",1.7524522871819024,6
