Vehicle_ID,ID,time,xloc,yloc,line_integral_values,maneuver
145,145,"[1.5 1.6 1.7 1.8 1.9 2.  2.1 2.2 2.3 2.4 2.5 2.6 2.7 2.8 2.9 3.  3.1 3.2
 3.3 3.4 3.5 3.6 3.7 3.8 3.9 4.  4.1 4.2 4.3 4.4 4.5 4.6 4.7 4.8 4.9 5. ]","[1816.059925 1817.1585   1818.2611   1819.367725 1820.477875 1821.59155
 1822.70875  1823.82945  1824.95365  1826.08135  1827.213075 1828.348325
 1829.487075 1830.629825 1831.776075 1832.92585  1834.07965  1835.23695
 1836.39775  1837.56205  1838.72985  1839.90115  1841.075925 1842.254175
 1843.435425 1844.620175 1845.8084   1846.999075 1848.1922   1849.387775
 1850.5853   1851.78475  1852.986125 1854.188925 1855.39265  1856.5978  ]","[162.31 162.31 162.32 162.32 162.33 162.33 162.33 162.34 162.34 162.35
 162.35 162.36 162.36 162.36 162.37 162.37 162.37 162.38 162.38 162.38
 162.38 162.38 162.38 162.38 162.38 162.38 162.38 162.38 162.38 162.37
 162.37 162.36 162.36 162.35 162.35 162.34]",3.4442464507741457,6
