Vehicle_ID,ID,time,xloc,yloc,line_integral_values,maneuver
1983,1961,"[1.3 1.4 1.5 1.6 1.7 1.8 1.9 2.  2.1 2.2 2.3 2.4 2.5 2.6 2.7 2.8 2.9 3.
 3.1 3.2 3.3 3.4 3.5 3.6 3.7 3.8 3.9 4.  4.1 4.2 4.3 4.4 4.5 4.6 4.7 4.8
 4.9 5. ]","[1585.013775 1585.39435  1585.77885  1586.167275 1586.559125 1586.953875
 1587.351    1587.7505   1588.151875 1588.554625 1588.959275 1589.3653
 1589.7722   1590.18     1590.5887   1590.9983   1591.4083   1591.8187
 1592.2295   1592.640225 1593.050875 1593.46145  1593.87195  1594.282375
 1594.69275  1595.10255  1595.511775 1595.920425 1596.328    1596.734525
 1597.139975 1597.54435  1597.947675 1598.34945  1598.749675 1599.14885
 1599.547    1599.94465 ]","[157.54 157.55 157.56 157.57 157.57 157.58 157.59 157.6  157.61 157.62
 157.63 157.64 157.65 157.66 157.67 157.68 157.69 157.7  157.71 157.72
 157.73 157.74 157.75 157.76 157.77 157.78 157.79 157.81 157.82 157.83
 157.84 157.85 157.86 157.87 157.88 157.89 157.91 157.92]",11.008358230303028,6
