Vehicle_ID,ID,time,xloc,yloc,line_integral_values,maneuver
1062,2017,[3.1 3.2 3.3 3.4 3.5 3.6 3.7 3.8 3.9],"[1810.97995  1812.044025 1813.10455  1814.161025 1815.213975 1816.2634
 1817.308775 1818.350625 1819.38895 ]",[162.18 162.2  162.22 162.23 162.25 162.26 162.27 162.29 162.3 ],0.12453582503295361,6
