Vehicle_ID,ID,time,xloc,yloc,line_integral_values,maneuver
540,537,[2.9 3.  3.1 3.2 3.3 3.4 3.5 3.6 3.7],"[1810.0464   1811.1647   1812.2875   1813.414775 1814.5455   1815.679675
 1816.8173   1817.958375 1819.102875]",[162.4  162.42 162.45 162.47 162.49 162.51 162.54 162.56 162.58],0.07040190458193106,6
