Vehicle_ID,ID,time,xloc,yloc,line_integral_values,maneuver
537,537,"[1.9 2.  2.1 2.2 2.3 2.4 2.5 2.6 2.7 2.8 2.9 3.  3.1 3.2 3.3 3.4 3.5 3.6
 3.7 3.8 3.9 4.  4.1 4.2 4.3 4.4 4.5 4.6 4.7 4.8 4.9 5. ]","[1980.33235  1981.20435  1982.07935  1982.95735  1983.838325 1984.721775
 1985.6072   1986.4951   1987.385475 1988.2778   1989.172075 1990.0678
 1990.964975 1991.8641   1992.764675 1993.6662   1994.568675 1995.4721
 1996.376475 1997.281775 1998.1875   1999.09315  1999.9987   2000.904175
 2001.809075 2002.712875 2003.615575 2004.516675 2005.416175 2006.314075
 2007.209875 2008.103575]","[155.92 155.83 155.75 155.67 155.58 155.5  155.41 155.33 155.24 155.16
 155.07 154.99 154.9  154.82 154.73 154.65 154.56 154.48 154.39 154.31
 154.22 154.14 154.05 153.97 153.88 153.8  153.71 153.63 153.54 153.45
 153.37 153.28]",0.0005790811814260698,6
