Vehicle_ID,ID,time,xloc,yloc,line_integral_values,maneuver
2841,2841,"[2.  2.1 2.2 2.3 2.4 2.5 2.6 2.7 2.8 2.9 3.  3.1 3.2 3.3 3.4 3.5 3.6 3.7
 3.8 3.9 4. ]","[1817.8459   1818.705075 1819.557825 1820.40365  1821.243    1822.075875
 1822.9023   1823.722275 1824.5358   1825.34285  1826.143425 1826.93805
 1827.726725 1828.50945  1829.286225 1830.05755  1830.823925 1831.585375
 1832.3419   1833.094    1833.8417  ]","[162.23 162.23 162.24 162.24 162.25 162.25 162.26 162.26 162.26 162.26
 162.26 162.26 162.26 162.26 162.26 162.26 162.26 162.25 162.25 162.25
 162.24]",10.212542879398088,6
