Vehicle_ID,ID,time,xloc,yloc,line_integral_values,maneuver
52,52,[1.5 1.6 1.7 1.8 1.9 2.  2.1 2.2 2.3 2.4 2.5 2.6],"[1810.611175 1811.3766   1812.147575 1812.923575 1813.704575 1814.490575
 1815.281575 1816.077575 1816.878575 1817.684575 1818.495575 1819.311575]","[161.97 161.98 162.   162.02 162.03 162.05 162.07 162.09 162.1  162.12
 162.13 162.15]",0.1903884341040003,6
