Vehicle_ID,ID,time,xloc,yloc,line_integral_values,maneuver
2390,2449,[4.7 4.8 4.9 5. ],[1817.63565  1818.744825 1819.850975 1820.9541  ],[162.81 162.82 162.83 162.83],0.6341374931945776,6
