Vehicle_ID,ID,time,xloc,yloc,line_integral_values,maneuver
2636,537,[0.  0.1 0.2],[2486.816075 2487.780575 2488.736325],[111.38 111.32 111.27],0.0,6
