Vehicle_ID,ID,time,xloc,yloc,line_integral_values,maneuver
522,510,"[3.1 3.2 3.3 3.4 3.5 3.6 3.7 3.8 3.9 4.  4.1 4.2 4.3 4.4 4.5 4.6 4.7 4.8
 4.9 5. ]","[1585.6094   1586.696125 1587.779775 1588.860325 1589.9378   1591.0117
 1592.082025 1593.1493   1594.213025 1595.2732   1596.330325 1597.384425
 1598.4355   1599.48355  1600.5286   1601.570675 1602.610275 1603.6474
 1604.68205  1605.714725]","[157.93 157.95 157.98 158.   158.02 158.04 158.07 158.09 158.12 158.14
 158.17 158.19 158.22 158.24 158.27 158.29 158.32 158.34 158.36 158.39]",2.0788357383493947,6
