Vehicle_ID,ID,time,xloc,yloc,line_integral_values,maneuver
618,618,[3.3 3.4 3.5 3.6 3.7 3.8 3.9 4.  4.1 4.2 4.3 4.4 4.5 4.6 4.7 4.8 4.9 5. ],"[1810.1827   1810.5446   1810.9095   1811.2769   1811.646775 1812.0191
 1812.392875 1812.7681   1813.144775 1813.522375 1813.9009   1814.28035
 1814.660725 1815.041    1815.42065  1815.799675 1816.17705  1816.552775]","[162.4  162.41 162.41 162.41 162.41 162.41 162.42 162.42 162.42 162.42
 162.42 162.43 162.43 162.43 162.43 162.44 162.44 162.44]",0.026313240543592735,6
