Vehicle_ID,ID,time,xloc,yloc,line_integral_values,maneuver
2104,2104,"[2.5 2.6 2.7 2.8 2.9 3.  3.1 3.2 3.3 3.4 3.5 3.6 3.7 3.8 3.9 4.  4.1 4.2
 4.3 4.4 4.5 4.6 4.7 4.8 4.9 5. ]","[1980.320975 1980.8797   1981.436575 1981.991575 1982.5447   1983.09595
 1983.645825 1984.194325 1984.741425 1985.287625 1985.832925 1986.3773
 1986.92075  1987.4638   1988.006425 1988.5481   1989.08935  1989.630175
 1990.17055  1990.710475 1991.24995  1991.789475 1992.32905  1992.868675
 1993.40835  1993.948075]","[155.74 155.69 155.64 155.59 155.54 155.49 155.43 155.38 155.33 155.28
 155.22 155.17 155.12 155.06 155.01 154.95 154.9  154.84 154.79 154.73
 154.68 154.63 154.57 154.52 154.46 154.41]",0.00039724459488625613,6
