Vehicle_ID,ID,time,xloc,yloc,line_integral_values,maneuver
1046,0,"[0.  0.1 0.2 0.3 0.4 0.5 0.6 0.7 0.8 0.9 1.  1.1 1.2 1.3 1.4 1.5 1.6 1.7
 1.8 1.9 2.  2.1 2.2 2.3 2.4 2.5 2.6 2.7 2.8 2.9 3.  3.1 3.2 3.3 3.4 3.5
 3.6 3.7 3.8 3.9 4.  4.1 4.2 4.3 4.4 4.5 4.6 4.7 4.8 4.9 5. ]","[2109.485025 2110.27775  2111.071925 2111.867525 2112.66405  2113.4615
 2114.259875 2115.0587   2115.857975 2116.6582   2117.4594   2118.261575
 2119.064725 2119.868875 2120.674525 2121.481675 2122.2898   2123.0989
 2123.908475 2124.718    2125.52745  2126.336825 2127.145625 2127.953325
 2128.759425 2129.563925 2130.366825 2131.167625 2131.966325 2132.762425
 2133.555925 2134.347325 2135.13615  2135.9224   2136.7061   2137.487275
 2138.266925 2139.045075 2139.821225 2140.595875 2141.36955  2142.14175
 2142.91195  2143.68065  2144.447825 2145.212975 2145.9756   2146.735175
 2147.4922   2148.24665  2148.998025]","[144.27 144.21 144.15 144.09 144.03 143.96 143.9  143.84 143.77 143.71
 143.64 143.57 143.51 143.44 143.37 143.31 143.24 143.17 143.1  143.03
 142.97 142.9  142.83 142.76 142.69 142.62 142.56 142.49 142.42 142.35
 142.28 142.2  142.13 142.06 141.99 141.92 141.85 141.78 141.71 141.64
 141.58 141.51 141.44 141.37 141.31 141.24 141.17 141.11 141.04 140.98
 140.91]",0.0,6
