Vehicle_ID,ID,time,xloc,yloc,line_integral_values,maneuver
57,64,[3.6 3.7 3.8 3.9 4.  4.1 4.2 4.3 4.4 4.5 4.6 4.7 4.8 4.9 5. ],"[1085.1092   1085.9712   1086.8388   1087.712    1088.5913   1089.476675
 1090.368125 1091.265675 1092.1698   1093.0805   1093.997775 1094.922125
 1095.85305  1096.790525 1097.735075]","[158.93 158.95 158.97 158.99 159.01 159.03 159.06 159.08 159.1  159.12
 159.14 159.17 159.19 159.21 159.24]",0.8298700124770952,6
