Vehicle_ID,ID,time,xloc,yloc,old_xloc,old_yloc,line_integral_values,maneuver
103,91,"[0.6 0.7 0.8 0.9 1.  1.1 1.2 1.3 1.4 1.5 1.6 1.7 1.8 1.9 2.  2.1 2.2 2.3
 2.4 2.5 2.6 2.7 2.8 2.9 3.  3.1 3.2 3.3 3.4 3.5 3.6 3.7 3.8 3.9 4.  4.1
 4.2 4.3 4.4 4.5 4.6 4.7 4.8 4.9 5. ]","[30.088    31.04695  31.993325 32.927125 33.847825 34.755425 35.64995
 36.5309   37.39775  38.2505   39.08915  39.9137   40.72365  41.5185
 42.29825  43.063425 43.814025 44.549575 45.2706   45.977575 46.670025
 47.347975 48.01245  48.66345  49.300975 49.92505  50.535675 51.13335
 51.718575 52.29135  52.8522   53.401675 53.939775 54.4675   54.98485
 55.4918   55.98835  56.4745   56.950225 57.415525 57.871425 58.317925
 58.75555  59.18535  59.60785 ]","[1.51184615 1.53184615 1.55184615 1.57184615 1.58184615 1.60184615
 1.62184615 1.64184615 1.65184615 1.67184615 1.69184615 1.70184615
 1.72184615 1.73184615 1.75184615 1.76184615 1.78184615 1.79184615
 1.80184615 1.82184615 1.83184615 1.84184615 1.85184615 1.86184615
 1.87184615 1.88184615 1.89184615 1.89184615 1.90184615 1.91184615
 1.91184615 1.92184615 1.93184615 1.93184615 1.94184615 1.94184615
 1.95184615 1.96184615 1.96184615 1.97184615 1.97184615 1.98184615
 1.98184615 1.98184615 1.99184615]","[1600.088    1601.04695  1601.993325 1602.927125 1603.847825 1604.755425
 1605.64995  1606.5309   1607.39775  1608.2505   1609.08915  1609.9137
 1610.72365  1611.5185   1612.29825  1613.063425 1613.814025 1614.549575
 1615.2706   1615.977575 1616.670025 1617.347975 1618.01245  1618.66345
 1619.300975 1619.92505  1620.535675 1621.13335  1621.718575 1622.29135
 1622.8522   1623.401675 1623.939775 1624.4675   1624.98485  1625.4918
 1625.98835  1626.4745   1626.950225 1627.415525 1627.871425 1628.317925
 1628.75555  1629.18535  1629.60785 ]","[158.48 158.5  158.52 158.54 158.55 158.57 158.59 158.61 158.62 158.64
 158.66 158.67 158.69 158.7  158.72 158.73 158.75 158.76 158.77 158.79
 158.8  158.81 158.82 158.83 158.84 158.85 158.86 158.86 158.87 158.88
 158.88 158.89 158.9  158.9  158.91 158.91 158.92 158.93 158.93 158.94
 158.94 158.95 158.95 158.95 158.96]",1.8911244883986238e-12,6
