Vehicle_ID,ID,time,xloc,yloc,line_integral_values,maneuver
510,510,"[1.8 1.9 2.  2.1 2.2 2.3 2.4 2.5 2.6 2.7 2.8 2.9 3.  3.1 3.2 3.3 3.4 3.5
 3.6 3.7 3.8 3.9 4.  4.1 4.2 4.3 4.4 4.5 4.6 4.7 4.8 4.9 5. ]","[1920.110975 1920.8255   1921.51035  1922.1641   1922.788475 1923.386225
 1923.960125 1924.513925 1925.05135  1925.5761   1926.0913   1926.599025
 1927.1008   1927.5971   1928.0879   1928.573625 1929.053675 1929.526475
 1929.9914   1930.447375 1930.89285  1931.3278   1931.7538   1932.17245
 1932.58585  1932.9961   1933.404775 1933.812875 1934.220875 1934.62925
 1935.039    1935.452725 1935.87465 ]","[159.48 159.46 159.44 159.42 159.4  159.38 159.36 159.34 159.32 159.3
 159.27 159.25 159.23 159.21 159.19 159.17 159.15 159.12 159.1  159.08
 159.05 159.03 159.   158.98 158.95 158.93 158.9  158.88 158.85 158.82
 158.79 158.77 158.74]",0.013964673390014391,6
