Vehicle_ID,ID,time,xloc,yloc,line_integral_values,maneuver
2017,2017,"[1.7 1.8 1.9 2.  2.1 2.2 2.3 2.4 2.5 2.6 2.7 2.8 2.9 3.  3.1 3.2 3.3 3.4
 3.5 3.6 3.7 3.8 3.9 4.  4.1 4.2 4.3 4.4 4.5 4.6 4.7 4.8 4.9 5. ]","[1817.308775 1818.350625 1819.38895  1820.42325  1821.454025 1822.481275
 1823.504525 1824.52375  1825.53895  1826.550125 1827.557275 1828.560425
 1829.55955  1830.55465  1831.545725 1832.532775 1833.5153   1834.4933
 1835.4673   1836.436775 1837.401725 1838.362675 1839.3191   1840.271
 1841.2189   1842.1628   1843.102725 1844.038675 1844.970625 1845.8986
 1846.8231   1847.744625 1848.6627   1849.577325]","[162.27 162.29 162.3  162.31 162.33 162.34 162.35 162.36 162.37 162.38
 162.39 162.39 162.4  162.41 162.42 162.42 162.43 162.44 162.44 162.45
 162.45 162.46 162.46 162.47 162.47 162.47 162.47 162.47 162.47 162.47
 162.47 162.47 162.47 162.46]",1.2359754643853171,6
