Vehicle_ID,ID,time,xloc,yloc,line_integral_values,maneuver
2247,3926,[4.2 4.3 4.4 4.5 4.6 4.7 4.8 4.9 5. ],"[1980.5561   1981.230675 1981.903275 1982.5734   1983.24105  1983.9062
 1984.56835  1985.2275   1985.883625]",[155.71 155.65 155.59 155.52 155.46 155.4  155.33 155.27 155.2 ],0.0001663661595162895,6
