Vehicle_ID,ID,time,xloc,yloc,line_integral_values,maneuver
2090,2090,"[1.6 1.7 1.8 1.9 2.  2.1 2.2 2.3 2.4 2.5 2.6 2.7 2.8 2.9 3.  3.1 3.2 3.3
 3.4 3.5 3.6 3.7 3.8 3.9 4.  4.1 4.2 4.3 4.4 4.5 4.6 4.7 4.8 4.9 5. ]","[1910.36345  1911.38805  1912.41205  1913.434925 1914.456675 1915.477325
 1916.496375 1917.5133   1918.5281   1919.5408   1920.550875 1921.557825
 1922.561675 1923.5624   1924.56     1925.554    1926.5439   1927.5297
 1928.5114   1929.489    1930.461975 1931.429825 1932.3926   1933.3503
 1934.3029   1935.2504   1936.1923   1937.128625 1938.059375 1938.984025
 1939.902075 1940.813525 1941.718375 1942.616125 1943.506775]","[160.88 160.83 160.78 160.73 160.68 160.62 160.57 160.52 160.46 160.4
 160.35 160.29 160.23 160.17 160.11 160.05 159.99 159.93 159.87 159.8
 159.74 159.68 159.61 159.55 159.48 159.42 159.35 159.29 159.22 159.15
 159.09 159.02 158.95 158.88 158.81]",0.2407130413940103,6
