Vehicle_ID,ID,time,xloc,yloc,line_integral_values,maneuver
66,68,"[2.4 2.5 2.6 2.7 2.8 2.9 3.  3.1 3.2 3.3 3.4 3.5 3.6 3.7 3.8 3.9 4.  4.1
 4.2 4.3 4.4 4.5 4.6 4.7 4.8 4.9]","[1600.1766   1600.365975 1600.549775 1600.727475 1600.898025 1601.05985
 1601.21245  1601.35585  1601.4906   1601.617775 1601.73845  1601.854225
 1601.9667   1602.07745  1602.188525 1602.301475 1602.417325 1602.536575
 1602.6592   1602.78515  1602.914875 1603.048325 1603.184975 1603.324825
 1603.46835  1603.6155  ]","[157.84 157.84 157.84 157.84 157.84 157.84 157.84 157.84 157.84 157.84
 157.84 157.84 157.85 157.85 157.85 157.85 157.85 157.85 157.86 157.86
 157.86 157.87 157.87 157.87 157.88 157.88]",0.0,6
