Vehicle_ID,ID,time,xloc,yloc,line_integral_values,maneuver
2090,2090,"[1.8 1.9 2.  2.1 2.2 2.3 2.4 2.5 2.6 2.7 2.8 2.9 3.  3.1 3.2 3.3 3.4 3.5
 3.6]","[1817.838175 1818.7777   1819.710275 1820.6359   1821.554575 1822.4663
 1823.371575 1824.2704   1825.1628   1826.049275 1826.9293   1827.802875
 1828.6705   1829.532175 1830.3884   1831.239175 1832.084    1832.923375
 1833.7573  ]","[162.11 162.12 162.12 162.13 162.14 162.15 162.16 162.17 162.18 162.19
 162.2  162.21 162.22 162.23 162.23 162.24 162.25 162.25 162.26]",0.770407232726814,6
