Vehicle_ID,ID,time,xloc,yloc,line_integral_values,maneuver
2090,2104,"[0.2 0.3 0.4 0.5 0.6 0.7 0.8 0.9 1.  1.1 1.2 1.3 1.4 1.5 1.6 1.7 1.8 1.9
 2.  2.1 2.2 2.3 2.4 2.5 2.6 2.7 2.8 2.9 3.  3.1 3.2 3.3 3.4 3.5 3.6 3.7
 3.8 3.9 4.  4.1 4.2 4.3 4.4 4.5 4.6 4.7 4.8 4.9 5. ]","[1820.775575 1821.776925 1822.77225  1823.761525 1824.744775 1825.722
 1826.693175 1827.658325 1828.61745  1829.57055  1830.51765  1831.458725
 1832.393275 1833.321325 1834.24335  1835.15935  1836.06935  1836.972825
 1837.869775 1838.760725 1839.64515  1840.52305  1841.39495  1842.26085
 1843.120775 1843.974725 1844.8232   1845.666225 1846.5043   1847.33795
 1848.1672   1848.99255  1849.814    1850.63205  1851.4472   1852.259975
 1853.070875 1853.8799   1854.687075 1855.492375 1856.2963   1857.099875
 1857.903075 1858.7059   1859.508875 1860.312    1861.115775 1861.920675
 1862.7267  ]","[162.41 162.42 162.44 162.45 162.47 162.48 162.5  162.51 162.53 162.55
 162.56 162.58 162.59 162.6  162.61 162.62 162.63 162.64 162.65 162.66
 162.67 162.68 162.69 162.69 162.7  162.71 162.71 162.72 162.72 162.73
 162.73 162.74 162.74 162.74 162.74 162.74 162.74 162.73 162.73 162.72
 162.72 162.71 162.7  162.69 162.68 162.66 162.65 162.64 162.62]",0.8500765511226424,6
