Vehicle_ID,ID,time,xloc,yloc,line_integral_values,maneuver
586,586,"[2.5 2.6 2.7 2.8 2.9 3.  3.1 3.2 3.3 3.4 3.5 3.6 3.7 3.8 3.9 4.  4.1 4.2
 4.3 4.4 4.5 4.6 4.7 4.8 4.9 5. ]","[1810.14645  1810.507825 1810.870875 1811.23395  1811.59495  1811.9523
 1812.3044   1812.6497   1812.9872   1813.315875 1813.634675 1813.9431
 1814.240675 1814.526925 1814.8014   1815.06465  1815.318775 1815.56595
 1815.809375 1816.0527   1816.298025 1816.547425 1816.804    1817.0698
 1817.34525  1817.62975 ]","[162.49 162.49 162.49 162.49 162.49 162.49 162.49 162.49 162.49 162.49
 162.49 162.48 162.48 162.48 162.48 162.48 162.48 162.48 162.48 162.47
 162.47 162.47 162.47 162.48 162.48 162.48]",14.185429066453445,6
