Vehicle_ID,ID,time,xloc,yloc,old_xloc,old_yloc,line_integral_values,maneuver
75,68,"[0.  0.1 0.2 0.3 0.4 0.5 0.6 0.7 0.8 0.9 1.  1.1 1.2 1.3 1.4 1.5 1.6 1.7
 1.8 1.9 2.  2.1 2.2 2.3 2.4 2.5 2.6 2.7 2.8 2.9 3.  3.1 3.2 3.3 3.4 3.5
 3.6 3.7 3.8 3.9 4.  4.1 4.2 4.3 4.4 4.5 4.6 4.7 4.8 4.9]","[1604.7482   1604.922475 1605.099225 1605.279    1605.46235  1605.650325
 1605.843975 1606.04485  1606.2545   1606.473975 1606.703775 1606.943325
 1607.19205  1607.4494   1607.714325 1607.98625  1608.2641   1608.546325
 1608.831875 1609.1197   1609.4093   1609.7007   1609.99445  1610.2911
 1610.5912   1610.895275 1611.203325 1611.51485  1611.829325 1612.146225
 1612.4645   1612.7836   1613.103025 1613.4228   1613.743475 1614.0656
 1614.390225 1614.7179   1615.048625 1615.382925 1615.7213   1616.0632
 1616.4076   1616.753975 1617.1023   1617.45255  1617.804225 1618.156825
 1618.51035  1618.8643  ]","[157.92 157.93 157.94 157.95 157.95 157.96 157.97 157.98 157.99 158.
 158.01 158.02 158.03 158.04 158.04 158.05 158.06 158.07 158.08 158.09
 158.1  158.11 158.12 158.13 158.14 158.15 158.16 158.17 158.18 158.19
 158.2  158.21 158.22 158.22 158.23 158.24 158.25 158.26 158.27 158.28
 158.29 158.3  158.3  158.31 158.32 158.33 158.34 158.35 158.36 158.37]","[1604.7482   1604.922475 1605.099225 1605.279    1605.46235  1605.650325
 1605.843975 1606.04485  1606.2545   1606.473975 1606.703775 1606.943325
 1607.19205  1607.4494   1607.714325 1607.98625  1608.2641   1608.546325
 1608.831875 1609.1197   1609.4093   1609.7007   1609.99445  1610.2911
 1610.5912   1610.895275 1611.203325 1611.51485  1611.829325 1612.146225
 1612.4645   1612.7836   1613.103025 1613.4228   1613.743475 1614.0656
 1614.390225 1614.7179   1615.048625 1615.382925 1615.7213   1616.0632
 1616.4076   1616.753975 1617.1023   1617.45255  1617.804225 1618.156825
 1618.51035  1618.8643  ]","[157.92 157.93 157.94 157.95 157.95 157.96 157.97 157.98 157.99 158.
 158.01 158.02 158.03 158.04 158.04 158.05 158.06 158.07 158.08 158.09
 158.1  158.11 158.12 158.13 158.14 158.15 158.16 158.17 158.18 158.19
 158.2  158.21 158.22 158.22 158.23 158.24 158.25 158.26 158.27 158.28
 158.29 158.3  158.3  158.31 158.32 158.33 158.34 158.35 158.36 158.37]",5.5420533691251334e-06,6
