Vehicle_ID,ID,time,xloc,yloc,line_integral_values,maneuver
972,972,"[1.7 1.8 1.9 2.  2.1 2.2 2.3 2.4 2.5 2.6 2.7 2.8 2.9 3.  3.1 3.2 3.3 3.4
 3.5 3.6 3.7 3.8 3.9 4.  4.1 4.2 4.3 4.4 4.5 4.6 4.7 4.8 4.9 5. ]","[1980.383475 1981.279625 1982.17225  1983.061325 1983.946825 1984.82825
 1985.705125 1986.577425 1987.445125 1988.307225 1989.163725 1990.014625
 1990.859425 1991.698125 1992.530725 1993.357225 1994.177125 1994.98995
 1995.7962   1996.59585  1997.388425 1998.173925 1998.95185  1999.7222
 2000.48495  2001.239625 2001.986225 2002.724225 2003.453625 2004.17445
 2004.8867   2005.590375 2006.2855   2006.972075]","[155.5  155.42 155.34 155.26 155.17 155.09 155.01 154.93 154.85 154.76
 154.68 154.6  154.52 154.43 154.35 154.27 154.19 154.11 154.03 153.94
 153.86 153.78 153.7  153.62 153.54 153.46 153.38 153.3  153.23 153.15
 153.07 153.   152.92 152.85]",5.5377838223466015e-05,6
