Vehicle_ID,ID,time,xloc,yloc,line_integral_values,maneuver
2104,1062,[0.  0.1 0.2 0.3 0.4 0.5 0.6 0.7 0.8 0.9 1.  1.1 1.2],"[1619.74195  1620.545    1621.35545  1622.172775 1622.996475 1623.82655
 1624.662475 1625.50375  1626.349875 1627.20085  1628.056175 1628.91535
 1629.778375]","[158.32 158.33 158.35 158.37 158.38 158.4  158.42 158.43 158.45 158.46
 158.48 158.49 158.51]",0.0,6
