Vehicle_ID,ID,time,xloc,yloc,line_integral_values,maneuver
2449,2150,[2.8 2.9 3.  3.1 3.2 3.3 3.4 3.5 3.6],"[1800.510775 1801.6837   1802.854575 1804.0229   1805.18915  1806.352825
 1807.513425 1808.67095  1809.825425]",[162.21 162.23 162.25 162.27 162.29 162.31 162.33 162.34 162.36],0.18431369509980508,6
