Vehicle_ID,ID,time,xloc,yloc,line_integral_values,maneuver
2735,2170,[4.1 4.2 4.3 4.4 4.5 4.6 4.7 4.8 4.9 5. ],"[1815.652375 1816.5211   1817.386975 1818.250525 1819.11175  1819.970625
 1820.82815  1821.684325 1822.53915  1823.3931  ]",[162.53 162.54 162.54 162.55 162.56 162.57 162.58 162.58 162.59 162.6 ],0.18523029141706507,6
