Vehicle_ID,ID,time,xloc,yloc,line_integral_values,maneuver
85,91,[4.6 4.7 4.8 4.9 5. ],[1910.05435  1910.80845  1911.554625 1912.29185  1913.019675],[160.84 160.8  160.76 160.72 160.68],0.4245304457175204,6
