Vehicle_ID,ID,time,xloc,yloc,old_xloc,old_yloc,line_integral_values,maneuver
2247,2150,"[0.  0.1 0.2 0.3 0.4 0.5 0.6 0.7 0.8 0.9 1.  1.1 1.2 1.3 1.4 1.5 1.6 1.7
 1.8 1.9 2. ]","[38.314425 39.307825 40.30815  41.3149   42.32755  43.346125 44.370625
 45.40105  46.4369   47.478175 48.5249   49.57705  50.634625 51.697175
 52.7652   53.838675 54.9176   56.002    57.09135  58.185125 59.28335 ]","[0.71184615 0.75184615 0.78184615 0.81184615 0.84184615 0.88184615
 0.91184615 0.95184615 0.98184615 1.02184615 1.05184615 1.09184615
 1.12184615 1.15184615 1.19184615 1.22184615 1.25184615 1.29184615
 1.32184615 1.35184615 1.38184615]","[1608.314425 1609.307825 1610.30815  1611.3149   1612.32755  1613.346125
 1614.370625 1615.40105  1616.4369   1617.478175 1618.5249   1619.57705
 1620.634625 1621.697175 1622.7652   1623.838675 1624.9176   1626.002
 1627.09135  1628.185125 1629.28335 ]","[157.68 157.72 157.75 157.78 157.81 157.85 157.88 157.92 157.95 157.99
 158.02 158.06 158.09 158.12 158.16 158.19 158.22 158.26 158.29 158.32
 158.35]",0.0,6
