Vehicle_ID,ID,time,xloc,yloc,line_integral_values,maneuver
94,438,"[0.  0.1 0.2 0.3 0.4 0.5 0.6 0.7 0.8 0.9 1.  1.1 1.2 1.3 1.4 1.5 1.6 1.7
 1.8 1.9 2.  2.1 2.2 2.3 2.4 2.5 2.6 2.7 2.8 2.9 3.  3.1 3.2 3.3 3.4 3.5
 3.6 3.7 3.8 3.9 4.  4.1 4.2 4.3 4.4 4.5 4.6 4.7 4.8 4.9 5. ]","[1086.6056   1087.444675 1088.2911   1089.1449   1090.006075 1090.8741
 1091.74845  1092.628625 1093.51465  1094.406025 1095.302225 1096.20275
 1097.1071   1098.01525  1098.926725 1099.841025 1100.75765  1101.6766
 1102.597875 1103.520475 1104.4444   1105.369675 1106.295275 1107.2212
 1108.148    1109.075175 1110.002725 1110.930675 1111.85905  1112.787875
 1113.71715  1114.647375 1115.579075 1116.512275 1117.446475 1118.38165
 1119.3178   1120.25545  1121.1946   1122.13475  1123.075875 1124.017975
 1124.96055  1125.9036   1126.847625 1127.7921   1128.736525 1129.681425
 1130.6268   1131.572125 1132.5174  ]","[159.65 159.68 159.71 159.73 159.76 159.78 159.81 159.84 159.86 159.89
 159.91 159.94 159.96 159.99 160.01 160.04 160.06 160.09 160.11 160.13
 160.16 160.18 160.21 160.23 160.25 160.28 160.3  160.32 160.35 160.37
 160.4  160.42 160.44 160.47 160.49 160.52 160.54 160.57 160.59 160.61
 160.64 160.66 160.68 160.71 160.73 160.75 160.77 160.79 160.81 160.83
 160.85]",0.41672907601600057,6
