Vehicle_ID,ID,time,xloc,yloc,line_integral_values,maneuver
3,0,[4.3 4.4 4.5 4.6 4.7 4.8 4.9 5. ],"[1910.2919   1911.109075 1911.921225 1912.728375 1913.530525 1914.328175
 1915.12135  1915.91005 ]",[161.38 161.34 161.3  161.26 161.22 161.18 161.14 161.1 ],0.6724033273473418,6
