Vehicle_ID,ID,time,xloc,yloc,line_integral_values,maneuver
537,732,[4.4 4.5 4.6 4.7 4.8 4.9 5. ],"[1817.8926   1819.031325 1820.169975 1821.30905  1822.4486   1823.58865
 1824.7297  ]",[162.55 162.57 162.58 162.59 162.61 162.62 162.63],0.4753225774567584,6
