Vehicle_ID,ID,time,xloc,yloc,line_integral_values,maneuver
2735,2735,[1.6 1.7 1.8 1.9 2.  2.1 2.2 2.3 2.4 2.5 2.6 2.7 2.8 2.9],"[1815.646175 1816.665925 1817.68735  1818.71095  1819.73725  1820.76675
 1821.79945  1822.83585  1823.87645  1824.921225 1825.970675 1827.025325
 1828.08515  1829.150125]","[161.73 161.69 161.65 161.61 161.56 161.52 161.47 161.41 161.36 161.3
 161.24 161.18 161.12 161.05]",0.8419985394191101,6
