Vehicle_ID,ID,time,xloc,yloc,line_integral_values,maneuver
2509,2247,[4.1 4.2 4.3 4.4 4.5 4.6 4.7 4.8 4.9 5. ],"[1585.0472   1585.9561   1586.8705   1587.7904   1588.7163   1589.6482
 1590.586125 1591.5306   1592.481625 1593.4392  ]",[157.61 157.63 157.65 157.67 157.69 157.7  157.72 157.74 157.76 157.78],9.730172028748838,6
