Vehicle_ID,ID,time,xloc,yloc,line_integral_values,maneuver
0,145,[3.5 3.6 3.7 3.8 3.9 4.  4.1 4.2 4.3 4.4 4.5 4.6 4.7 4.8 4.9 5. ],"[1085.172575 1086.274    1087.3834   1088.500775 1089.6261   1090.759375
 1091.9006   1093.0498   1094.206975 1095.372125 1096.54525  1097.72635
 1098.91545  1100.112525 1101.317575 1102.5301  ]","[159.24 159.28 159.31 159.34 159.38 159.41 159.44 159.47 159.51 159.54
 159.57 159.6  159.63 159.66 159.69 159.72]",0.3634087443809618,6
