Vehicle_ID,ID,time,xloc,yloc,old_xloc,old_yloc,line_integral_values,maneuver
488,488,"[3.  3.1 3.2 3.3 3.4 3.5 3.6 3.7 3.8 3.9 4.  4.1 4.2 4.3 4.4 4.5 4.6 4.7
 4.8 4.9 5. ]","[30.663425 31.7103   32.7566   33.802325 34.846975 35.890525 36.932475
 37.972325 39.010575 40.047225 41.0818   42.1138   43.1432   44.17
 45.1937   46.2143   47.2313   48.2442   49.252975 50.2571   51.2561  ]","[1.57184615 1.60184615 1.63184615 1.66184615 1.69184615 1.72184615
 1.75184615 1.78184615 1.81184615 1.84184615 1.86184615 1.89184615
 1.92184615 1.95184615 1.97184615 2.00184615 2.02184615 2.05184615
 2.07184615 2.09184615 2.12184615]","[1600.663425 1601.7103   1602.7566   1603.802325 1604.846975 1605.890525
 1606.932475 1607.972325 1609.010575 1610.047225 1611.0818   1612.1138
 1613.1432   1614.17     1615.1937   1616.2143   1617.2313   1618.2442
 1619.252975 1620.2571   1621.2561  ]","[158.54 158.57 158.6  158.63 158.66 158.69 158.72 158.75 158.78 158.81
 158.83 158.86 158.89 158.92 158.94 158.97 158.99 159.02 159.04 159.06
 159.09]",0.0,6
