Vehicle_ID,ID,time,xloc,yloc,line_integral_values,maneuver
2449,2449,[3.7 3.8 3.9 4.  4.1 4.2 4.3 4.4 4.5 4.6 4.7 4.8 4.9 5. ],"[1840.080175 1841.09     1842.09275  1843.088925 1844.07855  1845.061625
 1846.03815  1847.007625 1847.97005  1848.925425 1849.87375  1850.815025
 1851.74925  1852.675925]","[162.89 162.89 162.89 162.89 162.89 162.88 162.88 162.88 162.88 162.87
 162.87 162.86 162.86 162.85]",0.6411389912150147,6
