Vehicle_ID,ID,time,xloc,yloc,line_integral_values,maneuver
2040,2040,[1.8 1.9 2.  2.1 2.2 2.3 2.4 2.5 2.6 2.7 2.8 2.9 3.  3.1 3.2 3.3 3.4],"[1817.751575 1818.743925 1819.731775 1820.71565  1821.69605  1822.672975
 1823.64645  1824.616975 1825.58455  1826.548675 1827.509325 1828.467
 1829.4212   1830.3714   1831.317575 1832.259725 1833.19785 ]","[162.83 162.84 162.86 162.87 162.88 162.89 162.9  162.91 162.92 162.93
 162.93 162.94 162.95 162.95 162.96 162.96 162.96]",0.5494642777554044,6
