ID,time,xloc,yloc,old_xloc,old_yloc,line_integral_values,maneuver
3,"[0.8 0.9 1.  1.1 1.2 1.3 1.4 1.5 1.6 1.7 1.8 1.9 2.  2.1 2.2 2.3 2.4 2.5
 2.6 2.7 2.8 2.9 3.  3.1 3.2 3.3 3.4 3.5 3.6 3.7 3.8 3.9 4.  4.1 4.2 4.3
 4.4 4.5 4.6 4.7 4.8 4.9 5. ]","[30.180725 30.727125 31.270225 31.810025 32.346    32.8776   33.40425
 33.925925 34.4421   34.951725 35.4543   35.9498   36.437675 36.9169
 37.386975 37.8479   38.2992   38.741425 39.1756   39.601775 40.021525
 40.43695  40.84965  41.261675 41.6746   42.090525 42.512025 42.941125
 43.378825 43.825075 44.279275 44.7403   45.2065   45.6747   46.1422
 46.606875 47.066175 47.51855  47.964025 48.4032   48.837175 49.268075
 49.697525]","[0.79 0.8  0.81 0.82 0.83 0.84 0.85 0.86 0.87 0.88 0.89 0.89 0.9  0.91
 0.91 0.92 0.93 0.94 0.94 0.95 0.96 0.97 0.98 0.99 1.   1.   1.01 1.02
 1.03 1.04 1.04 1.05 1.05 1.06 1.07 1.07 1.08 1.09 1.1  1.1  1.11 1.12
 1.13]","[1600.180725 1600.727125 1601.270225 1601.810025 1602.346    1602.8776
 1603.40425  1603.925925 1604.4421   1604.951725 1605.4543   1605.9498
 1606.437675 1606.9169   1607.386975 1607.8479   1608.2992   1608.741425
 1609.1756   1609.601775 1610.021525 1610.43695  1610.84965  1611.261675
 1611.6746   1612.090525 1612.512025 1612.941125 1613.378825 1613.825075
 1614.279275 1614.7403   1615.2065   1615.6747   1616.1422   1616.606875
 1617.066175 1617.51855  1617.964025 1618.4032   1618.837175 1619.268075
 1619.697525]","[158.25 158.26 158.27 158.28 158.29 158.3  158.31 158.32 158.33 158.34
 158.35 158.35 158.36 158.37 158.37 158.38 158.39 158.4  158.4  158.41
 158.42 158.43 158.44 158.45 158.46 158.46 158.47 158.48 158.49 158.5
 158.5  158.51 158.51 158.52 158.53 158.53 158.54 158.55 158.56 158.56
 158.57 158.58 158.59]",0.014538349927668297,6
