Vehicle_ID,ID,time,xloc,yloc,line_integral_values,maneuver
1008,2290,"[0.2 0.3 0.4 0.5 0.6 0.7 0.8 0.9 1.  1.1 1.2 1.3 1.4 1.5 1.6 1.7 1.8 1.9
 2.  2.1 2.2 2.3 2.4 2.5 2.6 2.7 2.8 2.9 3.  3.1 3.2 3.3 3.4 3.5 3.6 3.7
 3.8 3.9 4.  4.1 4.2 4.3 4.4 4.5 4.6 4.7 4.8 4.9 5. ]","[1815.6516   1816.654475 1817.6544   1818.65185  1819.647325 1820.640875
 1821.6325   1822.622175 1823.6099   1824.595675 1825.58     1826.56285
 1827.5432   1828.52105  1829.4969   1830.47025  1831.4411   1832.40995
 1833.3763   1834.34015  1835.302    1836.261875 1837.220275 1838.1772
 1839.132675 1840.0872   1841.040275 1841.9919   1842.942575 1843.8923
 1844.84105  1845.788825 1846.735625 1847.681425 1848.626225 1849.569525
 1850.511325 1851.451625 1852.390425 1853.327725 1854.263    1855.19675
 1856.129    1857.05975  1857.989    1858.91675  1859.843    1860.76775
 1861.691   ]","[162.86 162.87 162.89 162.9  162.91 162.92 162.93 162.94 162.95 162.95
 162.96 162.97 162.98 162.98 162.99 163.   163.   163.01 163.01 163.01
 163.01 163.02 163.01 163.01 163.01 163.01 163.   163.   162.99 162.99
 162.98 162.97 162.96 162.95 162.94 162.94 162.93 162.92 162.91 162.9
 162.88 162.87 162.86 162.85 162.84 162.82 162.81 162.79 162.78]",0.7809119350448285,6
