Vehicle_ID,ID,time,xloc,yloc,line_integral_values,maneuver
2170,1836,[4.8 4.9 5. ],[1815.062475 1816.097875 1817.123775],[162.59 162.6  162.61],1.606973502904482,6
