Vehicle_ID,ID,time,xloc,yloc,line_integral_values,maneuver
488,488,[1.5 1.6 1.7 1.8 1.9 2.  2.1 2.2 2.3 2.4 2.5 2.6 2.7 2.8],"[1810.14475  1810.88055  1811.62415  1812.37655  1813.1372   1813.903975
 1814.6742   1815.4447   1816.21335  1816.978075 1817.737875 1818.493325
 1819.24605  1819.99875 ]","[162.56 162.56 162.56 162.56 162.56 162.56 162.55 162.55 162.55 162.54
 162.54 162.53 162.53 162.52]",0.035276661108194725,6
