Vehicle_ID,ID,time,xloc,yloc,line_integral_values,maneuver
536,536,"[1.7 1.8 1.9 2.  2.1 2.2 2.3 2.4 2.5 2.6 2.7 2.8 2.9 3.  3.1 3.2 3.3 3.4
 3.5]","[1587.268025 1588.268875 1589.260125 1590.241275 1591.211825 1592.172275
 1593.122125 1594.0609   1594.9886   1595.905725 1596.8123   1597.70835
 1598.594925 1599.47255  1600.34175  1601.203575 1602.059075 1602.90875
 1603.7531  ]","[158.07 158.1  158.13 158.17 158.2  158.24 158.27 158.31 158.35 158.38
 158.42 158.45 158.49 158.52 158.55 158.59 158.62 158.65 158.68]",1.3649432508779318,6
