Vehicle_ID,ID,time,xloc,yloc,line_integral_values,maneuver
1983,1062,[3.7 3.8 3.9 4.  4.1 4.2 4.3 4.4 4.5 4.6],"[1800.24945  1801.3127   1802.37455  1803.434975 1804.493925 1805.550875
 1806.605825 1807.65825  1808.707625 1809.75395 ]",[162.2  162.22 162.23 162.25 162.26 162.28 162.29 162.31 162.33 162.34],0.26223029949484217,6
