Vehicle_ID,ID,time,xloc,yloc,line_integral_values,maneuver
2090,2735,[3.1 3.2 3.3 3.4 3.5 3.6 3.7 3.8 3.9 4. ],"[1810.5528   1811.571775 1812.5904   1813.608675 1814.6271   1815.646175
 1816.665925 1817.68735  1818.71095  1819.73725 ]",[161.87 161.84 161.82 161.79 161.76 161.73 161.69 161.65 161.61 161.56],0.9633051896882969,6
