Vehicle_ID,ID,time,xloc,yloc,line_integral_values,maneuver
788,788,[1.6 1.7 1.8 1.9 2.  2.1 2.2 2.3 2.4 2.5 2.6 2.7 2.8 2.9 3. ],"[1817.975675 1819.1109   1820.246075 1821.381225 1822.5169   1823.6536
 1824.791325 1825.930075 1827.06985  1828.210675 1829.35255  1830.49595
 1831.640875 1832.786825 1833.933775]","[162.46 162.46 162.46 162.46 162.46 162.45 162.45 162.45 162.44 162.44
 162.43 162.43 162.42 162.41 162.41]",1.6706862196936447,6
