Vehicle_ID,ID,time,xloc,yloc,old_xloc,old_yloc,line_integral_values,maneuver
586,586,[4.3 4.4 4.5],[30.00195  30.695075 31.387675],[1.43184615 1.45184615 1.46184615],[1600.00195  1600.695075 1601.387675],[158.4  158.42 158.43],0.0,6
