Vehicle_ID,ID,time,xloc,yloc,line_integral_values,maneuver
438,438,"[1.1 1.2 1.3 1.4 1.5 1.6 1.7 1.8 1.9 2.  2.1 2.2 2.3 2.4 2.5 2.6 2.7 2.8
 2.9 3.  3.1 3.2 3.3 3.4 3.5 3.6 3.7 3.8 3.9 4.  4.1 4.2 4.3 4.4 4.5 4.6
 4.7 4.8 4.9 5. ]","[1805.280975 1805.7584   1806.2325   1806.70165  1807.16425  1807.6187
 1808.062925 1808.49535  1808.9144   1809.318025 1809.70465  1810.073775
 1810.425    1810.758925 1811.07765  1811.383325 1811.6797   1811.971525
 1812.26405  1812.56305  1812.874275 1813.20445  1813.560275 1813.947375
 1814.36875  1814.825775 1815.318225 1815.843275 1816.395975 1816.96885
 1817.553925 1818.144275 1818.733625 1819.316825 1819.8919   1820.46005
 1821.025075 1821.591825 1822.164625 1822.7493  ]","[162.29 162.3  162.3  162.31 162.31 162.32 162.32 162.33 162.33 162.34
 162.34 162.35 162.35 162.35 162.36 162.36 162.37 162.37 162.38 162.38
 162.39 162.39 162.4  162.41 162.42 162.42 162.43 162.44 162.45 162.46
 162.47 162.47 162.48 162.49 162.5  162.51 162.51 162.52 162.53 162.54]",7.292028207769616,6
