Vehicle_ID,ID,time,xloc,yloc,line_integral_values,maneuver
91,91,[3.3 3.4 3.5 3.6 3.7 3.8 3.9 4.  4.1 4.2 4.3 4.4 4.5 4.6 4.7 4.8 4.9 5. ],"[1817.129825 1817.6462   1818.1804   1818.732875 1819.304575 1819.89645
 1820.50895  1821.141475 1821.79345  1822.46535  1823.1587   1823.875575
 1824.6175   1825.38545  1826.17935  1826.99705  1827.834825 1828.688925]","[162.18 162.18 162.17 162.17 162.16 162.15 162.15 162.15 162.14 162.14
 162.13 162.13 162.13 162.12 162.12 162.11 162.11 162.1 ]",16.881465789301007,6
