Vehicle_ID,ID,time,xloc,yloc,line_integral_values,maneuver
2484,2841,[3.  3.1 3.2 3.3 3.4 3.5 3.6 3.7 3.8 3.9 4. ],"[1810.712725 1811.63065  1812.5411   1813.444075 1814.339075 1815.2266
 1816.107175 1816.980275 1817.8459   1818.705075 1819.557825]","[162.16 162.17 162.18 162.19 162.2  162.2  162.21 162.22 162.23 162.23
 162.24]",0.1327502383500516,6
