Vehicle_ID,ID,time,xloc,yloc,line_integral_values,maneuver
0,3,[0.  0.1 0.2 0.3 0.4 0.5 0.6 0.7 0.8 0.9],"[1825.51485  1826.4157   1827.316025 1828.215825 1829.115125 1830.013925
 1830.912225 1831.81     1832.70725  1833.604025]",[162.57 162.58 162.59 162.6  162.61 162.61 162.62 162.63 162.64 162.64],0.0108206845791126,6
