Vehicle_ID,ID,time,xloc,yloc,line_integral_values,maneuver
103,91,"[0.  0.1 0.2 0.3 0.4 0.5 0.6 0.7 0.8 0.9 1.  1.1 1.2 1.3 1.4 1.5 1.6 1.7
 1.8 1.9 2.  2.1 2.2 2.3 2.4 2.5 2.6 2.7 2.8 2.9 3.  3.1 3.2 3.3 3.4 3.5
 3.6 3.7 3.8 3.9 4.  4.1 4.2 4.3 4.4 4.5 4.6 4.7 4.8 4.9 5. ]","[1819.304575 1819.89645  1820.50895  1821.141475 1821.79345  1822.46535
 1823.1587   1823.875575 1824.6175   1825.38545  1826.17935  1826.99705
 1827.834825 1828.688925 1829.555075 1830.428025 1831.302575 1832.173525
 1833.035725 1833.885075 1834.71905  1835.536225 1836.33625  1837.1193
 1837.886025 1838.637575 1839.374025 1840.09385  1840.794475 1841.473325
 1842.127825 1842.75545  1843.3558   1843.93055  1844.4819   1845.013075
 1845.5273   1846.02775  1846.51755  1846.9983   1847.47155  1847.938775
 1848.399925 1848.85445  1849.302275 1849.742325 1850.1735   1850.5952
 1851.005875 1851.4045   1851.791575]","[162.16 162.15 162.15 162.15 162.14 162.14 162.13 162.13 162.13 162.12
 162.12 162.11 162.11 162.1  162.1  162.1  162.09 162.09 162.09 162.08
 162.08 162.08 162.08 162.07 162.07 162.07 162.07 162.07 162.07 162.08
 162.08 162.08 162.08 162.09 162.09 162.09 162.09 162.1  162.1  162.1
 162.1  162.11 162.11 162.11 162.12 162.12 162.13 162.13 162.14 162.14
 162.15]",9.592108442967653,6
