Vehicle_ID,ID,time,xloc,yloc,line_integral_values,maneuver
2390,2390,[1.1 1.2 1.3 1.4 1.5 1.6 1.7 1.8 1.9 2. ],"[1810.288975 1811.296525 1812.30215  1813.305825 1814.30805  1815.30885
 1816.308225 1817.30615  1818.302625 1819.29815 ]",[162.56 162.57 162.58 162.6  162.61 162.62 162.63 162.64 162.65 162.66],0.04135613214854733,6
