Vehicle_ID,ID,time,xloc,yloc,line_integral_values,maneuver
2841,2484,"[0.1 0.2 0.3 0.4 0.5 0.6 0.7 0.8 0.9 1.  1.1 1.2 1.3 1.4 1.5 1.6 1.7 1.8
 1.9 2.  2.1 2.2 2.3 2.4 2.5 2.6 2.7 2.8 2.9 3.  3.1 3.2 3.3 3.4 3.5 3.6
 3.7 3.8 3.9 4.  4.1 4.2 4.3 4.4 4.5 4.6 4.7 4.8 4.9 5. ]","[1980.4223   1981.079225 1981.737325 1982.398125 1983.063625 1983.735325
 1984.4137   1985.099175 1985.791675 1986.4901   1987.193325 1987.90075
 1988.6113   1989.3234   1990.036475 1990.75     1991.463475 1992.177425
 1992.8929   1993.61045  1994.331125 1995.0565   1995.78815  1996.528125
 1997.278    1998.0388   1998.811525 1999.596675 2000.3942   2001.20455
 2002.0277   2002.863625 2003.713325 2004.5773   2005.45555  2006.3491
 2007.25895  2008.1856   2009.13005  2010.0928   2011.07385  2012.0737
 2013.09335  2014.1333   2015.194025 2016.276025 2017.379825 2018.506425
 2019.656325 2020.8295  ]","[155.96 155.9  155.84 155.78 155.71 155.65 155.59 155.53 155.47 155.41
 155.34 155.28 155.21 155.15 155.08 155.01 154.94 154.87 154.8  154.73
 154.66 154.6  154.53 154.46 154.39 154.32 154.25 154.18 154.11 154.03
 153.96 153.88 153.81 153.73 153.65 153.57 153.49 153.4  153.32 153.23
 153.14 153.05 152.96 152.87 152.77 152.68 152.59 152.49 152.39 152.29]",0.0011825122944428591,6
