Vehicle_ID,ID,time,xloc,yloc,line_integral_values,maneuver
1961,1961,"[1.4 1.5 1.6 1.7 1.8 1.9 2.  2.1 2.2 2.3 2.4 2.5 2.6 2.7 2.8 2.9 3.  3.1
 3.2 3.3 3.4 3.5 3.6 3.7 3.8 3.9 4.  4.1 4.2 4.3 4.4 4.5 4.6 4.7 4.8 4.9
 5. ]","[1815.7545   1816.922825 1818.090125 1819.2564   1820.42165  1821.585875
 1822.74905  1823.9112   1825.072325 1826.232425 1827.3915   1828.54905
 1829.705075 1830.85955  1832.0125   1833.163925 1834.313325 1835.4612
 1836.607525 1837.7518   1838.894025 1840.033725 1841.1709   1842.305525
 1843.4376   1844.5671   1845.693525 1846.8169   1847.937225 1849.054
 1850.167225 1851.276875 1852.38245  1853.483975 1854.58145  1855.674875
 1856.76425 ]","[162.54 162.55 162.56 162.58 162.59 162.6  162.61 162.63 162.64 162.65
 162.66 162.67 162.68 162.7  162.71 162.72 162.73 162.74 162.75 162.76
 162.77 162.78 162.79 162.79 162.8  162.81 162.81 162.82 162.82 162.82
 162.82 162.82 162.82 162.82 162.82 162.81 162.81]",0.352135870821615,6
