Vehicle_ID,ID,time,xloc,yloc,line_integral_values,maneuver
57,57,[1.5 1.6 1.7 1.8 1.9 2.  2.1 2.2 2.3 2.4 2.5 2.6 2.7 2.8],"[1800.500425 1801.21285  1801.924875 1802.637025 1803.3493   1804.062725
 1804.7778   1805.494525 1806.2134   1806.934425 1807.657575 1808.382825
 1809.110175 1809.839625]","[162.35 162.36 162.37 162.38 162.39 162.4  162.41 162.42 162.43 162.44
 162.45 162.46 162.47 162.48]",0.10010119864650671,6
