Vehicle_ID,ID,time,xloc,yloc,line_integral_values,maneuver
1836,1836,[0.9 1.  1.1 1.2 1.3 1.4 1.5 1.6 1.7],"[1800.71885  1801.877175 1803.027425 1804.1691   1805.3017   1806.425225
 1807.539175 1808.643525 1809.738275]",[162.45 162.46 162.47 162.49 162.5  162.51 162.52 162.53 162.54],0.11591645015355993,6
