Vehicle_ID,ID,time,xloc,yloc,line_integral_values,maneuver
2150,2150,"[3.2 3.3 3.4 3.5 3.6 3.7 3.8 3.9 4.  4.1 4.2 4.3 4.4 4.5 4.6 4.7 4.8 4.9
 5. ]","[1337.1833   1337.80925  1338.44325  1339.0832   1339.726975 1340.372475
 1341.018675 1341.6656   1342.3138   1342.96385  1343.616325 1344.27225
 1344.931625 1345.593425 1346.2566   1346.919575 1347.5808   1348.23975
 1348.8959  ]","[158.9  158.88 158.87 158.86 158.85 158.83 158.82 158.8  158.79 158.77
 158.76 158.74 158.73 158.71 158.69 158.68 158.66 158.65 158.63]",1.2447721262815121,6
