Vehicle_ID,ID,time,xloc,yloc,line_integral_values,maneuver
2636,2592,"[0.  0.1 0.2 0.3 0.4 0.5 0.6 0.7 0.8 0.9 1.  1.1 1.2 1.3 1.4 1.5 1.6 1.7
 1.8 1.9 2.  2.1]","[1600.190275 1601.28465  1602.383975 1603.48875  1604.599    1605.714225
 1606.834425 1607.959625 1609.090325 1610.226525 1611.368225 1612.515425
 1613.66815  1614.8269   1615.99115  1617.1609   1618.33615  1619.5169
 1620.70315  1621.894375 1623.090575 1624.29175  1625.49735  1626.70635
 1627.91825  1629.133025]","[157.38 157.41 157.43 157.46 157.48 157.51 157.54 157.56 157.59 157.61
 157.64 157.67 157.7  157.72 157.75 157.78 157.8  157.83 157.85 157.88
 157.91 157.93 157.96 157.98 158.01 158.03]",1.5325908977675815,6
