Vehicle_ID,ID,time,xloc,yloc,line_integral_values,maneuver
942,942,"[1.6 1.7 1.8 1.9 2.  2.1 2.2 2.3 2.4 2.5 2.6 2.7 2.8 2.9 3.  3.1 3.2 3.3
 3.4 3.5 3.6 3.7 3.8 3.9 4.  4.1 4.2 4.3 4.4 4.5 4.6 4.7 4.8 4.9 5. ]","[1180.8705   1181.96635  1183.071925 1184.187225 1185.312725 1186.4484
 1187.59425  1188.750275 1189.91695  1191.094775 1192.28375  1193.483875
 1194.69565  1195.91955  1197.155575 1198.40425  1199.6661   1200.941125
 1202.2298   1203.5321   1204.848    1206.176975 1207.517975 1208.87095
 1210.23485  1211.6081   1212.98915  1214.37645  1215.769425 1217.167075
 1218.567875 1219.9708   1221.375375 1222.781075 1224.186925]","[160.2  160.23 160.27 160.3  160.32 160.35 160.38 160.4  160.43 160.45
 160.47 160.49 160.51 160.53 160.54 160.55 160.57 160.58 160.59 160.59
 160.6  160.61 160.61 160.62 160.62 160.62 160.63 160.63 160.63 160.63
 160.63 160.63 160.63 160.62 160.62]",4.015319978969414,6
