Vehicle_ID,ID,time,xloc,yloc,line_integral_values,maneuver
61,57,"[2.3 2.4 2.5 2.6 2.7 2.8 2.9 3.  3.1 3.2 3.3 3.4 3.5 3.6 3.7 3.8 3.9 4.
 4.1 4.2 4.3 4.4 4.5 4.6 4.7 4.8 4.9 5. ]","[1840.807975 1841.619275 1842.4321   1843.24745  1844.065325 1844.88525
 1845.707725 1846.53325  1847.361825 1848.19345  1849.028125 1849.86585
 1850.706625 1851.55095  1852.398825 1853.24975  1854.1042   1854.962175
 1855.8237   1856.689275 1857.558375 1858.431    1859.30765  1860.187825
 1861.071525 1861.95925  1862.851    1863.746775]","[162.83 162.84 162.84 162.84 162.85 162.85 162.85 162.85 162.85 162.86
 162.86 162.86 162.86 162.86 162.86 162.86 162.85 162.85 162.85 162.84
 162.84 162.83 162.82 162.82 162.81 162.8  162.79 162.78]",0.23225018187512442,6
