Vehicle_ID,ID,time,xloc,yloc,line_integral_values,maneuver
942,2015,"[0.7 0.8 0.9 1.  1.1 1.2 1.3 1.4 1.5 1.6 1.7 1.8 1.9 2.  2.1 2.2 2.3 2.4
 2.5 2.6 2.7 2.8 2.9 3.  3.1 3.2 3.3 3.4 3.5 3.6 3.7 3.8 3.9 4.  4.1 4.2
 4.3 4.4 4.5 4.6 4.7 4.8 4.9 5. ]","[1830.31315  1831.469075 1832.63035  1833.79595  1834.965325 1836.137475
 1837.3119   1838.488075 1839.6655   1840.843675 1842.022125 1843.20085
 1844.37935  1845.557675 1846.73585  1847.913875 1849.091775 1850.269575
 1851.447275 1852.624875 1853.8024   1854.97985  1856.156725 1857.33305
 1858.5093   1859.684975 1860.8596   1862.033675 1863.207175 1864.3791
 1865.549475 1866.7188   1867.887075 1869.0543   1870.220475 1871.385125
 1872.54825  1873.71035  1874.87195  1876.03305  1877.19315  1878.35225
 1879.51085  1880.66895 ]","[160.63 160.72 160.81 160.9  160.99 161.07 161.16 161.24 161.31 161.39
 161.46 161.52 161.59 161.65 161.71 161.77 161.82 161.87 161.92 161.96
 162.   162.04 162.07 162.1  162.13 162.16 162.18 162.19 162.21 162.22
 162.23 162.23 162.23 162.23 162.23 162.23 162.22 162.21 162.19 162.18
 162.16 162.15 162.13 162.1 ]",7.7451910554548435,6
