Vehicle_ID,ID,time,xloc,yloc,line_integral_values,maneuver
537,537,"[2.9 3.  3.1 3.2 3.3 3.4 3.5 3.6 3.7 3.8 3.9 4.  4.1 4.2 4.3 4.4 4.5 4.6
 4.7 4.8 4.9 5. ]","[1585.280875 1585.825925 1586.367775 1586.904875 1587.43565  1587.959075
 1588.474125 1588.979275 1589.473525 1589.9569   1590.429425 1590.89065
 1591.341125 1591.780875 1592.209425 1592.626775 1593.0319   1593.423775
 1593.8024   1594.16675  1594.51635  1594.852275]","[157.75 157.75 157.76 157.77 157.77 157.78 157.78 157.79 157.8  157.8
 157.8  157.81 157.81 157.82 157.82 157.82 157.82 157.83 157.83 157.83
 157.84 157.84]",11.905509096694612,6
