Vehicle_ID,ID,time,xloc,yloc,line_integral_values,maneuver
94,438,"[0.4 0.5 0.6 0.7 0.8 0.9 1.  1.1 1.2 1.3 1.4 1.5 1.6 1.7 1.8 1.9 2.  2.1
 2.2 2.3 2.4 2.5 2.6 2.7 2.8 2.9 3.  3.1 3.2 3.3 3.4 3.5 3.6 3.7 3.8 3.9
 4.  4.1 4.2 4.3 4.4 4.5 4.6 4.7 4.8 4.9 5. ]","[1910.040675 1910.610675 1911.178225 1911.74435  1912.30905  1912.8718
 1913.431525 1913.987175 1914.5382   1915.0846   1915.62695  1916.165825
 1916.70275  1917.23775  1917.76925  1918.2956   1918.814175 1919.3229
 1919.821275 1920.309875 1920.79035  1921.26485  1921.736    1922.206425
 1922.678225 1923.1535   1923.6338   1924.1201   1924.61285  1925.112
 1925.6175   1926.129825 1926.65     1927.17905  1927.718525 1928.269475
 1928.832875 1929.4097   1930.001    1930.608825 1931.2347   1931.879075
 1932.541375 1933.2205   1933.9148   1934.6216   1935.337175]","[160.83 160.8  160.78 160.75 160.72 160.7  160.67 160.64 160.61 160.58
 160.55 160.52 160.49 160.46 160.43 160.39 160.36 160.33 160.29 160.26
 160.22 160.19 160.15 160.12 160.08 160.04 160.01 159.97 159.93 159.89
 159.85 159.81 159.77 159.73 159.68 159.64 159.6  159.56 159.51 159.47
 159.43 159.38 159.34 159.29 159.25 159.2  159.16]",0.9027752109912806,6
