Vehicle_ID,ID,time,xloc,yloc,old_xloc,old_yloc,line_integral_values,maneuver
540,145,"[0.3 0.4 0.5 0.6 0.7 0.8 0.9 1.  1.1 1.2 1.3 1.4 1.5 1.6 1.7 1.8 1.9 2.
 2.1 2.2 2.3 2.4 2.5 2.6 2.7 2.8 2.9 3.  3.1 3.2 3.3 3.4 3.5 3.6 3.7 3.8
 3.9 4.  4.1 4.2 4.3 4.4 4.5 4.6 4.7 4.8 4.9 5. ]","[30.0541   30.68825  31.3168   31.94025  32.5581   33.16985  33.774975
 34.37245  34.961225 35.540225 36.108425 36.664275 37.20625  37.733325
 38.24395  38.73765  39.214475 39.67395  40.11665  40.543175 40.954575
 41.35245  41.7384   42.114    42.480825 42.839925 43.19235  43.539625
 43.88225  44.220175 44.553325 44.88115  45.2026   45.517125 45.824175
 46.12375  46.416375 46.7031   46.985    47.2631   47.538425 47.810975
 48.08125  48.35025  48.61795  48.88435  49.149425 49.413175]","[0.91184615 0.92184615 0.93184615 0.94184615 0.94184615 0.95184615
 0.96184615 0.97184615 0.97184615 0.98184615 0.99184615 0.99184615
 1.00184615 1.01184615 1.01184615 1.02184615 1.03184615 1.03184615
 1.04184615 1.05184615 1.05184615 1.06184615 1.07184615 1.07184615
 1.08184615 1.09184615 1.09184615 1.10184615 1.11184615 1.11184615
 1.12184615 1.13184615 1.13184615 1.14184615 1.15184615 1.16184615
 1.17184615 1.18184615 1.18184615 1.19184615 1.20184615 1.21184615
 1.21184615 1.22184615 1.23184615 1.23184615 1.24184615 1.25184615]","[1600.0541   1600.68825  1601.3168   1601.94025  1602.5581   1603.16985
 1603.774975 1604.37245  1604.961225 1605.540225 1606.108425 1606.664275
 1607.20625  1607.733325 1608.24395  1608.73765  1609.214475 1609.67395
 1610.11665  1610.543175 1610.954575 1611.35245  1611.7384   1612.114
 1612.480825 1612.839925 1613.19235  1613.539625 1613.88225  1614.220175
 1614.553325 1614.88115  1615.2026   1615.517125 1615.824175 1616.12375
 1616.416375 1616.7031   1616.985    1617.2631   1617.538425 1617.810975
 1618.08125  1618.35025  1618.61795  1618.88435  1619.149425 1619.413175]","[157.88 157.89 157.9  157.91 157.91 157.92 157.93 157.94 157.94 157.95
 157.96 157.96 157.97 157.98 157.98 157.99 158.   158.   158.01 158.02
 158.02 158.03 158.04 158.04 158.05 158.06 158.06 158.07 158.08 158.08
 158.09 158.1  158.1  158.11 158.12 158.13 158.14 158.15 158.15 158.16
 158.17 158.18 158.18 158.19 158.2  158.2  158.21 158.22]",1.0746054214066428e-05,6
