Vehicle_ID,ID,time,xloc,yloc,line_integral_values,maneuver
2592,2247,"[0.  0.1 0.2 0.3 0.4 0.5 0.6 0.7 0.8 0.9 1.  1.1 1.2 1.3 1.4 1.5 1.6 1.7
 1.8 1.9 2.  2.1]","[1606.565325 1607.62375  1608.688125 1609.758975 1610.8358   1611.918075
 1613.0063   1614.09995  1615.198525 1616.30205  1617.4105   1618.523875
 1619.641675 1620.7639   1621.89055  1623.021125 1624.155625 1625.293525
 1626.434325 1627.578025 1628.7241   1629.871525]","[158.06 158.08 158.11 158.13 158.15 158.17 158.2  158.22 158.24 158.27
 158.29 158.32 158.34 158.37 158.4  158.42 158.45 158.48 158.5  158.53
 158.56 158.58]",0.0,6
