Vehicle_ID,ID,time,xloc,yloc,line_integral_values,maneuver
2090,2090,[4.4 4.5 4.6 4.7 4.8 4.9 5. ],"[1840.261175 1841.056825 1841.849075 1842.638925 1843.426375 1844.211425
 1844.994575]",[162.28 162.29 162.29 162.29 162.3  162.3  162.3 ],1.5496807382938738,6
