Vehicle_ID,ID,time,xloc,yloc,line_integral_values,maneuver
972,972,[1.6 1.7 1.8 1.9 2.  2.1 2.2 2.3 2.4 2.5 2.6 2.7 2.8 2.9 3. ],"[1817.895775 1819.043275 1820.1877   1821.32905  1822.466825 1823.60105
 1824.731725 1825.85885  1826.982925 1828.10345  1829.21995  1830.332925
 1831.44235  1832.54825  1833.650625]","[162.34 162.34 162.35 162.35 162.35 162.35 162.35 162.36 162.36 162.36
 162.36 162.35 162.35 162.35 162.35]",0.1683080785329378,6
