Vehicle_ID,ID,time,xloc,yloc,line_integral_values,maneuver
3,3,[4.5 4.6 4.7 4.8 4.9],[1600.180725 1600.727125 1601.270225 1601.810025 1602.346   ],[158.25 158.26 158.27 158.28 158.29],0.0,6
