Vehicle_ID,ID,time,xloc,yloc,line_integral_values,maneuver
1062,1983,"[0.  0.1 0.2 0.3 0.4 0.5 0.6 0.7 0.8 0.9 1.  1.1 1.2 1.3 1.4 1.5 1.6 1.7
 1.8 1.9 2.  2.1 2.2 2.3 2.4 2.5 2.6 2.7 2.8 2.9 3.  3.1 3.2 3.3 3.4 3.5
 3.6 3.7 3.8 3.9 4.  4.1 4.2 4.3 4.4 4.5 4.6 4.7 4.8 4.9 5. ]","[1830.49695  1831.60225  1832.70455  1833.80435  1834.901625 1835.995875
 1837.087625 1838.176875 1839.2631   1840.3463   1841.427    1842.5052
 1843.580375 1844.652525 1845.721675 1846.7878   1847.8509   1848.910475
 1849.966525 1851.01955  1852.06955  1853.116025 1854.158975 1855.198925
 1856.23535  1857.26825  1858.29815  1859.32455  1860.34745  1861.36685
 1862.382725 1863.395575 1864.404925 1865.410775 1866.413625 1867.4135
 1868.4104   1869.4043   1870.3952   1871.3831   1872.368025 1873.349975
 1874.32895  1875.30545  1876.279975 1877.25255  1878.2232   1879.191925
 1880.159225 1881.1256   1882.09105 ]","[162.22 162.24 162.26 162.28 162.3  162.31 162.33 162.34 162.36 162.37
 162.39 162.4  162.42 162.43 162.44 162.45 162.46 162.47 162.47 162.48
 162.49 162.49 162.49 162.49 162.5  162.49 162.49 162.49 162.49 162.48
 162.48 162.47 162.46 162.45 162.44 162.43 162.42 162.4  162.39 162.37
 162.36 162.34 162.32 162.3  162.27 162.25 162.23 162.2  162.18 162.15
 162.12]",17.063302843545586,6
