Vehicle_ID,ID,time,xloc,yloc,line_integral_values,maneuver
52,57,[4.4 4.5 4.6 4.7 4.8 4.9 5. ],"[1980.469525 1981.373725 1982.276925 1983.179625 1984.0818   1984.98295
 1985.883075]",[155.96 155.88 155.79 155.71 155.62 155.54 155.45],0.0003474420173860965,6
