Vehicle_ID,ID,time,xloc,yloc,line_integral_values,maneuver
82,103,[0.  0.1 0.2 0.3 0.4 0.5 0.6 0.7 0.8 0.9],"[1802.3353   1803.085775 1803.8453   1804.613875 1805.391525 1806.17875
 1806.9755   1807.78075  1808.59345  1809.412525]",[162.42 162.43 162.43 162.44 162.45 162.46 162.47 162.47 162.48 162.49],0.13532393112174362,6
