Vehicle_ID,ID,time,xloc,yloc,line_integral_values,maneuver
2040,0,"[0.  0.1 0.2 0.3 0.4 0.5 0.6 0.7 0.8 0.9 1.  1.1 1.2 1.3 1.4 1.5 1.6 1.7
 1.8 1.9 2.  2.1 2.2 2.3 2.4 2.5 2.6 2.7 2.8 2.9 3.  3.1 3.2 3.3 3.4 3.5
 3.6 3.7 3.8 3.9 4.  4.1 4.2 4.3 4.4 4.5 4.6 4.7 4.8 4.9 5. ]","[2185.109925 2185.780425 2186.452    2187.12465  2187.798875 2188.475175
 2189.153575 2189.83405  2190.516575 2191.201175 2191.88785  2192.577075
 2193.26885  2193.962675 2194.658525 2195.3569   2196.0578   2196.760725
 2197.465675 2198.172625 2198.8816   2199.5931   2200.3071   2201.023125
 2201.741675 2202.46275  2203.186375 2203.913025 2204.6427   2205.375425
 2206.111175 2206.84995  2207.59125  2208.33505  2209.08135  2209.829625
 2210.57985  2211.33205  2212.086225 2212.84235  2213.599925 2214.358975
 2215.12     2215.883    2216.648    2217.415    2218.184    2218.955025
 2219.728075 2220.503625 2221.2817  ]","[137.8  137.75 137.7  137.65 137.6  137.55 137.5  137.45 137.4  137.35
 137.31 137.26 137.21 137.16 137.12 137.07 137.03 136.98 136.94 136.9
 136.85 136.81 136.76 136.72 136.67 136.63 136.58 136.54 136.49 136.45
 136.4  136.35 136.3  136.25 136.2  136.15 136.1  136.05 136.   135.95
 135.9  135.85 135.79 135.74 135.69 135.63 135.58 135.52 135.46 135.41
 135.35]",0.0,6
