Vehicle_ID,ID,time,xloc,yloc,line_integral_values,maneuver
2509,3926,[4.1 4.2 4.3 4.4 4.5 4.6 4.7 4.8 4.9 5. ],"[1815.1241   1816.20365  1817.259475 1818.29105  1819.2979   1820.281125
 1821.2439   1822.18995  1823.1235   1824.04925 ]",[161.7  161.76 161.82 161.88 161.93 161.98 162.02 162.07 162.11 162.15],0.5120745709173335,6
