Vehicle_ID,ID,time,xloc,yloc,line_integral_values,maneuver
899,537,"[0.  0.1 0.2 0.3 0.4 0.5 0.6 0.7 0.8 0.9 1.  1.1 1.2 1.3 1.4 1.5 1.6 1.7
 1.8]","[1623.7501   1624.051125 1624.355175 1624.662725 1624.973775 1625.287825
 1625.604875 1625.924925 1626.247975 1626.574525 1626.9046   1627.2377
 1627.5743   1627.9144   1628.2575   1628.6036   1628.9532   1629.3063
 1629.6624  ]","[158.11 158.12 158.13 158.13 158.14 158.15 158.16 158.17 158.17 158.18
 158.19 158.2  158.21 158.22 158.23 158.24 158.25 158.26 158.27]",0.0,6
