Vehicle_ID,ID,time,xloc,yloc,line_integral_values,maneuver
83,83,"[1.8 1.9 2.  2.1 2.2 2.3 2.4 2.5 2.6 2.7 2.8 2.9 3.  3.1 3.2 3.3 3.4 3.5
 3.6 3.7 3.8 3.9 4.  4.1 4.2 4.3 4.4 4.5 4.6 4.7 4.8 4.9 5. ]","[1180.1946   1181.074025 1181.954525 1182.8361   1183.71925  1184.603975
 1185.490275 1186.37865  1187.2696   1188.16315  1189.0593   1189.95855
 1190.8609   1191.76685  1192.676925 1193.591125 1194.509425 1195.43235
 1196.3604   1197.29355  1198.2318   1199.175175 1200.124175 1201.07875
 1202.0389   1203.00515  1203.9775   1204.955925 1205.940425 1206.931525
 1207.9292   1208.93345  1209.9448  ]","[161.   161.01 161.02 161.02 161.03 161.03 161.04 161.04 161.05 161.05
 161.05 161.05 161.06 161.06 161.06 161.06 161.07 161.07 161.07 161.07
 161.07 161.07 161.07 161.07 161.07 161.07 161.07 161.07 161.06 161.06
 161.05 161.05 161.04]",5.442176288860009,6
