Vehicle_ID,ID,time,xloc,yloc,line_integral_values,maneuver
75,75,"[0.8 0.9 1.  1.1 1.2 1.3 1.4 1.5 1.6 1.7 1.8 1.9 2.  2.1 2.2 2.3 2.4 2.5
 2.6 2.7 2.8 2.9 3.  3.1 3.2 3.3 3.4 3.5 3.6 3.7 3.8 3.9 4. ]","[1805.23035  1805.94175  1806.655075 1807.370375 1808.0887   1808.8111
 1809.5381   1810.27025  1811.008575 1811.753575 1812.505775 1813.266175
 1814.034775 1814.81155  1815.596475 1816.38955  1817.190725 1817.99945
 1818.814725 1819.636    1820.4632   1821.2953   1822.1318   1822.972175
 1823.815925 1824.66305  1825.51355  1826.36745  1827.2248   1828.086625
 1828.95345  1829.825825 1830.70375 ]","[161.64 161.63 161.61 161.59 161.57 161.55 161.52 161.5  161.47 161.44
 161.41 161.38 161.34 161.31 161.27 161.23 161.19 161.15 161.1  161.06
 161.01 160.96 160.91 160.86 160.81 160.76 160.7  160.65 160.59 160.53
 160.48 160.42 160.37]",1.053480963622789,6
