Vehicle_ID,ID,time,xloc,yloc,line_integral_values,maneuver
1008,2290,"[0.6 0.7 0.8 0.9 1.  1.1 1.2 1.3 1.4 1.5 1.6 1.7 1.8 1.9 2.  2.1 2.2 2.3
 2.4 2.5 2.6 2.7 2.8 2.9 3.  3.1 3.2 3.3 3.4 3.5 3.6 3.7 3.8 3.9 4.  4.1
 4.2 4.3 4.4 4.5 4.6 4.7 4.8 4.9 5. ]","[1980.61435  1981.309775 1981.999675 1982.68405  1983.3629   1984.03625
 1984.7041   1985.36695  1986.0248   1986.677675 1987.3256   1987.969075
 1988.6086   1989.244175 1989.8758   1990.5035   1991.127775 1991.749125
 1992.36755  1992.98305  1993.59615  1994.206825 1994.815075 1995.4209
 1996.024275 1996.625725 1997.22525  1997.822825 1998.41845  1999.01265
 1999.605425 2000.19625  2000.785625 2001.37405  2001.961025 2002.54655
 2003.131125 2003.71475  2004.297425 2004.87915  2005.460425 2006.04125
 2006.621625 2007.20155  2007.781025]","[155.73 155.67 155.61 155.54 155.48 155.41 155.35 155.29 155.22 155.16
 155.1  155.04 154.98 154.92 154.86 154.8  154.74 154.68 154.62 154.56
 154.5  154.45 154.39 154.33 154.28 154.22 154.17 154.11 154.06 154.
 153.95 153.89 153.84 153.79 153.73 153.68 153.62 153.57 153.52 153.47
 153.41 153.36 153.31 153.26 153.21]",0.00021726703502334064,6
