Vehicle_ID,ID,time,xloc,yloc,line_integral_values,maneuver
3,0,[4.7 4.8 4.9 5. ],[1980.607525 1981.6372   1982.66725  1983.697175],[156.24 156.15 156.05 155.96],0.0006204649450089935,6
