Vehicle_ID,ID,time,xloc,yloc,line_integral_values,maneuver
899,899,"[1.4 1.5 1.6 1.7 1.8 1.9 2.  2.1 2.2 2.3 2.4 2.5 2.6 2.7 2.8 2.9 3.  3.1
 3.2 3.3 3.4 3.5 3.6 3.7 3.8 3.9 4.  4.1 4.2 4.3 4.4 4.5 4.6 4.7 4.8 4.9
 5. ]","[1910.431725 1911.5421   1912.643325 1913.7354   1914.817825 1915.8901
 1916.952225 1918.0042   1919.046025 1920.077225 1921.0978   1922.10775
 1923.107125 1924.09645  1925.075225 1926.04345  1927.00215  1927.95135
 1928.89105  1929.821775 1930.743575 1931.65695  1932.5624   1933.46045
 1934.3516   1935.23585  1936.113725 1936.98575  1937.852425 1938.71425
 1939.571225 1940.42385  1941.272625 1942.11755  1942.95865  1943.796425
 1944.63135 ]","[160.88 160.82 160.76 160.7  160.63 160.57 160.51 160.44 160.38 160.31
 160.24 160.18 160.11 160.04 159.97 159.91 159.84 159.77 159.7  159.63
 159.57 159.5  159.43 159.37 159.3  159.24 159.17 159.1  159.04 158.97
 158.91 158.84 158.78 158.71 158.65 158.58 158.52]",0.18952070451932362,6
