Vehicle_ID,ID,time,xloc,yloc,line_integral_values,maneuver
66,68,"[0.  0.1 0.2 0.3 0.4 0.5 0.6 0.7 0.8 0.9 1.  1.1 1.2 1.3 1.4 1.5 1.6 1.7
 1.8 1.9 2.  2.1 2.2 2.3 2.4 2.5 2.6 2.7 2.8 2.9 3.  3.1 3.2 3.3 3.4 3.5
 3.6 3.7 3.8 3.9 4.  4.1 4.2 4.3 4.4 4.5 4.6 4.7 4.8 4.9 5. ]","[1821.543    1822.06085  1822.5843   1823.11285  1823.646475 1824.185125
 1824.728275 1825.275925 1825.828075 1826.384225 1826.944875 1827.51005
 1828.07975  1828.654475 1829.23425  1829.8196   1830.41155  1831.0106
 1831.616775 1832.230575 1832.851975 1833.47995  1834.114475 1834.755525
 1835.40255  1836.05505  1836.712525 1837.374925 1838.041725 1838.712425
 1839.387025 1840.065025 1840.7459   1841.42965  1842.116325 1842.805925
 1843.498975 1844.196    1844.897025 1845.602075 1846.31165  1847.026275
 1847.746475 1848.47225  1849.20305  1849.938875 1850.679725 1851.42505
 1852.174325 1852.92755  1853.6837  ]","[162.66 162.66 162.67 162.68 162.69 162.7  162.71 162.72 162.73 162.73
 162.74 162.75 162.75 162.76 162.76 162.77 162.77 162.78 162.78 162.79
 162.79 162.8  162.8  162.8  162.8  162.8  162.81 162.81 162.8  162.8
 162.8  162.8  162.8  162.79 162.79 162.79 162.78 162.78 162.77 162.77
 162.76 162.75 162.75 162.74 162.73 162.73 162.72 162.71 162.7  162.69
 162.68]",3.2181809075748036,6
