Vehicle_ID,ID,time,xloc,yloc,line_integral_values,maneuver
2972,2972,[1.3 1.4 1.5 1.6],[1900.547575 1901.721425 1902.872    1904.01095 ],[161.21 161.18 161.14 161.11],0.025280186847393814,6
