Vehicle_ID,ID,time,xloc,yloc,old_xloc,old_yloc,line_integral_values,maneuver
3,61,"[1.1 1.2 1.3 1.4 1.5 1.6 1.7 1.8 1.9 2.  2.1 2.2 2.3 2.4 2.5 2.6 2.7 2.8
 2.9 3.  3.1 3.2 3.3 3.4 3.5 3.6 3.7 3.8 3.9 4.  4.1 4.2 4.3 4.4 4.5 4.6
 4.7 4.8 4.9 5. ]","[30.301975 30.93155  31.5597   32.186925 32.8127   33.436    34.05625
 34.672375 35.28285  35.88715  36.485275 37.07725  37.663125 38.243975
 38.82135  39.396325 39.968925 40.539125 41.1069   41.671675 42.232375
 42.78745  43.33535  43.8745   44.403325 44.9208   45.4264   45.91915
 46.39965  46.86895  47.327075 47.774575 48.212025 48.639975 49.05945
 49.4715   49.876675 50.275525 50.66905  51.05775 ]","[0.58184615 0.59184615 0.61184615 0.62184615 0.64184615 0.65184615
 0.67184615 0.68184615 0.70184615 0.71184615 0.73184615 0.74184615
 0.76184615 0.77184615 0.79184615 0.80184615 0.81184615 0.83184615
 0.84184615 0.86184615 0.87184615 0.89184615 0.90184615 0.91184615
 0.92184615 0.94184615 0.95184615 0.96184615 0.97184615 0.98184615
 0.99184615 0.99184615 1.00184615 1.01184615 1.02184615 1.03184615
 1.04184615 1.05184615 1.05184615 1.06184615]","[1600.301975 1600.93155  1601.5597   1602.186925 1602.8127   1603.436
 1604.05625  1604.672375 1605.28285  1605.88715  1606.485275 1607.07725
 1607.663125 1608.243975 1608.82135  1609.396325 1609.968925 1610.539125
 1611.1069   1611.671675 1612.232375 1612.78745  1613.33535  1613.8745
 1614.403325 1614.9208   1615.4264   1615.91915  1616.39965  1616.86895
 1617.327075 1617.774575 1618.212025 1618.639975 1619.05945  1619.4715
 1619.876675 1620.275525 1620.66905  1621.05775 ]","[157.55 157.56 157.58 157.59 157.61 157.62 157.64 157.65 157.67 157.68
 157.7  157.71 157.73 157.74 157.76 157.77 157.78 157.8  157.81 157.83
 157.84 157.86 157.87 157.88 157.89 157.91 157.92 157.93 157.94 157.95
 157.96 157.96 157.97 157.98 157.99 158.   158.01 158.02 158.02 158.03]",7.583455796958104e-06,6
