Vehicle_ID,ID,time,xloc,yloc,line_integral_values,maneuver
2509,2509,[3.8 3.9 4.  4.1 4.2 4.3 4.4 4.5 4.6 4.7 4.8 4.9 5. ],"[1840.475925 1841.480325 1842.47815  1843.469425 1844.45465  1845.433325
 1846.40545  1847.37155  1848.331625 1849.285675 1850.233725 1851.175775
 1852.11235 ]","[162.74 162.73 162.72 162.72 162.71 162.7  162.69 162.68 162.67 162.66
 162.65 162.64 162.63]",0.43512338685487256,6
