Vehicle_ID,ID,time,xloc,yloc,line_integral_values,maneuver
91,94,"[2.3 2.4 2.5 2.6 2.7 2.8 2.9 3.  3.1 3.2 3.3 3.4 3.5 3.6 3.7 3.8 3.9 4.
 4.1 4.2 4.3 4.4 4.5 4.6 4.7 4.8 4.9 5. ]","[1840.04405  1840.37925  1840.7287   1841.09115  1841.46435  1841.846075
 1842.234675 1842.629575 1843.032325 1843.4466   1843.876075 1844.323325
 1844.79035  1845.278625 1845.788625 1846.321325 1846.8782   1847.459175
 1848.063675 1848.692675 1849.348225 1850.0324   1850.74725  1851.494275
 1852.273375 1853.08235  1853.91745  1854.7739  ]","[162.74 162.74 162.73 162.73 162.73 162.72 162.72 162.71 162.71 162.7
 162.7  162.69 162.68 162.68 162.67 162.66 162.66 162.65 162.65 162.64
 162.63 162.63 162.62 162.62 162.61 162.61 162.6  162.59]",2.4058550638391343,6
