Vehicle_ID,ID,time,xloc,yloc,line_integral_values,maneuver
618,618,[1.5 1.6 1.7 1.8 1.9 2.  2.1 2.2 2.3 2.4 2.5 2.6 2.7],"[1337.53915  1338.788025 1340.040875 1341.297225 1342.557075 1343.820425
 1345.08725  1346.35755  1347.630825 1348.907075 1350.1863   1351.468475
 1352.753625]","[159.49 159.46 159.42 159.39 159.35 159.31 159.27 159.24 159.2  159.16
 159.13 159.09 159.05]",0.5732064479350443,6
