Vehicle_ID,ID,time,xloc,yloc,line_integral_values,maneuver
2040,2104,[3.2 3.3 3.4 3.5 3.6 3.7 3.8 3.9 4. ],"[1800.7297   1801.8276   1802.9215   1804.010875 1805.095725 1806.176075
 1807.251925 1808.32325  1809.38955 ]",[162.13 162.15 162.16 162.18 162.2  162.21 162.23 162.24 162.26],0.23633534177416082,6
