Vehicle_ID,ID,time,xloc,yloc,line_integral_values,maneuver
856,899,"[2.8 2.9 3.  3.1 3.2 3.3 3.4 3.5 3.6 3.7 3.8 3.9 4.  4.1 4.2 4.3 4.4 4.5
 4.6 4.7 4.8 4.9 5. ]","[1085.07685 1086.09685 1087.11685 1088.13685 1089.15685 1090.17685
 1091.19685 1092.21685 1093.23685 1094.25685 1095.27685 1096.29685
 1097.31685 1098.33685 1099.35685 1100.37685 1101.39685 1102.41685
 1103.43685 1104.45685 1105.47685 1106.49685 1107.51685]","[158.11 158.14 158.17 158.2  158.23 158.26 158.29 158.32 158.35 158.38
 158.41 158.44 158.47 158.5  158.53 158.56 158.59 158.62 158.65 158.68
 158.71 158.74 158.77]",13.680068281562068,6
