Vehicle_ID,ID,time,xloc,yloc,line_integral_values,maneuver
3926,537,"[0.  0.1 0.2 0.3 0.4 0.5 0.6 0.7 0.8 0.9 1.  1.1 1.2 1.3 1.4 1.5 1.6 1.7
 1.8 1.9 2.  2.1 2.2 2.3 2.4 2.5 2.6 2.7 2.8 2.9 3.  3.1 3.2 3.3 3.4 3.5
 3.6 3.7 3.8 3.9 4.  4.1 4.2 4.3 4.4 4.5 4.6 4.7 4.8 4.9 5. ]","[2416.30145  2417.7619   2419.218775 2420.672075 2422.1223   2423.569
 2425.012175 2426.4523   2427.888875 2429.3219   2430.7514   2432.177375
 2433.5998   2435.018175 2436.432525 2437.84335  2439.25065  2440.653925
 2442.05315  2443.447825 2444.837975 2446.224125 2447.606775 2448.98645
 2450.36315  2451.736875 2453.10765  2454.47545  2455.839725 2457.198925
 2458.552    2459.897875 2461.234975 2462.562275 2463.878225 2465.1818
 2466.472525 2467.748875 2469.0098   2470.254275 2471.4813   2472.691375
 2473.884475 2475.060075 2476.217675 2477.35725  2478.4793   2479.583325
 2480.669325 2481.7378   2482.78825 ]","[117.65 117.51 117.37 117.24 117.1  116.96 116.83 116.69 116.55 116.42
 116.28 116.15 116.01 115.87 115.74 115.6  115.47 115.34 115.2  115.07
 114.94 114.81 114.68 114.55 114.42 114.3  114.17 114.04 113.92 113.8
 113.67 113.55 113.43 113.31 113.19 113.07 112.96 112.84 112.73 112.62
 112.51 112.4  112.3  112.2  112.11 112.02 111.93 111.85 111.77 111.7
 111.63]",0.0,6
