Vehicle_ID,ID,time,xloc,yloc,line_integral_values,maneuver
77,82,"[0.  0.1 0.2 0.3 0.4 0.5 0.6 0.7 0.8 0.9 1.  1.1 1.2 1.3 1.4 1.5 1.6 1.7
 1.8 1.9 2.  2.1 2.2 2.3 2.4 2.5 2.6 2.7 2.8 2.9 3.  3.1 3.2 3.3 3.4 3.5
 3.6 3.7 3.8 3.9 4.  4.1 4.2 4.3 4.4 4.5 4.6 4.7 4.8 4.9]","[1613.45675  1613.804075 1614.14115  1614.468975 1614.788075 1615.098975
 1615.402675 1615.699675 1615.99045  1616.276    1616.556325 1616.8314
 1617.101725 1617.367775 1617.629525 1617.886975 1618.141125 1618.391975
 1618.640025 1618.885775 1619.129225 1619.370875 1619.611225 1619.850275
 1620.088    1620.324875 1620.5609   1620.79655  1621.031825 1621.266725
 1621.501225 1621.735325 1621.969525 1622.2033   1622.43665  1622.669575
 1622.902025 1623.134    1623.365    1623.595    1623.823975 1624.051925
 1624.278375 1624.503325 1624.727275 1624.950225 1625.172175 1625.393125
 1625.6131   1625.8326  ]","[158.55 158.55 158.56 158.56 158.57 158.57 158.58 158.59 158.59 158.6
 158.6  158.61 158.61 158.62 158.62 158.63 158.63 158.63 158.64 158.64
 158.65 158.65 158.65 158.66 158.66 158.67 158.67 158.68 158.68 158.69
 158.69 158.7  158.71 158.71 158.72 158.72 158.73 158.74 158.74 158.75
 158.75 158.76 158.76 158.77 158.78 158.78 158.79 158.79 158.8  158.8 ]",0.0,6
