Vehicle_ID,ID,time,xloc,yloc,line_integral_values,maneuver
2247,2509,"[0.  0.1 0.2 0.3 0.4 0.5 0.6 0.7 0.8 0.9 1.  1.1 1.2 1.3 1.4 1.5 1.6 1.7
 1.8 1.9 2.  2.1 2.2 2.3 2.4 2.5 2.6 2.7 2.8 2.9 3.  3.1 3.2 3.3 3.4 3.5
 3.6 3.7 3.8 3.9 4.  4.1 4.2 4.3 4.4 4.5 4.6 4.7 4.8 4.9 5. ]","[1820.370075 1821.4649   1822.556175 1823.6444   1824.7296   1825.811775
 1826.8904   1827.96495  1829.035425 1830.10185  1831.1637   1832.22045
 1833.2721   1834.31865  1835.3596   1836.39495  1837.4247   1838.44835
 1839.465425 1840.475925 1841.480325 1842.47815  1843.469425 1844.45465
 1845.433325 1846.40545  1847.37155  1848.331625 1849.285675 1850.233725
 1851.175775 1852.11235  1853.04345  1853.96855  1854.88765  1855.800725
 1856.707775 1857.608825 1858.503875 1859.3929   1860.2759   1861.1529
 1862.0239   1862.8889   1863.747925 1864.601475 1865.44955  1866.292175
 1867.12985  1867.963075 1868.792375]","[162.7  162.71 162.71 162.72 162.72 162.73 162.73 162.74 162.74 162.75
 162.75 162.75 162.75 162.76 162.76 162.75 162.75 162.75 162.74 162.74
 162.73 162.72 162.72 162.71 162.7  162.69 162.68 162.67 162.66 162.65
 162.64 162.63 162.62 162.61 162.6  162.59 162.57 162.56 162.54 162.53
 162.51 162.49 162.48 162.46 162.44 162.41 162.39 162.37 162.35 162.33
 162.31]",2.3883636024414465,6
