Vehicle_ID,ID,time,xloc,yloc,line_integral_values,maneuver
2104,2104,"[1.6 1.7 1.8 1.9 2.  2.1 2.2 2.3 2.4 2.5 2.6 2.7 2.8 2.9 3.  3.1 3.2 3.3
 3.4 3.5 3.6 3.7 3.8 3.9 4.  4.1 4.2 4.3 4.4 4.5 4.6 4.7 4.8 4.9 5. ]","[1910.431275 1911.4786   1912.529875 1913.5846   1914.642775 1915.704375
 1916.7689   1917.83585  1918.9047   1919.97545  1921.0481   1922.122125
 1923.197025 1924.2723   1925.347425 1926.422375 1927.49665  1928.56925
 1929.639675 1930.707925 1931.773475 1932.835325 1933.893475 1934.9474
 1935.9966   1937.0406   1938.0789   1939.1115   1940.137875 1941.157525
 1942.169475 1943.173725 1944.16975  1945.15705  1946.135125]","[160.78 160.73 160.67 160.61 160.55 160.49 160.43 160.37 160.31 160.24
 160.18 160.12 160.05 159.99 159.92 159.85 159.79 159.72 159.65 159.58
 159.51 159.45 159.38 159.31 159.24 159.16 159.09 159.02 158.95 158.88
 158.81 158.74 158.66 158.59 158.52]",0.1746552437079467,6
