Vehicle_ID,ID,time,xloc,yloc,line_integral_values,maneuver
438,438,"[2.8 2.9 3.  3.1 3.2 3.3 3.4 3.5 3.6 3.7 3.8 3.9 4.  4.1 4.2 4.3 4.4 4.5
 4.6 4.7 4.8 4.9 5. ]","[1920.309875 1920.79035  1921.26485  1921.736    1922.206425 1922.678225
 1923.1535   1923.6338   1924.1201   1924.61285  1925.112    1925.6175
 1926.129825 1926.65     1927.17905  1927.718525 1928.269475 1928.832875
 1929.4097   1930.001    1930.608825 1931.2347   1931.879075]","[160.26 160.22 160.19 160.15 160.12 160.08 160.04 160.01 159.97 159.93
 159.89 159.85 159.81 159.77 159.73 159.68 159.64 159.6  159.56 159.51
 159.47 159.43 159.38]",0.34387265761575697,6
