Vehicle_ID,ID,time,xloc,yloc,line_integral_values,maneuver
85,85,"[1.9 2.  2.1 2.2 2.3 2.4 2.5 2.6 2.7 2.8 2.9 3.  3.1 3.2 3.3 3.4 3.5 3.6
 3.7 3.8 3.9 4.  4.1 4.2 4.3 4.4 4.5 4.6 4.7 4.8 4.9 5. ]","[1085.36815  1086.224975 1087.084175 1087.94575  1088.8097   1089.675525
 1090.542725 1091.411325 1092.281325 1093.1522   1094.02395  1094.8966
 1095.76965  1096.6431   1097.51695  1098.391225 1099.265925 1100.140525
 1101.01505  1101.889    1102.762375 1103.6357   1104.508975 1105.3822
 1106.2554   1107.128575 1108.001725 1108.87435  1109.74645  1110.618525
 1111.490575 1112.362625]","[158.91 158.94 158.96 158.99 159.02 159.05 159.07 159.1  159.13 159.16
 159.19 159.22 159.25 159.28 159.31 159.34 159.37 159.41 159.44 159.47
 159.5  159.53 159.56 159.59 159.62 159.65 159.68 159.71 159.74 159.77
 159.8  159.83]",0.976187014649258,6
