Vehicle_ID,ID,time,xloc,yloc,line_integral_values,maneuver
522,522,[3.3 3.4 3.5 3.6 3.7 3.8 3.9 4.  4.1 4.2 4.3 4.4 4.5 4.6 4.7 4.8 4.9 5. ],"[1815.203175 1815.666525 1816.137275 1816.6159   1817.10235  1817.59605
 1818.0959   1818.600825 1819.10925  1819.6201   1820.13285  1820.646975
 1821.16195  1821.67885  1822.1993   1822.724875 1823.25715  1823.79665 ]","[162.58 162.57 162.57 162.57 162.56 162.56 162.55 162.55 162.54 162.54
 162.53 162.52 162.52 162.51 162.51 162.5  162.5  162.49]",1.9888937937100934,6
