Vehicle_ID,ID,time,xloc,yloc,old_xloc,old_yloc,line_integral_values,maneuver
2484,2484,[263.6 263.7 263.8 263.9 264.  264.1],[1600.72895  1601.6113   1602.506275 1603.414375 1604.335575 1605.26985 ],[157.51 157.54 157.56 157.59 157.62 157.64],[1600.72895  1601.6113   1602.506275 1603.414375 1604.335575 1605.26985 ],[157.51 157.54 157.56 157.59 157.62 157.64],0.0,6
