Vehicle_ID,ID,time,xloc,yloc,line_integral_values,maneuver
2040,2040,"[2.7 2.8 2.9 3.  3.1 3.2 3.3 3.4 3.5 3.6 3.7 3.8 3.9 4.  4.1 4.2 4.3 4.4
 4.5 4.6 4.7 4.8 4.9 5. ]","[1337.2154   1337.83755  1338.459275 1339.0795   1339.697675 1340.312775
 1340.923225 1341.527425 1342.123275 1342.708725 1343.283275 1343.847475
 1344.400875 1344.942975 1345.473275 1345.990775 1346.4955   1346.987475
 1347.46675  1347.934925 1348.394125 1348.847    1349.296225 1349.74495 ]","[159.58 159.56 159.55 159.53 159.52 159.5  159.49 159.48 159.46 159.45
 159.44 159.43 159.41 159.4  159.39 159.38 159.37 159.36 159.35 159.34
 159.33 159.32 159.3  159.29]",1.4881926357882398,6
