Vehicle_ID,ID,time,xloc,yloc,old_xloc,old_yloc,line_integral_values,maneuver
1961,942,[198.6 198.7 198.8 198.9 199.  199.1 199.2],"[1626.638925 1627.152025 1627.6641   1628.17515  1628.6852   1629.194775
 1629.7044  ]",[158.35 158.36 158.38 158.39 158.4  158.42 158.43],"[1626.638925 1627.152025 1627.6641   1628.17515  1628.6852   1629.194775
 1629.7044  ]",[158.35 158.36 158.38 158.39 158.4  158.42 158.43],0.0,6
