Vehicle_ID,ID,time,xloc,yloc,line_integral_values,maneuver
438,438,[1.4 1.5 1.6 1.7 1.8 1.9 2.  2.1 2.2 2.3 2.4 2.5],"[1337.9952   1339.344425 1340.6926   1342.039225 1343.3843   1344.72785
 1346.069875 1347.410375 1348.74935  1350.0873   1351.42425  1352.7602  ]","[159.3  159.28 159.25 159.22 159.2  159.17 159.15 159.12 159.1  159.07
 159.05 159.02]",0.13464955338927642,6
