Vehicle_ID,ID,time,xloc,yloc,line_integral_values,maneuver
3,3,[1.6 1.7 1.8 1.9 2.  2.1 2.2 2.3 2.4 2.5 2.6 2.7 2.8 2.9 3.  3.1 3.2],"[1337.76035  1338.813175 1339.854925 1340.8861   1341.9067   1342.916225
 1343.9147   1344.902125 1345.8785   1346.843825 1347.7981   1348.74135
 1349.6741   1350.596325 1351.507525 1352.408225 1353.29895 ]","[159.22 159.2  159.19 159.17 159.15 159.13 159.11 159.1  159.08 159.06
 159.04 159.03 159.01 158.99 158.97 158.95 158.93]",9.922430549670027,6
