Vehicle_ID,ID,time,xloc,yloc,line_integral_values,maneuver
2449,2150,[3.4 3.5 3.6 3.7 3.8 3.9 4.  4.1 4.2 4.3 4.4 4.5 4.6 4.7 4.8],"[1817.8278   1818.9606   1820.0909   1821.2187   1822.344    1823.4668
 1824.5876   1825.705875 1826.821125 1827.93335  1829.042025 1830.146625
 1831.246625 1832.3415   1833.43125 ]","[162.46 162.47 162.48 162.49 162.49 162.5  162.5  162.51 162.51 162.52
 162.52 162.52 162.52 162.52 162.52]",1.5854488330164582,6
