Vehicle_ID,ID,time,xloc,yloc,line_integral_values,maneuver
536,558,"[0.  0.1 0.2 0.3 0.4 0.5 0.6 0.7 0.8 0.9 1.  1.1 1.2 1.3 1.4 1.5 1.6 1.7
 1.8 1.9 2.  2.1 2.2 2.3 2.4 2.5 2.6 2.7 2.8]","[1801.9054   1802.1876   1802.4789   1802.776625 1803.07865  1803.381325
 1803.681475 1803.976525 1804.265475 1804.549425 1804.82955  1805.108025
 1805.3875   1805.66955  1805.95525  1806.24515  1806.538675 1806.834175
 1807.12955  1807.4232   1807.71355  1807.999625 1808.28145  1808.5601
 1808.8367   1809.112325 1809.3885   1809.66575  1809.943575]","[162.81 162.81 162.82 162.82 162.83 162.83 162.84 162.84 162.84 162.85
 162.85 162.86 162.86 162.86 162.87 162.87 162.87 162.87 162.88 162.88
 162.88 162.88 162.88 162.88 162.88 162.88 162.87 162.87 162.87]",0.013475244472213497,6
