Vehicle_ID,ID,time,xloc,yloc,line_integral_values,maneuver
61,52,"[0.  0.1 0.2 0.3 0.4 0.5 0.6 0.7 0.8 0.9 1.  1.1 1.2 1.3 1.4 1.5 1.6 1.7
 1.8 1.9 2.  2.1 2.2 2.3 2.4 2.5 2.6 2.7 2.8 2.9 3.  3.1 3.2 3.3 3.4 3.5
 3.6 3.7 3.8 3.9 4.  4.1 4.2 4.3 4.4 4.5 4.6 4.7 4.8 4.9 5. ]","[1852.3242   1853.267425 1854.212625 1855.1598   1856.108925 1857.060025
 1858.0126   1858.966625 1859.9221   1860.87905  1861.837475 1862.79685
 1863.757175 1864.71845  1865.680675 1866.64335  1867.606475 1868.57005
 1869.533575 1870.49705  1871.460475 1872.423825 1873.3871   1874.349825
 1875.312    1876.2736   1877.234125 1878.1936   1879.152    1880.108825
 1881.0641   1882.017825 1882.969975 1883.92055  1884.86905  1885.814975
 1886.758325 1887.699075 1888.63675  1889.57135  1890.50285  1891.430775
 1892.355125 1893.275875 1894.19255  1895.105675 1896.015225 1896.9207
 1897.822125 1898.7195   1899.612825]","[162.13 162.11 162.09 162.07 162.04 162.02 161.99 161.96 161.93 161.9
 161.87 161.84 161.81 161.78 161.75 161.72 161.68 161.65 161.61 161.58
 161.54 161.51 161.47 161.44 161.4  161.36 161.33 161.29 161.25 161.22
 161.18 161.14 161.11 161.07 161.03 161.   160.97 160.93 160.9  160.87
 160.83 160.8  160.77 160.74 160.71 160.67 160.64 160.61 160.58 160.55
 160.51]",0.0,6
