Vehicle_ID,ID,time,xloc,yloc,line_integral_values,maneuver
618,618,[4.6 4.7 4.8 4.9 5. ],[1815.041    1815.42065  1815.799675 1816.17705  1816.552775],[162.43 162.43 162.44 162.44 162.44],4.756482946850283,6
