Vehicle_ID,ID,time,xloc,yloc,line_integral_values,maneuver
2484,2484,[4.4 4.5 4.6 4.7 4.8 4.9],[1600.72895  1601.6113   1602.506275 1603.414375 1604.335575 1605.26985 ],[157.51 157.54 157.56 157.59 157.62 157.64],0.0,6
