Vehicle_ID,ID,time,xloc,yloc,line_integral_values,maneuver
75,69,"[0.  0.1 0.2 0.3 0.4 0.5 0.6 0.7 0.8 0.9 1.  1.1 1.2 1.3 1.4 1.5 1.6 1.7
 1.8 1.9 2.  2.1 2.2 2.3 2.4 2.5 2.6 2.7 2.8 2.9 3.  3.1 3.2 3.3 3.4 3.5
 3.6 3.7 3.8 3.9 4.  4.1 4.2 4.3 4.4 4.5 4.6 4.7 4.8 4.9 5. ]","[1181.634875 1182.642025 1183.650275 1184.659625 1185.6706   1186.6837
 1187.6989   1188.716225 1189.736175 1190.759225 1191.7854   1192.8147
 1193.847625 1194.884675 1195.92585  1196.97165  1198.022575 1199.078625
 1200.1398   1201.206625 1202.279075 1203.35715  1204.44185  1205.533175
 1206.631125 1207.7362   1208.8489   1209.969225 1211.097175 1212.232725
 1213.375875 1214.527125 1215.686475 1216.8539   1218.029375 1219.212925
 1220.40455  1221.6037   1222.810375 1224.025075 1225.2478   1226.47805
 1227.7158   1228.961025 1230.213225 1231.4724   1232.73855  1234.011175
 1235.29025  1236.575775 1237.86725 ]","[160.57 160.57 160.57 160.58 160.58 160.58 160.58 160.58 160.58 160.58
 160.58 160.58 160.59 160.59 160.59 160.59 160.59 160.59 160.59 160.6
 160.6  160.6  160.6  160.61 160.61 160.61 160.61 160.62 160.62 160.62
 160.62 160.62 160.63 160.63 160.63 160.63 160.63 160.63 160.63 160.62
 160.62 160.62 160.62 160.61 160.61 160.61 160.6  160.6  160.59 160.59
 160.58]",16.634265957762217,6
