Vehicle_ID,ID,time,xloc,yloc,line_integral_values,maneuver
57,57,"[1.8 1.9 2.  2.1 2.2 2.3 2.4 2.5 2.6 2.7 2.8 2.9 3.  3.1 3.2 3.3 3.4 3.5
 3.6 3.7 3.8 3.9 4.  4.1 4.2 4.3 4.4 4.5 4.6 4.7 4.8 4.9 5. ]","[1980.469525 1981.373725 1982.276925 1983.179625 1984.0818   1984.98295
 1985.883075 1986.781675 1987.67875  1988.5748   1989.46985  1990.363875
 1991.256875 1992.148875 1993.039875 1993.929875 1994.8189   1995.70695
 1996.5945   1997.481575 1998.368175 1999.2543   2000.13995  2001.0251
 2001.90975  2002.7939   2003.67705  2004.559175 2005.43975  2006.3188
 2007.196325 2008.0718   2008.945725]","[155.96 155.88 155.79 155.71 155.62 155.54 155.45 155.37 155.28 155.2
 155.11 155.03 154.94 154.86 154.78 154.69 154.61 154.53 154.44 154.36
 154.27 154.19 154.11 154.02 153.94 153.86 153.78 153.7  153.61 153.53
 153.45 153.37 153.29]",0.0004953132228787747,6
