Vehicle_ID,ID,time,xloc,yloc,line_integral_values,maneuver
1836,0,"[0.  0.1 0.2 0.3 0.4 0.5 0.6 0.7 0.8 0.9 1.  1.1 1.2 1.3 1.4 1.5 1.6 1.7
 1.8 1.9 2.  2.1 2.2 2.3 2.4 2.5 2.6 2.7 2.8 2.9 3.  3.1 3.2 3.3 3.4 3.5
 3.6 3.7 3.8 3.9 4.  4.1 4.2 4.3 4.4 4.5 4.6 4.7 4.8 4.9 5. ]","[2283.132275 2284.24325  2285.36025  2286.48325  2287.61225  2288.74725
 2289.88825  2291.035225 2292.187675 2293.3456   2294.509    2295.677375
 2296.8507   2298.028975 2299.2117   2300.39885  2301.590425 2302.78595
 2303.9849   2305.18725  2306.393025 2307.601725 2308.813325 2310.02785
 2311.2453   2312.46515  2313.686925 2314.911125 2316.137725 2317.36625
 2318.5962   2319.827575 2321.060375 2322.2946   2323.53025  2324.7663
 2326.00275  2327.2396   2328.47635  2329.713    2330.94905  2332.183975
 2333.417775 2334.650475 2335.881575 2337.111075 2338.338975 2339.564775
 2340.788475 2342.010075 2343.229575]","[130.31 130.21 130.12 130.02 129.92 129.81 129.71 129.61 129.5  129.4
 129.29 129.19 129.08 128.97 128.86 128.75 128.64 128.53 128.42 128.31
 128.2  128.09 127.97 127.86 127.74 127.63 127.51 127.39 127.28 127.16
 127.04 126.92 126.8  126.68 126.56 126.44 126.32 126.2  126.08 125.96
 125.85 125.73 125.61 125.49 125.37 125.26 125.14 125.02 124.9  124.79
 124.67]",0.0,6
