Vehicle_ID,ID,time,xloc,yloc,line_integral_values,maneuver
2170,0,"[0.  0.1 0.2 0.3 0.4 0.5 0.6 0.7 0.8 0.9 1.  1.1 1.2 1.3 1.4 1.5 1.6 1.7
 1.8 1.9 2.  2.1 2.2 2.3 2.4 2.5 2.6 2.7 2.8 2.9 3.  3.1 3.2 3.3 3.4 3.5
 3.6 3.7 3.8 3.9 4.  4.1 4.2 4.3 4.4 4.5 4.6 4.7 4.8 4.9 5. ]","[2248.89475  2249.80865  2250.727575 2251.651525 2252.580975 2253.51595
 2254.45595  2255.401475 2256.352525 2257.3086   2258.2702   2259.237825
 2260.210975 2261.18965  2262.17435  2263.165075 2264.16185  2265.16465
 2266.17345  2267.188275 2268.209125 2269.236    2270.2689   2271.307825
 2272.352775 2273.403725 2274.460675 2275.523625 2276.592575 2277.667525
 2278.748475 2279.835425 2280.928375 2282.027325 2283.132275 2284.24325
 2285.36025  2286.48325  2287.61225  2288.74725  2289.88825  2291.035225
 2292.187675 2293.3456   2294.509    2295.677375 2296.8507   2298.028975
 2299.2117   2300.39885  2301.590425]","[133.15 133.07 133.   132.92 132.85 132.77 132.7  132.62 132.54 132.46
 132.39 132.31 132.23 132.15 132.07 131.98 131.9  131.82 131.74 131.65
 131.57 131.48 131.4  131.31 131.23 131.14 131.05 130.96 130.87 130.78
 130.69 130.6  130.5  130.41 130.31 130.21 130.12 130.02 129.92 129.81
 129.71 129.61 129.5  129.4  129.29 129.19 129.08 128.97 128.86 128.75
 128.64]",0.0,6
