Vehicle_ID,ID,time,xloc,yloc,line_integral_values,maneuver
57,57,"[0.8 0.9 1.  1.1 1.2 1.3 1.4 1.5 1.6 1.7 1.8 1.9 2.  2.1 2.2 2.3 2.4 2.5
 2.6 2.7 2.8 2.9 3.  3.1 3.2 3.3 3.4 3.5 3.6 3.7 3.8 3.9 4.  4.1 4.2 4.3
 4.4 4.5 4.6 4.7 4.8 4.9 5. ]","[1805.494525 1806.2134   1806.934425 1807.657575 1808.382825 1809.110175
 1809.839625 1810.57115  1811.304725 1812.04035  1812.778025 1813.51775
 1814.2595   1815.003275 1815.7491   1816.49745  1817.248325 1818.00125
 1818.7567   1819.514675 1820.2752   1821.038275 1821.803875 1822.5725
 1823.344175 1824.118875 1824.8966   1825.67685  1826.4591   1827.243825
 1828.030525 1828.8187   1829.608825 1830.4004   1831.193425 1831.9879
 1832.783325 1833.5797   1834.37705  1835.175875 1835.976175 1836.777475
 1837.580275]","[162.42 162.43 162.44 162.45 162.46 162.47 162.48 162.49 162.51 162.52
 162.53 162.54 162.55 162.56 162.57 162.58 162.59 162.6  162.61 162.62
 162.63 162.64 162.65 162.66 162.66 162.67 162.68 162.69 162.7  162.71
 162.72 162.73 162.73 162.74 162.75 162.76 162.77 162.77 162.78 162.79
 162.8  162.8  162.81]",4.721444583618428,6
