Vehicle_ID,ID,time,xloc,yloc,line_integral_values,maneuver
2017,1062,"[0.  0.1 0.2 0.3 0.4 0.5 0.6 0.7 0.8 0.9 1.  1.1 1.2 1.3 1.4 1.5 1.6 1.7
 1.8 1.9 2.  2.1 2.2 2.3 2.4 2.5 2.6 2.7 2.8 2.9 3.  3.1 3.2 3.3 3.4 3.5
 3.6 3.7 3.8 3.9 4.  4.1 4.2 4.3 4.4 4.5 4.6 4.7 4.8 4.9 5. ]","[1585.016175 1585.4375   1585.8598   1586.2836   1586.708875 1587.135125
 1587.562875 1587.992125 1588.42235  1588.85405  1589.28725  1589.72195
 1590.158175 1590.595925 1591.0357   1591.4775   1591.921825 1592.3687
 1592.818125 1593.2701   1593.724625 1594.182725 1594.6444   1595.10965
 1595.579    1596.05245  1596.5305   1597.01365  1597.5019   1597.995775
 1598.4958   1599.00195  1599.514725 1600.03465  1600.5617   1601.095875
 1601.6377   1602.18715  1602.7442   1603.309375 1603.883175 1604.465575
 1605.0566   1605.65675  1606.266025 1606.884925 1607.513925 1608.152525
 1608.800725 1609.459525 1610.128925]","[157.45 157.46 157.47 157.48 157.49 157.5  157.51 157.51 157.52 157.53
 157.54 157.55 157.56 157.57 157.58 157.59 157.6  157.62 157.63 157.64
 157.65 157.67 157.68 157.69 157.71 157.72 157.73 157.75 157.76 157.78
 157.79 157.81 157.82 157.83 157.85 157.86 157.88 157.89 157.91 157.92
 157.94 157.95 157.97 157.99 158.   158.02 158.03 158.05 158.07 158.08
 158.1 ]",16.781513255478515,6
