Vehicle_ID,ID,time,xloc,yloc,old_xloc,old_yloc,line_integral_values,maneuver
2449,2390,"[0.  0.1 0.2 0.3 0.4 0.5 0.6 0.7 0.8 0.9 1.  1.1 1.2 1.3 1.4 1.5 1.6 1.7
 1.8 1.9 2.  2.1 2.2 2.3 2.4 2.5 2.6 2.7 2.8 2.9 3.  3.1 3.2 3.3 3.4]","[30.90095  31.7081   32.51825  33.331375 34.147475 34.966575 35.789175
 36.6153   37.44445  38.277075 39.113175 39.951775 40.79285  41.636875
 42.483375 43.33185  44.182775 45.03615  45.8915   46.748825 47.6081
 48.46985  49.3341   50.200325 51.069025 51.94025  52.814    53.690775
 54.5711   55.454975 56.342425 57.23395  58.129525 59.029675 59.9344  ]","[1.00184615 1.01184615 1.03184615 1.05184615 1.06184615 1.08184615
 1.10184615 1.12184615 1.13184615 1.15184615 1.17184615 1.18184615
 1.20184615 1.21184615 1.23184615 1.25184615 1.26184615 1.28184615
 1.30184615 1.31184615 1.33184615 1.35184615 1.36184615 1.38184615
 1.40184615 1.42184615 1.44184615 1.46184615 1.48184615 1.50184615
 1.52184615 1.55184615 1.57184615 1.59184615 1.62184615]","[1600.90095  1601.7081   1602.51825  1603.331375 1604.147475 1604.966575
 1605.789175 1606.6153   1607.44445  1608.277075 1609.113175 1609.951775
 1610.79285  1611.636875 1612.483375 1613.33185  1614.182775 1615.03615
 1615.8915   1616.748825 1617.6081   1618.46985  1619.3341   1620.200325
 1621.069025 1621.94025  1622.814    1623.690775 1624.5711   1625.454975
 1626.342425 1627.23395  1628.129525 1629.029675 1629.9344  ]","[157.97 157.98 158.   158.02 158.03 158.05 158.07 158.09 158.1  158.12
 158.14 158.15 158.17 158.18 158.2  158.22 158.23 158.25 158.27 158.28
 158.3  158.32 158.33 158.35 158.37 158.39 158.41 158.43 158.45 158.47
 158.49 158.52 158.54 158.56 158.59]",1.9051451513351455e-272,6
