Vehicle_ID,ID,time,xloc,yloc,line_integral_values,maneuver
972,0,"[0.  0.1 0.2 0.3 0.4 0.5 0.6 0.7 0.8 0.9 1.  1.1 1.2 1.3 1.4 1.5 1.6 1.7
 1.8 1.9 2.  2.1 2.2 2.3 2.4 2.5 2.6 2.7 2.8 2.9 3.  3.1 3.2 3.3 3.4 3.5
 3.6 3.7 3.8 3.9 4.  4.1 4.2 4.3 4.4 4.5 4.6 4.7 4.8 4.9 5. ]","[2079.8436   2080.54075  2081.239    2081.93835  2082.6388   2083.34085
 2084.045    2084.75125  2085.4596   2086.17005  2086.8831   2087.59925
 2088.318    2089.039325 2089.7637   2090.490625 2091.2201   2091.9521
 2092.686625 2093.423675 2094.162725 2094.903775 2095.64735  2096.39345
 2097.14205  2097.893175 2098.646825 2099.403    2100.1617   2100.9234
 2101.688125 2102.455875 2103.22615  2103.99895  2104.77475  2105.55355
 2106.33485  2107.11865  2107.90495  2108.69375  2109.485025 2110.27775
 2111.071925 2111.867525 2112.66405  2113.4615   2114.259875 2115.0587
 2115.857975 2116.6582   2117.4594  ]","[146.74 146.68 146.62 146.55 146.49 146.43 146.37 146.3  146.24 146.18
 146.12 146.05 145.99 145.93 145.87 145.81 145.75 145.69 145.63 145.56
 145.5  145.44 145.38 145.32 145.26 145.2  145.14 145.07 145.01 144.95
 144.89 144.83 144.77 144.71 144.64 144.58 144.52 144.46 144.4  144.34
 144.27 144.21 144.15 144.09 144.03 143.96 143.9  143.84 143.77 143.71
 143.64]",0.0,6
