Vehicle_ID,ID,time,xloc,yloc,line_integral_values,maneuver
83,83,"[2.1 2.2 2.3 2.4 2.5 2.6 2.7 2.8 2.9 3.  3.1 3.2 3.3 3.4 3.5 3.6 3.7 3.8
 3.9 4.  4.1 4.2 4.3 4.4 4.5 4.6 4.7 4.8 4.9 5. ]","[1085.095025 1085.781375 1086.4674   1087.1531   1087.839475 1088.526525
 1089.21425  1089.90365  1090.595225 1091.288975 1091.985425 1092.68505
 1093.38785  1094.09435  1094.80505  1095.52045  1096.24105  1096.966825
 1097.698275 1098.4359   1099.179675 1099.9296   1100.685675 1101.447875
 1102.216175 1102.990575 1103.77105  1104.557575 1105.35015  1106.14825 ]","[159.39 159.42 159.45 159.47 159.5  159.53 159.55 159.58 159.61 159.63
 159.65 159.68 159.7  159.72 159.74 159.76 159.79 159.81 159.83 159.85
 159.87 159.88 159.9  159.92 159.94 159.96 159.97 159.99 160.01 160.03]",0.5698474990164202,6
