Vehicle_ID,ID,time,xloc,yloc,line_integral_values,maneuver
856,856,[1.5 1.6 1.7 1.8 1.9 2.  2.1 2.2 2.3 2.4 2.5 2.6 2.7 2.8],"[1817.556475 1818.75875  1819.962975 1821.169175 1822.377375 1823.58755
 1824.7997   1826.013825 1827.229925 1828.448    1829.667525 1830.888025
 1832.11     1833.333425]","[162.57 162.58 162.6  162.61 162.62 162.64 162.65 162.66 162.67 162.68
 162.69 162.7  162.7  162.71]",0.6236420507708279,6
