Vehicle_ID,ID,time,xloc,yloc,line_integral_values,maneuver
2509,2247,[4.  4.1 4.2 4.3 4.4 4.5 4.6 4.7 4.8 4.9 5. ],"[1910.10885  1910.993375 1911.88095  1912.7721   1913.666825 1914.564575
 1915.46535  1916.36915  1917.27545  1918.18425  1919.09555 ]","[160.99 160.94 160.89 160.83 160.78 160.72 160.66 160.6  160.54 160.48
 160.42]",0.3742464262414347,6
