Vehicle_ID,ID,time,xloc,yloc,line_integral_values,maneuver
856,788,"[0.1 0.2 0.3 0.4 0.5 0.6 0.7 0.8 0.9 1.  1.1 1.2 1.3 1.4 1.5 1.6 1.7 1.8
 1.9 2.  2.1 2.2 2.3 2.4 2.5 2.6 2.7 2.8 2.9 3.  3.1 3.2 3.3 3.4 3.5 3.6
 3.7 3.8 3.9 4.  4.1 4.2 4.3 4.4 4.5 4.6 4.7 4.8 4.9 5. ]","[1820.246075 1821.381225 1822.5169   1823.6536   1824.791325 1825.930075
 1827.06985  1828.210675 1829.35255  1830.49595  1831.640875 1832.786825
 1833.933775 1835.081725 1836.23015  1837.37855  1838.526925 1839.675225
 1840.82295  1841.970125 1843.116725 1844.26225  1845.406725 1846.55065
 1847.69405  1848.83695  1849.97935  1851.12125  1852.26315  1853.405575
 1854.548525 1855.6915   1856.835    1857.979025 1859.123075 1860.267625
 1861.412675 1862.557725 1863.702775 1864.847825 1865.99235  1867.13635
 1868.280325 1869.423775 1870.566725 1871.709675 1872.852625 1873.995575
 1875.13905  1876.28305 ]","[162.46 162.46 162.46 162.45 162.45 162.45 162.44 162.44 162.43 162.43
 162.42 162.41 162.41 162.4  162.39 162.38 162.37 162.36 162.35 162.34
 162.33 162.32 162.31 162.29 162.28 162.27 162.26 162.24 162.23 162.21
 162.2  162.19 162.17 162.15 162.14 162.12 162.11 162.09 162.08 162.06
 162.04 162.03 162.01 161.99 161.97 161.96 161.94 161.92 161.9  161.88]",28.230907686204677,6
