Vehicle_ID,ID,time,xloc,yloc,line_integral_values,maneuver
558,586,"[0.  0.1 0.2 0.3 0.4 0.5 0.6 0.7 0.8 0.9 1.  1.1 1.2 1.3 1.4 1.5 1.6 1.7
 1.8 1.9 2.  2.1 2.2 2.3]","[1800.328625 1800.7669   1801.216825 1801.676825 1802.1453   1802.620125
 1803.098125 1803.57615  1804.051075 1804.519275 1804.9766   1805.419425
 1805.845175 1806.252425 1806.641325 1807.01355  1807.37235  1807.721
 1808.062725 1808.4017   1808.741625 1809.085125 1809.433725 1809.787875]","[162.55 162.55 162.55 162.55 162.54 162.54 162.54 162.54 162.54 162.53
 162.53 162.53 162.52 162.52 162.52 162.51 162.51 162.51 162.5  162.5
 162.5  162.5  162.49 162.49]",0.024569406970328736,6
