Vehicle_ID,ID,time,xloc,yloc,line_integral_values,maneuver
3,3,"[0.7 0.8 0.9 1.  1.1 1.2 1.3 1.4 1.5 1.6 1.7 1.8 1.9 2.  2.1 2.2 2.3 2.4
 2.5 2.6 2.7 2.8 2.9 3.  3.1 3.2 3.3 3.4 3.5 3.6 3.7 3.8 3.9 4.  4.1 4.2
 4.3 4.4 4.5 4.6 4.7 4.8 4.9 5. ]","[1805.6016   1806.512825 1807.423475 1808.33305  1809.24155  1810.148975
 1811.055375 1811.96125  1812.8666   1813.77145  1814.6763   1815.58065
 1816.4845   1817.388375 1818.292275 1819.196175 1820.100075 1821.003475
 1821.906375 1822.809275 1823.71165  1824.6135   1825.51485  1826.4157
 1827.316025 1828.215825 1829.115125 1830.013925 1830.912225 1831.81
 1832.70725  1833.604025 1834.500825 1835.397125 1836.292925 1837.18875
 1838.0846   1838.980475 1839.876875 1840.7738   1841.67075  1842.567725
 1843.464725 1844.361725]","[162.24 162.25 162.27 162.29 162.31 162.32 162.34 162.36 162.38 162.39
 162.41 162.42 162.44 162.46 162.47 162.49 162.5  162.51 162.53 162.54
 162.55 162.56 162.57 162.58 162.59 162.6  162.61 162.61 162.62 162.63
 162.64 162.64 162.65 162.66 162.66 162.67 162.68 162.68 162.68 162.69
 162.69 162.7  162.7  162.7 ]",8.014173042144929,6
