Vehicle_ID,ID,time,xloc,yloc,line_integral_values,maneuver
75,68,"[0.  0.1 0.2 0.3 0.4 0.5 0.6 0.7 0.8 0.9 1.  1.1 1.2 1.3 1.4 1.5 1.6 1.7
 1.8 1.9 2.  2.1 2.2 2.3 2.4 2.5 2.6 2.7 2.8 2.9 3.  3.1 3.2 3.3 3.4 3.5
 3.6 3.7 3.8 3.9 4.  4.1 4.2 4.3 4.4 4.5 4.6 4.7 4.8 4.9 5. ]","[1600.1766   1600.365975 1600.549775 1600.727475 1600.898025 1601.05985
 1601.21245  1601.35585  1601.4906   1601.617775 1601.73845  1601.854225
 1601.9667   1602.07745  1602.188525 1602.301475 1602.417325 1602.536575
 1602.6592   1602.78515  1602.914875 1603.048325 1603.184975 1603.324825
 1603.46835  1603.6155   1603.766275 1603.9212   1604.07975  1604.2419
 1604.407625 1604.5764   1604.7482   1604.922475 1605.099225 1605.279
 1605.46235  1605.650325 1605.843975 1606.04485  1606.2545   1606.473975
 1606.703775 1606.943325 1607.19205  1607.4494   1607.714325 1607.98625
 1608.2641   1608.546325]","[157.84 157.84 157.84 157.84 157.84 157.84 157.84 157.84 157.84 157.84
 157.84 157.84 157.85 157.85 157.85 157.85 157.85 157.85 157.86 157.86
 157.86 157.87 157.87 157.87 157.88 157.88 157.89 157.89 157.9  157.9
 157.91 157.92 157.92 157.93 157.94 157.95 157.95 157.96 157.97 157.98
 157.99 158.   158.01 158.02 158.03 158.04 158.04 158.05 158.06 158.07]",7.294870160715743e-05,6
