Vehicle_ID,ID,time,xloc,yloc,line_integral_values,maneuver
61,61,"[1.8 1.9 2.  2.1 2.2 2.3 2.4 2.5 2.6 2.7 2.8 2.9 3.  3.1 3.2 3.3 3.4 3.5
 3.6 3.7 3.8 3.9 4.  4.1 4.2 4.3 4.4 4.5 4.6 4.7 4.8 4.9 5. ]","[1910.523275 1911.414425 1912.305575 1913.196725 1914.088375 1914.980525
 1915.873175 1916.766325 1917.66     1918.5542   1919.4489   1920.3441
 1921.2398   1922.136025 1923.032775 1923.930525 1924.8293   1925.7286
 1926.6284   1927.529225 1928.431075 1929.333925 1930.237775 1931.14265
 1932.04855  1932.95495  1933.86185  1934.76975  1935.67865  1936.58855
 1937.499475 1938.411425 1939.324375]","[160.94 160.89 160.85 160.8  160.75 160.7  160.64 160.59 160.54 160.49
 160.43 160.38 160.33 160.27 160.21 160.16 160.1  160.04 159.98 159.92
 159.86 159.8  159.74 159.68 159.62 159.55 159.49 159.43 159.36 159.3
 159.23 159.17 159.1 ]",0.21286610813538692,6
