Vehicle_ID,ID,time,xloc,yloc,line_integral_values,maneuver
972,942,"[0.  0.1 0.2 0.3 0.4 0.5 0.6 0.7 0.8 0.9 1.  1.1 1.2 1.3 1.4 1.5 1.6 1.7
 1.8 1.9 2.  2.1 2.2 2.3 2.4 2.5 2.6 2.7 2.8 2.9 3.  3.1 3.2 3.3 3.4 3.5
 3.6 3.7 3.8 3.9 4.  4.1 4.2 4.3 4.4 4.5 4.6 4.7 4.8 4.9 5. ]","[1101.071025 1102.091025 1103.111025 1104.131025 1105.151025 1106.171025
 1107.191025 1108.211025 1109.231025 1110.251025 1111.271025 1112.291025
 1113.311025 1114.331025 1115.351025 1116.371025 1117.391025 1118.411025
 1119.431025 1120.451025 1121.471025 1122.491025 1123.511025 1124.531025
 1125.551025 1126.571025 1127.591025 1128.611025 1129.631025 1130.651025
 1131.671025 1132.691025 1133.711025 1134.731025 1135.751025 1136.771025
 1137.791025 1138.811025 1139.831025 1140.8505   1141.86945  1142.8884
 1143.90735  1144.9263   1145.94525  1146.9637   1147.98165  1148.9996
 1150.017525 1151.034925 1152.051825]","[156.8  156.84 156.89 156.93 156.98 157.02 157.07 157.11 157.16 157.2
 157.25 157.29 157.34 157.38 157.43 157.47 157.52 157.56 157.61 157.65
 157.7  157.74 157.79 157.83 157.88 157.92 157.97 158.01 158.06 158.1
 158.15 158.19 158.24 158.28 158.33 158.37 158.42 158.46 158.51 158.55
 158.6  158.64 158.69 158.73 158.78 158.82 158.87 158.91 158.96 159.
 159.05]",7.90153182711016,6
