ID,time,xloc,yloc,old_xloc,old_yloc,line_integral_values,maneuver
0,"[0.  0.1 0.2 0.3 0.4 0.5 0.6 0.7 0.8 0.9 1.  1.1 1.2 1.3 1.4 1.5 1.6 1.7
 1.8 1.9 2.  2.1 2.2 2.3 2.4 2.5 2.6 2.7 2.8 2.9 3.  3.1 3.2 3.3 3.4 3.5
 3.6 3.7 3.8 3.9 4.  4.1 4.2 4.3 4.4 4.5 4.6 4.7 4.8 4.9 5. ]","[-7819.71475  -7819.162925 -7818.6167   -7818.07495  -7817.535575
 -7816.997    -7816.458175 -7815.917575 -7815.3752   -7814.831075
 -7814.284725 -7813.736175 -7813.185975 -7812.6352   -7812.084375
 -7811.533525 -7810.9832   -7810.43445  -7809.88885  -7809.34745
 -7808.810775 -7808.280375 -7807.7578   -7807.244075 -7806.7397
 -7806.24515  -7805.7609   -7805.2864   -7804.8211   -7804.36445
 -7803.915875 -7803.47535  -7803.042875 -7802.61845  -7802.202075
 -7801.7943   -7801.3967   -7801.010825 -7800.637725 -7800.27895
 -7799.936025 -7799.61     -7799.3019   -7799.012175 -7798.7408
 -7798.48775  -7798.252425 -7798.033725 -7797.830575 -7797.641375
 -7797.464025]","[-1.56 -1.55 -1.53 -1.52 -1.51 -1.5  -1.48 -1.47 -1.46 -1.45 -1.44 -1.43
 -1.42 -1.41 -1.4  -1.4  -1.39 -1.38 -1.37 -1.36 -1.35 -1.35 -1.34 -1.33
 -1.33 -1.32 -1.32 -1.31 -1.3  -1.3  -1.29 -1.29 -1.28 -1.28 -1.27 -1.27
 -1.26 -1.26 -1.25 -1.25 -1.24 -1.23 -1.23 -1.22 -1.22 -1.21 -1.2  -1.2
 -1.19 -1.19 -1.18]","[-6249.71475  -6249.162925 -6248.6167   -6248.07495  -6247.535575
 -6246.997    -6246.458175 -6245.917575 -6245.3752   -6244.831075
 -6244.284725 -6243.736175 -6243.185975 -6242.6352   -6242.084375
 -6241.533525 -6240.9832   -6240.43445  -6239.88885  -6239.34745
 -6238.810775 -6238.280375 -6237.7578   -6237.244075 -6236.7397
 -6236.24515  -6235.7609   -6235.2864   -6234.8211   -6234.36445
 -6233.915875 -6233.47535  -6233.042875 -6232.61845  -6232.202075
 -6231.7943   -6231.3967   -6231.010825 -6230.637725 -6230.27895
 -6229.936025 -6229.61     -6229.3019   -6229.012175 -6228.7408
 -6228.48775  -6228.252425 -6228.033725 -6227.830575 -6227.641375
 -6227.464025]","[-0.26 -0.25 -0.23 -0.22 -0.21 -0.2  -0.18 -0.17 -0.16 -0.15 -0.14 -0.13
 -0.12 -0.11 -0.1  -0.1  -0.09 -0.08 -0.07 -0.06 -0.05 -0.05 -0.04 -0.03
 -0.03 -0.02 -0.02 -0.01  0.    0.    0.01  0.01  0.02  0.02  0.03  0.03
  0.04  0.04  0.05  0.05  0.06  0.07  0.07  0.08  0.08  0.09  0.1   0.1
  0.11  0.11  0.12]",0.0,6
