Vehicle_ID,ID,time,xloc,yloc,line_integral_values,maneuver
788,788,[3.6 3.7 3.8 3.9 4.  4.1 4.2 4.3 4.4 4.5 4.6 4.7 4.8 4.9 5. ],"[1840.82295  1841.970125 1843.116725 1844.26225  1845.406725 1846.55065
 1847.69405  1848.83695  1849.97935  1851.12125  1852.26315  1853.405575
 1854.548525 1855.6915   1856.835   ]","[162.35 162.34 162.33 162.32 162.31 162.29 162.28 162.27 162.26 162.24
 162.23 162.21 162.2  162.19 162.17]",0.18877379949508855,6
