Vehicle_ID,ID,time,xloc,yloc,line_integral_values,maneuver
856,788,"[0.3 0.4 0.5 0.6 0.7 0.8 0.9 1.  1.1 1.2 1.3 1.4 1.5 1.6 1.7 1.8 1.9 2.
 2.1 2.2 2.3 2.4 2.5 2.6 2.7 2.8 2.9 3.  3.1 3.2 3.3 3.4 3.5 3.6 3.7 3.8
 3.9 4.  4.1 4.2 4.3 4.4 4.5 4.6 4.7 4.8 4.9 5. ]","[1911.018175 1912.0874   1913.152075 1914.211675 1915.2662   1916.315675
 1917.360075 1918.3994   1919.433175 1920.4614   1921.484575 1922.502725
 1923.51585  1924.52395  1925.52705  1926.52515  1927.51875  1928.50785
 1929.491975 1930.471625 1931.446775 1932.416925 1933.382075 1934.342725
 1935.298875 1936.250025 1937.196675 1938.13935  1939.07755  1940.011275
 1940.94105  1941.86735  1942.790175 1943.70905  1944.624475 1945.536425
 1946.4449   1947.349925 1948.2515   1949.150125 1950.0463   1950.94005
 1951.831375 1952.72075  1953.6082   1954.49375  1955.377375 1956.259575]","[160.81 160.76 160.71 160.66 160.61 160.55 160.5  160.44 160.39 160.33
 160.28 160.22 160.16 160.1  160.04 159.98 159.92 159.86 159.8  159.74
 159.67 159.61 159.54 159.48 159.42 159.35 159.29 159.22 159.15 159.09
 159.02 158.95 158.89 158.82 158.75 158.68 158.61 158.54 158.47 158.4
 158.33 158.26 158.19 158.12 158.05 157.98 157.91 157.83]",0.8042325244609664,6
