Vehicle_ID,ID,time,xloc,yloc,line_integral_values,maneuver
3050,3050,"[2.  2.1 2.2 2.3 2.4 2.5 2.6 2.7 2.8 2.9 3.  3.1 3.2 3.3 3.4 3.5 3.6 3.7
 3.8 3.9 4.  4.1 4.2 4.3 4.4 4.5 4.6 4.7 4.8 4.9 5. ]","[1815.75445  1816.528925 1817.29935  1818.065725 1818.82805  1819.58685
 1820.342125 1821.093875 1821.84215  1822.58695  1823.328775 1824.06815
 1824.805075 1825.53955  1826.2726   1827.004225 1827.733925 1828.4622
 1829.189    1829.9133   1830.63405  1831.3507   1832.062725 1832.7691
 1833.4693   1834.162275 1834.847025 1835.52355  1836.190825 1836.84835
 1837.495625]","[162.75 162.76 162.78 162.79 162.8  162.81 162.82 162.84 162.85 162.86
 162.87 162.88 162.88 162.89 162.9  162.91 162.91 162.92 162.92 162.92
 162.92 162.93 162.93 162.93 162.93 162.93 162.93 162.93 162.93 162.94
 162.94]",0.07726048297640775,6
