Vehicle_ID,ID,time,xloc,yloc,line_integral_values,maneuver
899,942,[4.7 4.8 4.9 5. ],[1817.73005  1818.99685  1820.26055  1821.521675],[162.59 162.6  162.6  162.61],0.37404107190511604,6
