Vehicle_ID,ID,time,xloc,yloc,line_integral_values,maneuver
732,732,"[2.  2.1 2.2 2.3 2.4 2.5 2.6 2.7 2.8 2.9 3.  3.1 3.2 3.3 3.4 3.5 3.6 3.7
 3.8 3.9 4.  4.1 4.2 4.3 4.4 4.5 4.6 4.7 4.8 4.9 5. ]","[1980.405725 1981.23535  1982.070025 1982.909225 1983.752425 1984.5996
 1985.450725 1986.305825 1987.164375 1988.02585  1988.890275 1989.757125
 1990.625875 1991.496525 1992.369075 1993.243025 1994.11785  1994.99305
 1995.868125 1996.74305  1997.617325 1998.49045  1999.362425 2000.23275
 2001.1009   2001.966375 2002.828675 2003.6878   2004.54325  2005.394525
 2006.24165 ]","[155.72 155.64 155.57 155.49 155.41 155.33 155.25 155.17 155.09 155.
 154.92 154.84 154.76 154.67 154.59 154.5  154.42 154.33 154.25 154.16
 154.08 153.99 153.91 153.82 153.74 153.65 153.56 153.48 153.39 153.31
 153.22]",0.00019646076809835556,6
