Vehicle_ID,ID,time,xloc,yloc,line_integral_values,maneuver
77,82,"[0.8 0.9 1.  1.1 1.2 1.3 1.4 1.5 1.6 1.7 1.8 1.9 2.  2.1 2.2 2.3 2.4 2.5
 2.6 2.7 2.8 2.9 3.  3.1 3.2 3.3 3.4 3.5 3.6 3.7 3.8 3.9 4.  4.1 4.2 4.3
 4.4 4.5 4.6 4.7 4.8 4.9 5. ]","[1840.179775 1840.616675 1841.0474   1841.470375 1841.885125 1842.2922
 1842.6932   1843.08975  1843.48395  1843.8784   1844.2747   1844.674425
 1845.0796   1845.491225 1845.909275 1846.3337   1846.76445  1847.202025
 1847.647425 1848.10165  1848.56575  1849.04075  1849.52715  1850.02595
 1850.53865  1851.066275 1851.60935  1852.167825 1852.741625 1853.330675
 1853.9339   1854.549175 1855.17435  1855.8073   1856.4454   1857.08605
 1857.727725 1858.36995  1859.012225 1859.6541   1860.2956   1860.93625
 1861.5756  ]","[162.54 162.54 162.53 162.53 162.53 162.52 162.52 162.52 162.52 162.51
 162.51 162.51 162.51 162.51 162.5  162.5  162.5  162.5  162.5  162.5
 162.5  162.49 162.49 162.49 162.49 162.49 162.49 162.49 162.49 162.49
 162.49 162.48 162.48 162.48 162.48 162.48 162.48 162.48 162.48 162.48
 162.48 162.47 162.47]",11.879970319351202,6
