ID,time,xloc,yloc,old_xloc,old_yloc,line_integral_values,maneuver
0,"[0.  0.1 0.2 0.3 0.4 0.5 0.6 0.7 0.8 0.9 1.  1.1 1.2 1.3 1.4 1.5 1.6 1.7
 1.8 1.9 2.  2.1 2.2]","[-26644.8211   -26644.36445  -26643.915875 -26643.47535  -26643.042875
 -26642.61845  -26642.202075 -26641.7943   -26641.3967   -26641.010825
 -26640.637725 -26640.27895  -26639.936025 -26639.61     -26639.3019
 -26639.012175 -26638.7408   -26638.48775  -26638.252425 -26638.033725
 -26637.830575 -26637.641375 -26637.464025]","[-4.34 -4.34 -4.33 -4.33 -4.32 -4.32 -4.31 -4.31 -4.3  -4.3  -4.29 -4.29
 -4.28 -4.27 -4.27 -4.26 -4.26 -4.25 -4.24 -4.24 -4.23 -4.23 -4.22]","[-25074.8211   -25074.36445  -25073.915875 -25073.47535  -25073.042875
 -25072.61845  -25072.202075 -25071.7943   -25071.3967   -25071.010825
 -25070.637725 -25070.27895  -25069.936025 -25069.61     -25069.3019
 -25069.012175 -25068.7408   -25068.48775  -25068.252425 -25068.033725
 -25067.830575 -25067.641375 -25067.464025]","[0.45 0.45 0.46 0.46 0.47 0.47 0.48 0.48 0.49 0.49 0.5  0.5  0.51 0.52
 0.52 0.53 0.53 0.54 0.55 0.55 0.56 0.56 0.57]",0.0,6
