Vehicle_ID,ID,time,xloc,yloc,line_integral_values,maneuver
103,103,"[2.3 2.4 2.5 2.6 2.7 2.8 2.9 3.  3.1 3.2 3.3 3.4 3.5 3.6 3.7 3.8 3.9 4.
 4.1 4.2 4.3 4.4 4.5 4.6 4.7 4.8 4.9 5. ]","[1817.5774   1818.35745  1819.129125 1819.891925 1820.643775 1821.38155
 1822.1016   1822.8003   1823.4751   1824.12505  1824.7508   1825.354025
 1825.937425 1826.503725 1827.0556   1827.595675 1828.12605  1828.6488
 1829.164925 1829.674425 1830.177275 1830.6734   1831.162725 1831.6442
 1832.116775 1832.579875 1833.03295  1833.476525]","[162.55 162.56 162.56 162.56 162.57 162.57 162.58 162.58 162.58 162.59
 162.59 162.6  162.6  162.6  162.61 162.61 162.61 162.61 162.62 162.62
 162.62 162.62 162.62 162.62 162.62 162.62 162.62 162.62]",1.2215648156986791,6
