Vehicle_ID,ID,time,xloc,yloc,line_integral_values,maneuver
533,522,"[3.  3.1 3.2 3.3 3.4 3.5 3.6 3.7 3.8 3.9 4.  4.1 4.2 4.3 4.4 4.5 4.6 4.7
 4.8 4.9 5. ]","[1805.238875 1805.709925 1806.169125 1806.618125 1807.06015  1807.499425
 1807.939625 1808.38335  1808.831625 1809.2849   1809.742575 1810.203025
 1810.665125 1811.12725  1811.5873   1812.044225 1812.498025 1812.948725
 1813.3969   1813.84465  1814.29405 ]","[162.6  162.6  162.6  162.6  162.6  162.6  162.6  162.6  162.6  162.59
 162.59 162.59 162.59 162.59 162.59 162.59 162.59 162.59 162.59 162.58
 162.58]",5.656922949287925,6
