Vehicle_ID,ID,time,xloc,yloc,line_integral_values,maneuver
2698,2698,"[0.6 0.7 0.8 0.9 1.  1.1 1.2 1.3 1.4 1.5 1.6 1.7 1.8 1.9 2.  2.1 2.2 2.3
 2.4 2.5 2.6 2.7 2.8 2.9 3.  3.1 3.2 3.3 3.4 3.5 3.6 3.7 3.8 3.9 4.  4.1
 4.2 4.3 4.4 4.5 4.6 4.7 4.8 4.9 5. ]","[1805.332675 1806.3533   1807.368375 1808.378425 1809.383475 1810.383525
 1811.378575 1812.3686   1813.3536   1814.3331   1815.307075 1816.275525
 1817.23845  1818.195825 1819.14715  1820.092425 1821.031675 1821.9644
 1822.890575 1823.8107   1824.724275 1825.6308   1826.530275 1827.422675
 1828.308    1829.18575  1830.055425 1830.91755  1831.772125 1832.61915
 1833.45915  1834.29215  1835.11815  1835.937675 1836.75075  1837.557375
 1838.35805  1839.152775 1839.94205  1840.725875 1841.50425  1842.277175
 1843.04465  1843.807175 1844.564775]","[162.52 162.54 162.56 162.58 162.6  162.62 162.64 162.66 162.67 162.69
 162.71 162.72 162.74 162.75 162.77 162.78 162.79 162.8  162.81 162.82
 162.83 162.84 162.85 162.86 162.86 162.87 162.88 162.88 162.89 162.89
 162.9  162.9  162.91 162.91 162.92 162.92 162.92 162.92 162.92 162.92
 162.93 162.92 162.92 162.92 162.92]",2.359991890363559,6
