Vehicle_ID,ID,time,xloc,yloc,line_integral_values,maneuver
438,94,[4.8 4.9 5. ],[1180.292175 1181.035825 1181.778   ],[160.95 160.96 160.97],1.1298993910628112,6
