Vehicle_ID,ID,time,xloc,yloc,line_integral_values,maneuver
2090,0,"[0.  0.1 0.2 0.3 0.4 0.5 0.6 0.7 0.8 0.9 1.  1.1 1.2 1.3 1.4 1.5 1.6 1.7
 1.8 1.9 2.  2.1 2.2 2.3 2.4 2.5 2.6 2.7 2.8 2.9 3.  3.1 3.2 3.3 3.4 3.5
 3.6 3.7 3.8 3.9 4.  4.1 4.2 4.3 4.4 4.5 4.6 4.7 4.8 4.9 5. ]","[2213.599925 2214.358975 2215.12     2215.883    2216.648    2217.415
 2218.184    2218.955025 2219.728075 2220.503625 2221.2817   2222.0623
 2222.845425 2223.631075 2224.41975  2225.21145  2226.006175 2226.80395
 2227.604775 2228.408625 2229.2155   2230.025925 2230.839875 2231.65735
 2232.478375 2233.302925 2234.131    2234.962625 2235.798275 2236.63795
 2237.481675 2238.32995  2239.1828   2240.040225 2240.9027   2241.770225
 2242.6428   2243.52045  2244.403175 2245.290925 2246.1837   2247.082025
 2247.985875 2248.89475  2249.80865  2250.727575 2251.651525 2252.580975
 2253.51595  2254.45595  2255.401475]","[135.9  135.85 135.79 135.74 135.69 135.63 135.58 135.52 135.46 135.41
 135.35 135.29 135.23 135.17 135.11 135.05 134.99 134.93 134.86 134.8
 134.74 134.67 134.61 134.55 134.48 134.41 134.35 134.28 134.21 134.15
 134.08 134.01 133.94 133.87 133.8  133.73 133.66 133.59 133.51 133.44
 133.37 133.29 133.22 133.15 133.07 133.   132.92 132.85 132.77 132.7
 132.62]",0.0,6
