Vehicle_ID,ID,time,xloc,yloc,line_integral_values,maneuver
2247,2150,"[0.  0.1 0.2 0.3 0.4 0.5 0.6 0.7 0.8 0.9 1.  1.1 1.2 1.3 1.4 1.5 1.6 1.7
 1.8 1.9 2. ]","[1608.314425 1609.307825 1610.30815  1611.3149   1612.32755  1613.346125
 1614.370625 1615.40105  1616.4369   1617.478175 1618.5249   1619.57705
 1620.634625 1621.697175 1622.7652   1623.838675 1624.9176   1626.002
 1627.09135  1628.185125 1629.28335 ]","[157.68 157.72 157.75 157.78 157.81 157.85 157.88 157.92 157.95 157.99
 158.02 158.06 158.09 158.12 158.16 158.19 158.22 158.26 158.29 158.32
 158.35]",0.0,6
