Vehicle_ID,ID,time,xloc,yloc,line_integral_values,maneuver
103,103,"[2.4 2.5 2.6 2.7 2.8 2.9 3.  3.1 3.2 3.3 3.4 3.5 3.6 3.7 3.8 3.9 4.  4.1
 4.2 4.3 4.4 4.5 4.6 4.7 4.8 4.9 5. ]","[1920.568825 1921.19175  1921.80855  1922.41925  1923.023875 1923.622975
 1924.2176   1924.8088   1925.397625 1925.985125 1926.572875 1927.161925
 1927.753275 1928.34795  1928.946975 1929.550825 1930.158975 1930.7719
 1931.389525 1932.0113   1932.6367   1933.265175 1933.895675 1934.52765
 1935.161075 1935.795475 1936.431875]","[160.49 160.45 160.41 160.37 160.32 160.28 160.24 160.2  160.15 160.11
 160.07 160.02 159.98 159.94 159.9  159.85 159.81 159.77 159.73 159.68
 159.64 159.59 159.55 159.51 159.46 159.42 159.37]",0.14321672618834466,6
