Vehicle_ID,ID,time,xloc,yloc,line_integral_values,maneuver
103,103,"[1.8 1.9 2.  2.1 2.2 2.3 2.4 2.5 2.6 2.7 2.8 2.9 3.  3.1 3.2 3.3 3.4 3.5
 3.6 3.7 3.8 3.9 4.  4.1 4.2 4.3 4.4 4.5 4.6 4.7 4.8 4.9 5. ]","[1180.21435  1181.0727   1181.932575 1182.7935   1183.655975 1184.519975
 1185.3855   1186.25255  1187.121125 1187.991225 1188.862325 1189.7344
 1190.60745  1191.481525 1192.357125 1193.234225 1194.11285  1194.993525
 1195.87625  1196.761525 1197.64935  1198.539725 1199.433175 1200.3297
 1201.229275 1202.131925 1203.03815  1203.94845  1204.862825 1205.780775
 1206.7023   1207.627875 1208.558   ]","[161.04 161.05 161.05 161.06 161.06 161.07 161.07 161.07 161.08 161.08
 161.08 161.09 161.09 161.09 161.1  161.1  161.1  161.1  161.1  161.1
 161.11 161.1  161.1  161.1  161.1  161.1  161.1  161.09 161.09 161.09
 161.08 161.08 161.08]",3.886794391319342,6
