Vehicle_ID,ID,time,xloc,yloc,line_integral_values,maneuver
69,69,"[2.1 2.2 2.3 2.4 2.5 2.6 2.7 2.8 2.9 3.  3.1 3.2 3.3 3.4 3.5 3.6 3.7 3.8
 3.9]","[1810.3194   1810.8275   1811.337225 1811.848575 1812.36155  1812.877175
 1813.395425 1813.9163   1814.440325 1814.967475 1815.497725 1816.031575
 1816.569025 1817.109575 1817.6532   1818.2004   1818.7517   1819.3076
 1819.868625]","[161.78 161.79 161.81 161.83 161.84 161.86 161.87 161.89 161.9  161.92
 161.93 161.95 161.96 161.97 161.98 161.99 162.   162.01 162.02]",0.8317307927004995,6
