Vehicle_ID,ID,time,xloc,yloc,line_integral_values,maneuver
2017,2017,[4.  4.1 4.2 4.3 4.4 4.5 4.6 4.7 4.8 4.9 5. ],"[1840.271    1841.2189   1842.1628   1843.102725 1844.038675 1844.970625
 1845.8986   1846.8231   1847.744625 1848.6627   1849.577325]","[162.47 162.47 162.47 162.47 162.47 162.47 162.47 162.47 162.47 162.47
 162.46]",1.2553100661002004,6
