Vehicle_ID,ID,time,xloc,yloc,line_integral_values,maneuver
1062,1062,"[1.5 1.6 1.7 1.8 1.9 2.  2.1 2.2 2.3 2.4 2.5 2.6 2.7 2.8 2.9 3.  3.1 3.2
 3.3 3.4 3.5 3.6 3.7 3.8 3.9 4.  4.1 4.2 4.3 4.4 4.5 4.6 4.7 4.8 4.9 5. ]","[1910.17055  1911.219025 1912.26845  1913.318825 1914.369625 1915.42085
 1916.4725   1917.524075 1918.575575 1919.6265   1920.676875 1921.727175
 1922.7769   1923.826075 1924.8752   1925.9238   1926.971875 1928.019925
 1929.06795  1930.11545  1931.16245  1932.20945  1933.25645  1934.30345
 1935.35045  1936.397425 1937.443875 1938.4898   1939.535175 1940.5795
 1941.622275 1942.662975 1943.701575 1944.7381   1945.77205  1946.8029  ]","[160.71 160.65 160.59 160.54 160.48 160.42 160.35 160.29 160.23 160.17
 160.1  160.04 159.97 159.91 159.84 159.77 159.71 159.64 159.57 159.5
 159.43 159.36 159.29 159.22 159.15 159.08 159.01 158.93 158.86 158.79
 158.71 158.64 158.56 158.49 158.42 158.34]",0.2407062669692848,6
