Vehicle_ID,ID,time,xloc,yloc,line_integral_values,maneuver
94,488,[0.  0.1 0.2 0.3 0.4 0.5 0.6 0.7 0.8 0.9 1.  1.1 1.2 1.3],"[1600.663425 1601.7103   1602.7566   1603.802325 1604.846975 1605.890525
 1606.932475 1607.972325 1609.010575 1610.047225 1611.0818   1612.1138
 1613.1432   1614.17     1615.1937   1616.2143   1617.2313   1618.2442
 1619.252975 1620.2571   1621.2561   1622.24945  1623.236625 1624.217125
 1625.1899   1626.153925 1627.1087   1628.053725 1628.9885   1629.912525]","[158.54 158.57 158.6  158.63 158.66 158.69 158.72 158.75 158.78 158.81
 158.83 158.86 158.89 158.92 158.94 158.97 158.99 159.02 159.04 159.06
 159.09 159.11 159.13 159.16 159.18 159.2  159.22 159.24 159.26 159.28]",0.5857523568337836,6
