Vehicle_ID,ID,time,xloc,yloc,old_xloc,old_yloc,line_integral_values,maneuver
2390,1008,[3.9 4.  4.1 4.2 4.3 4.4 4.5 4.6 4.7 4.8 4.9 5. ],"[42.312625 43.11905  43.937425 44.76775  45.609525 46.462725 47.32735
 48.2029   49.08885  49.9852   50.89195  51.8081  ]","[-0.93815385 -0.82815385 -0.72815385 -0.62815385 -0.51815385 -0.41815385
 -0.30815385 -0.20815385 -0.10815385 -0.00815385  0.09184615  0.19184615]","[1612.312625 1613.11905  1613.937425 1614.76775  1615.609525 1616.462725
 1617.32735  1618.2029   1619.08885  1619.9852   1620.89195  1621.8081  ]","[156.03 156.14 156.24 156.34 156.45 156.55 156.66 156.76 156.86 156.96
 157.06 157.16]",0.0,6
