Vehicle_ID,ID,time,xloc,yloc,line_integral_values,maneuver
2170,2170,"[1.8 1.9 2.  2.1 2.2 2.3 2.4 2.5 2.6 2.7 2.8 2.9 3.  3.1 3.2 3.3 3.4 3.5
 3.6 3.7 3.8 3.9 4.  4.1 4.2 4.3 4.4 4.5 4.6 4.7 4.8 4.9 5. ]","[1910.82105  1911.69525  1912.56845  1913.440625 1914.311775 1915.181925
 1916.05105  1916.91915  1917.78625  1918.65285  1919.51895  1920.38405
 1921.24815  1922.11125  1922.97385  1923.83595  1924.69705  1925.55715
 1926.41625  1927.27485  1928.13295  1928.99005  1929.84615  1930.70125
 1931.55535  1932.40895  1933.26205  1934.114125 1934.965175 1935.815225
 1936.664275 1937.512325 1938.359375]","[160.66 160.61 160.56 160.51 160.46 160.41 160.36 160.31 160.25 160.2
 160.14 160.09 160.04 159.98 159.93 159.87 159.81 159.76 159.7  159.65
 159.59 159.53 159.47 159.42 159.36 159.3  159.24 159.18 159.12 159.05
 158.99 158.93 158.87]",0.04899698626532348,6
