Vehicle_ID,ID,time,xloc,yloc,line_integral_values,maneuver
77,83,"[2.3 2.4 2.5 2.6 2.7 2.8 2.9 3.  3.1 3.2 3.3 3.4 3.5 3.6 3.7 3.8 3.9 4.
 4.1 4.2 4.3 4.4 4.5 4.6 4.7 4.8 4.9 5. ]","[1830.09975  1830.490925 1830.889125 1831.29585  1831.712625 1832.140475
 1832.5809   1833.034875 1833.502375 1833.9844   1834.48245  1834.99645
 1835.52635  1836.071575 1836.631025 1837.2036   1837.787175 1838.379625
 1838.978825 1839.58215  1840.187525 1840.79395  1841.400425 1842.006475
 1842.61265  1843.219    1843.8256   1844.433025]","[162.12 162.12 162.12 162.12 162.13 162.13 162.13 162.13 162.13 162.13
 162.14 162.14 162.14 162.14 162.15 162.15 162.16 162.16 162.17 162.17
 162.18 162.18 162.18 162.19 162.19 162.19 162.19 162.19]",4.048388869661386,6
