Vehicle_ID,ID,time,xloc,yloc,line_integral_values,maneuver
2170,2170,[1.8 1.9 2.  2.1 2.2 2.3 2.4 2.5 2.6 2.7 2.8 2.9 3.  3.1 3.2 3.3 3.4],"[1815.652375 1816.5211   1817.386975 1818.250525 1819.11175  1819.970625
 1820.82815  1821.684325 1822.53915  1823.3931   1824.246175 1825.098375
 1825.949675 1826.800575 1827.651075 1828.50065  1829.349275]","[162.53 162.54 162.54 162.55 162.56 162.57 162.58 162.58 162.59 162.6
 162.6  162.61 162.62 162.62 162.63 162.63 162.64]",0.018104717871802983,6
