Vehicle_ID,ID,time,xloc,yloc,line_integral_values,maneuver
85,438,"[0.  0.1 0.2 0.3 0.4 0.5 0.6 0.7 0.8 0.9 1.  1.1 1.2 1.3 1.4 1.5 1.6 1.7
 1.8]","[1600.38005  1601.397375 1602.41165  1603.422875 1604.43055  1605.434675
 1606.435775 1607.43335  1608.427375 1609.41785  1610.404275 1611.38665
 1612.364975 1613.33925  1614.30895  1615.273575 1616.232625 1617.18605
 1618.13335  1619.073525 1620.00655  1620.931925 1621.849125 1622.75815
 1623.6585   1624.549675 1625.4312   1626.303075 1627.1653   1628.017375
 1628.8588   1629.689575]","[158.57 158.59 158.62 158.65 158.67 158.7  158.72 158.74 158.77 158.79
 158.81 158.83 158.85 158.87 158.89 158.91 158.93 158.95 158.97 158.98
 159.   159.02 159.04 159.06 159.07 159.09 159.11 159.13 159.14 159.16
 159.18 159.19]",0.00017361603211983034,6
