Vehicle_ID,ID,time,xloc,yloc,line_integral_values,maneuver
2104,2090,[2.8 2.9 3.  3.1 3.2 3.3 3.4 3.5 3.6],"[1800.62765  1801.70895  1802.781675 1803.84585  1804.901475 1805.948025
 1806.9855   1808.014425 1809.034825]",[161.96 161.97 161.98 161.98 161.99 162.   162.01 162.02 162.03],0.3707733724761258,6
