Vehicle_ID,ID,time,xloc,yloc,line_integral_values,maneuver
2841,2484,"[0.5 0.6 0.7 0.8 0.9 1.  1.1 1.2 1.3 1.4 1.5 1.6 1.7 1.8 1.9 2.  2.1 2.2
 2.3 2.4 2.5 2.6 2.7 2.8 2.9 3.  3.1 3.2 3.3 3.4 3.5 3.6 3.7 3.8 3.9 4.
 4.1 4.2 4.3 4.4 4.5 4.6 4.7 4.8 4.9 5. ]","[1337.347075 1337.79725  1338.244275 1338.68815  1339.128375 1339.56445
 1339.9964   1340.423725 1340.8464   1341.264425 1341.676825 1342.0836
 1342.48475  1342.880275 1343.270175 1343.65345  1344.0301   1344.40065
 1344.7646   1345.12195  1345.472725 1345.816425 1346.15305  1346.482625
 1346.805625 1347.122075 1347.4315   1347.7344   1348.0308   1348.3207
 1348.6046   1348.8825   1349.1544   1349.420325 1349.680775 1349.93575
 1350.185275 1350.42985  1350.669475 1350.90415  1351.133875 1351.358625
 1351.5784   1351.793225 1352.0036   1352.209525]","[158.97 158.96 158.95 158.93 158.92 158.91 158.9  158.88 158.87 158.86
 158.85 158.84 158.83 158.81 158.8  158.79 158.78 158.76 158.75 158.74
 158.73 158.71 158.7  158.69 158.68 158.67 158.65 158.64 158.63 158.62
 158.61 158.6  158.59 158.58 158.57 158.56 158.56 158.55 158.54 158.54
 158.53 158.53 158.52 158.52 158.51 158.51]",1.5175889356114425,6
