Vehicle_ID,ID,time,xloc,yloc,line_integral_values,maneuver
2040,2040,"[3.2 3.3 3.4 3.5 3.6 3.7 3.8 3.9 4.  4.1 4.2 4.3 4.4 4.5 4.6 4.7 4.8 4.9
 5. ]","[1585.20475  1585.751375 1586.302525 1586.858175 1587.41835  1587.98305
 1588.55225  1589.12595  1589.70415  1590.28635  1590.872525 1591.463175
 1592.058325 1592.657475 1593.2606   1593.8677   1594.4788   1595.0939
 1595.7135  ]","[157.64 157.65 157.66 157.66 157.67 157.68 157.69 157.69 157.7  157.71
 157.72 157.73 157.74 157.75 157.76 157.77 157.78 157.79 157.8 ]",14.175282629254188,6
