Vehicle_ID,ID,time,xloc,yloc,line_integral_values,maneuver
972,972,"[1.4 1.5 1.6 1.7 1.8 1.9 2.  2.1 2.2 2.3 2.4 2.5 2.6 2.7 2.8 2.9 3.  3.1
 3.2 3.3 3.4 3.5 3.6 3.7 3.8 3.9 4.  4.1 4.2 4.3 4.4 4.5 4.6 4.7 4.8 4.9
 5. ]","[1815.59105  1816.7452   1817.895775 1819.043275 1820.1877   1821.32905
 1822.466825 1823.60105  1824.731725 1825.85885  1826.982925 1828.10345
 1829.21995  1830.332925 1831.44235  1832.54825  1833.650625 1834.74895
 1835.84325  1836.933525 1838.020275 1839.103525 1840.18275  1841.25795
 1842.32915  1843.39685  1844.46105  1845.521225 1846.577375 1847.630025
 1848.679175 1849.724325 1850.765475 1851.803125 1852.837275 1853.867425
 1854.8941  ]","[162.34 162.34 162.34 162.34 162.35 162.35 162.35 162.35 162.35 162.36
 162.36 162.36 162.36 162.35 162.35 162.35 162.35 162.34 162.34 162.33
 162.32 162.31 162.31 162.3  162.29 162.28 162.27 162.26 162.25 162.24
 162.23 162.21 162.2  162.19 162.18 162.17 162.16]",1.4953569881002533,6
