Vehicle_ID,ID,time,xloc,yloc,line_integral_values,maneuver
83,82,[4.3 4.4 4.5 4.6 4.7 4.8 4.9 5. ],"[1840.179775 1840.616675 1841.0474   1841.470375 1841.885125 1842.2922
 1842.6932   1843.08975 ]",[162.54 162.54 162.53 162.53 162.53 162.52 162.52 162.52],2.1335520304651117,6
