Vehicle_ID,ID,time,xloc,yloc,line_integral_values,maneuver
0,0,"[1.2 1.3 1.4 1.5 1.6 1.7 1.8 1.9 2.  2.1 2.2 2.3 2.4 2.5 2.6 2.7 2.8 2.9
 3.  3.1 3.2 3.3 3.4 3.5 3.6 3.7 3.8 3.9 4.  4.1 4.2 4.3 4.4 4.5 4.6 4.7
 4.8 4.9 5. ]","[1180.147525 1181.474475 1182.803425 1184.134375 1185.467325 1186.801775
 1188.137725 1189.475675 1190.815625 1192.157575 1193.501525 1194.847475
 1196.195425 1197.545375 1198.896825 1200.24975  1201.60465  1202.96105
 1204.31895  1205.678325 1207.039175 1208.401525 1209.76535  1211.13065
 1212.496925 1213.864175 1215.2324   1216.601075 1217.9702   1219.33975
 1220.709225 1222.078125 1223.44645  1224.8142   1226.18085  1227.546425
 1228.910925 1230.273825 1231.63515 ]","[160.96 160.97 160.98 160.99 161.   161.01 161.01 161.02 161.03 161.03
 161.04 161.05 161.05 161.05 161.06 161.06 161.06 161.07 161.07 161.07
 161.07 161.07 161.07 161.07 161.07 161.06 161.06 161.06 161.06 161.05
 161.05 161.04 161.04 161.03 161.03 161.02 161.01 161.   160.99]",6.289480746149998,6
