Vehicle_ID,ID,time,xloc,yloc,line_integral_values,maneuver
2390,2390,"[0.6 0.7 0.8 0.9 1.  1.1 1.2 1.3 1.4 1.5 1.6 1.7 1.8 1.9 2.  2.1 2.2 2.3
 2.4 2.5 2.6 2.7 2.8 2.9 3.  3.1 3.2 3.3 3.4 3.5 3.6 3.7 3.8 3.9 4.  4.1
 4.2 4.3 4.4 4.5 4.6 4.7 4.8 4.9 5. ]","[1805.213125 1806.2346   1807.25255  1808.2675   1809.279475 1810.288975
 1811.296525 1812.30215  1813.305825 1814.30805  1815.30885  1816.308225
 1817.30615  1818.302625 1819.29815  1820.2922   1821.284775 1822.275875
 1823.264975 1824.252575 1825.238675 1826.222775 1827.204875 1828.184975
 1829.163075 1830.13915  1831.1132   1832.08525  1833.0553   1834.02335
 1834.989375 1835.953375 1836.914875 1837.873875 1838.83085  1839.7858
 1840.73825  1841.688175 1842.63555  1843.5799   1844.521225 1845.4595
 1846.394725 1847.3269   1848.25555 ]","[162.49 162.5  162.52 162.53 162.54 162.56 162.57 162.58 162.6  162.61
 162.62 162.63 162.64 162.65 162.66 162.67 162.68 162.69 162.7  162.71
 162.71 162.72 162.73 162.73 162.74 162.75 162.75 162.76 162.77 162.77
 162.78 162.78 162.79 162.79 162.8  162.8  162.8  162.8  162.8  162.8
 162.8  162.8  162.8  162.8  162.79]",5.670192211575015,6
