Vehicle_ID,ID,time,xloc,yloc,line_integral_values,maneuver
1983,972,"[0.  0.1 0.2 0.3 0.4 0.5 0.6 0.7 0.8 0.9 1.  1.1 1.2 1.3 1.4 1.5 1.6 1.7
 1.8 1.9 2.  2.1 2.2 2.3 2.4 2.5 2.6 2.7 2.8 2.9 3.  3.1]","[1600.256475 1600.6926   1601.131175 1601.572225 1602.015725 1602.46115
 1602.908525 1603.35785  1603.809125 1604.26185  1604.716025 1605.171625
 1605.62815  1606.086125 1606.545575 1607.006    1607.467375 1607.9297
 1608.393    1608.857275 1609.3225   1609.7887   1610.255875 1610.724025
 1611.19315  1611.663225 1612.133775 1612.6048   1613.0763   1613.548275
 1614.021225 1614.494675 1614.9686   1615.4435   1615.9194   1616.3963
 1616.8737   1617.3516   1617.8305   1618.3104   1618.7913   1619.2732
 1619.756125 1620.240075 1620.725025 1621.210975 1621.697925 1622.1859
 1622.6749   1623.165425]","[158.06 158.07 158.08 158.1  158.11 158.12 158.13 158.15 158.16 158.17
 158.18 158.19 158.2  158.21 158.22 158.23 158.24 158.25 158.26 158.26
 158.27 158.28 158.29 158.3  158.31 158.32 158.33 158.34 158.35 158.36
 158.37 158.37 158.38 158.39 158.4  158.41 158.42 158.43 158.44 158.44
 158.45 158.46 158.47 158.47 158.48 158.49 158.5  158.51 158.51 158.52]",1.6703719061983453,6
