Vehicle_ID,ID,time,xloc,yloc,line_integral_values,maneuver
2636,2636,"[1.8 1.9 2.  2.1 2.2 2.3 2.4 2.5 2.6 2.7 2.8 2.9 3.  3.1 3.2 3.3 3.4 3.5
 3.6 3.7 3.8 3.9 4.  4.1 4.2 4.3 4.4 4.5 4.6 4.7 4.8 4.9 5. ]","[1585.8877   1586.846525 1587.807775 1588.77145  1589.73705  1590.704575
 1591.674025 1592.6449   1593.617725 1594.593025 1595.570325 1596.550125
 1597.53295  1598.5188   1599.508175 1600.5011   1601.49705  1602.496
 1603.498475 1604.504475 1605.513475 1606.525475 1607.539975 1608.55695
 1609.5769   1610.59985  1611.6258   1612.65475  1613.686725 1614.721725
 1615.759725 1616.800725 1617.84525 ]","[157.87 157.89 157.91 157.93 157.95 157.97 157.99 158.01 158.03 158.05
 158.07 158.09 158.11 158.13 158.14 158.16 158.18 158.2  158.22 158.24
 158.26 158.27 158.29 158.31 158.33 158.35 158.37 158.39 158.41 158.43
 158.45 158.48 158.5 ]",8.218861443440234,6
