Vehicle_ID,ID,time,xloc,yloc,old_xloc,old_yloc,line_integral_values,maneuver
533,522,[4.5 4.6 4.7 4.8 4.9 5. ],[30.898925 31.986    33.0711   34.1542   35.235275 36.3138  ],[1.69184615 1.71184615 1.73184615 1.75184615 1.77184615 1.79184615],[1600.898925 1601.986    1603.0711   1604.1542   1605.235275 1606.3138  ],[158.66 158.68 158.7  158.72 158.74 158.76],0.0,6
