Vehicle_ID,ID,time,xloc,yloc,old_xloc,old_yloc,line_integral_values,maneuver
68,83,"[0.  0.1 0.2 0.3 0.4 0.5 0.6 0.7 0.8 0.9 1.  1.1 1.2 1.3 1.4 1.5 1.6 1.7
 1.8 1.9 2.  2.1 2.2 2.3 2.4 2.5 2.6 2.7 2.8 2.9 3.  3.1 3.2 3.3 3.4 3.5
 3.6 3.7 3.8 3.9 4.  4.1 4.2 4.3 4.4 4.5 4.6 4.7 4.8 4.9]","[1609.2602   1609.4956   1609.730725 1609.966075 1610.201625 1610.437375
 1610.6738   1610.9114   1611.150175 1611.390125 1611.63175  1611.875
 1612.118825 1612.3632   1612.6081   1612.8525   1613.095875 1613.3382
 1613.58     1613.821275 1614.061525 1614.30075  1614.538925 1614.77555
 1615.010125 1615.242625 1615.47305  1615.7009   1615.926175 1616.1494
 1616.371125 1616.591875 1616.812175 1617.032575 1617.2536   1617.475775
 1617.6996   1617.926075 1618.1552   1618.386975 1618.6219   1618.860475
 1619.1027   1619.348025 1619.5964   1619.847325 1620.100275 1620.354725
 1620.61065  1620.86805 ]","[158.8  158.8  158.8  158.81 158.81 158.81 158.82 158.82 158.82 158.83
 158.83 158.84 158.84 158.85 158.85 158.86 158.86 158.87 158.87 158.88
 158.88 158.89 158.89 158.89 158.9  158.9  158.9  158.91 158.91 158.91
 158.92 158.92 158.92 158.93 158.93 158.94 158.94 158.95 158.95 158.96
 158.96 158.97 158.97 158.97 158.98 158.98 158.98 158.98 158.99 158.99]","[1609.2602   1609.4956   1609.730725 1609.966075 1610.201625 1610.437375
 1610.6738   1610.9114   1611.150175 1611.390125 1611.63175  1611.875
 1612.118825 1612.3632   1612.6081   1612.8525   1613.095875 1613.3382
 1613.58     1613.821275 1614.061525 1614.30075  1614.538925 1614.77555
 1615.010125 1615.242625 1615.47305  1615.7009   1615.926175 1616.1494
 1616.371125 1616.591875 1616.812175 1617.032575 1617.2536   1617.475775
 1617.6996   1617.926075 1618.1552   1618.386975 1618.6219   1618.860475
 1619.1027   1619.348025 1619.5964   1619.847325 1620.100275 1620.354725
 1620.61065  1620.86805 ]","[158.8  158.8  158.8  158.81 158.81 158.81 158.82 158.82 158.82 158.83
 158.83 158.84 158.84 158.85 158.85 158.86 158.86 158.87 158.87 158.88
 158.88 158.89 158.89 158.89 158.9  158.9  158.9  158.91 158.91 158.91
 158.92 158.92 158.92 158.93 158.93 158.94 158.94 158.95 158.95 158.96
 158.96 158.97 158.97 158.97 158.98 158.98 158.98 158.98 158.99 158.99]",0.0038351220537192875,6
