Vehicle_ID,ID,time,xloc,yloc,line_integral_values,maneuver
75,69,"[0.  0.1 0.2 0.3 0.4 0.5 0.6 0.7 0.8 0.9 1.  1.1 1.2 1.3 1.4 1.5 1.6 1.7
 1.8 1.9 2.  2.1 2.2 2.3 2.4 2.5 2.6 2.7 2.8 2.9 3.  3.1 3.2 3.3 3.4 3.5
 3.6 3.7 3.8 3.9 4.  4.1 4.2 4.3 4.4 4.5 4.6 4.7 4.8 4.9 5. ]","[1087.9026   1088.718275 1089.541975 1090.373175 1091.211375 1092.057075
 1092.91025  1093.7699   1094.636025 1095.5091   1096.388625 1097.2741
 1098.16605  1099.064475 1099.96885  1100.879175 1101.79545  1102.7177
 1103.645925 1104.5801   1105.52025  1106.465875 1107.41695  1108.373475
 1109.33495  1110.301375 1111.27275  1112.249075 1113.23035  1114.216575
 1115.20725  1116.202375 1117.202475 1118.20705  1119.2161   1120.230125
 1121.248625 1122.2716   1123.299025 1124.330925 1125.3673   1126.407625
 1127.4519   1128.499625 1129.5508   1130.605425 1131.662975 1132.72345
 1133.78635  1134.85115  1135.917825]","[158.99 159.01 159.03 159.05 159.07 159.1  159.12 159.14 159.16 159.19
 159.21 159.23 159.26 159.28 159.3  159.33 159.35 159.38 159.4  159.42
 159.45 159.47 159.5  159.52 159.55 159.57 159.6  159.62 159.64 159.67
 159.69 159.72 159.74 159.76 159.79 159.81 159.84 159.86 159.89 159.91
 159.93 159.96 159.98 160.   160.02 160.04 160.07 160.09 160.11 160.13
 160.15]",1.5136361247946821,6
