Vehicle_ID,ID,time,xloc,yloc,line_integral_values,maneuver
1062,2017,[3.5 3.6 3.7 3.8 3.9 4.  4.1 4.2 4.3 4.4 4.5 4.6 4.7 4.8 4.9 5. ],"[1815.213975 1816.2634   1817.308775 1818.350625 1819.38895  1820.42325
 1821.454025 1822.481275 1823.504525 1824.52375  1825.53895  1826.550125
 1827.557275 1828.560425 1829.55955  1830.55465 ]","[162.25 162.26 162.27 162.29 162.3  162.31 162.33 162.34 162.35 162.36
 162.37 162.38 162.39 162.39 162.4  162.41]",1.8953960428674794,6
