Vehicle_ID,ID,time,xloc,yloc,line_integral_values,maneuver
2509,3926,[4.6 4.7 4.8 4.9 5. ],[1820.281125 1821.2439   1822.18995  1823.1235   1824.04925 ],[161.98 162.02 162.07 162.11 162.15],0.8963065584392576,6
