Vehicle_ID,ID,time,xloc,yloc,line_integral_values,maneuver
2290,1836,"[0.1 0.2 0.3 0.4 0.5 0.6 0.7 0.8 0.9 1.  1.1 1.2 1.3 1.4 1.5 1.6 1.7 1.8
 1.9 2.  2.1 2.2 2.3 2.4 2.5 2.6 2.7 2.8 2.9 3.  3.1 3.2 3.3 3.4 3.5 3.6
 3.7 3.8 3.9 4.  4.1 4.2 4.3 4.4 4.5 4.6 4.7 4.8 4.9 5. ]","[1830.6372   1831.552625 1832.462675 1833.367825 1834.268075 1835.163425
 1836.053875 1836.939925 1837.82155  1838.69875  1839.571525 1840.439875
 1841.3043   1842.164775 1843.021325 1843.87395  1844.722625 1845.56735
 1846.408625 1847.24645  1848.080825 1848.91225  1849.74075  1850.566325
 1851.38895  1852.20915  1853.026925 1853.842275 1854.6557   1855.467175
 1856.2762   1857.082775 1857.8874   1858.690575 1859.4923   1860.292075
 1861.0899   1861.886275 1862.6817   1863.475675 1864.268725 1865.06135
 1865.853025 1866.644275 1867.435625 1868.22705  1869.01855  1869.81065
 1870.603325 1871.396575]","[162.68 162.68 162.68 162.68 162.69 162.69 162.69 162.69 162.69 162.68
 162.68 162.68 162.68 162.67 162.67 162.66 162.66 162.65 162.64 162.64
 162.63 162.62 162.61 162.6  162.59 162.58 162.57 162.56 162.55 162.54
 162.53 162.52 162.51 162.5  162.49 162.47 162.46 162.44 162.43 162.41
 162.4  162.38 162.36 162.35 162.33 162.31 162.29 162.28 162.26 162.25]",7.020859077916921,6
