Vehicle_ID,ID,time,xloc,yloc,line_integral_values,maneuver
3926,3926,"[2.  2.1 2.2 2.3 2.4 2.5 2.6 2.7 2.8 2.9 3.  3.1 3.2 3.3 3.4 3.5 3.6 3.7
 3.8 3.9 4.  4.1 4.2 4.3 4.4 4.5 4.6 4.7 4.8 4.9 5. ]","[1910.7932   1911.685525 1912.5838   1913.488025 1914.398225 1915.3144
 1916.236525 1917.164125 1918.0972   1919.035725 1919.979175 1920.92755
 1921.88035  1922.836525 1923.795575 1924.7575   1925.721775 1926.687875
 1927.6553   1928.623575 1929.592675 1930.562075 1931.5313   1932.49985
 1933.467225 1934.433425 1935.39795  1936.360825 1937.321525 1938.27955
 1939.2349  ]","[160.95 160.9  160.85 160.8  160.75 160.7  160.65 160.6  160.54 160.49
 160.43 160.37 160.32 160.26 160.2  160.14 160.07 160.01 159.95 159.88
 159.82 159.75 159.69 159.62 159.55 159.49 159.42 159.35 159.28 159.21
 159.14]",0.10852527692882095,6
