Vehicle_ID,ID,time,xloc,yloc,line_integral_values,maneuver
1961,1046,"[0.4 0.5 0.6 0.7 0.8 0.9 1.  1.1 1.2 1.3 1.4 1.5 1.6 1.7 1.8 1.9 2.  2.1
 2.2 2.3 2.4 2.5 2.6 2.7 2.8 2.9 3.  3.1 3.2 3.3 3.4 3.5 3.6 3.7 3.8 3.9
 4.  4.1 4.2 4.3 4.4 4.5 4.6 4.7 4.8 4.9 5. ]","[1830.4871   1831.6305   1832.771875 1833.9112   1835.048475 1836.183175
 1837.3148   1838.44335  1839.568825 1840.691225 1841.81005  1842.925325
 1844.03755  1845.146225 1846.25135  1847.353425 1848.451975 1849.547
 1850.639    1851.727475 1852.812425 1853.894375 1854.973325 1856.049275
 1857.122225 1858.192175 1859.259125 1860.323075 1861.38405  1862.44205
 1863.49705  1864.54905  1865.59805  1866.64405  1867.68705  1868.72705
 1869.76405  1870.79805  1871.82905  1872.85705  1873.88205  1874.90405
 1875.92305  1876.93905  1877.952575 1878.963625 1879.971675]","[162.3  162.31 162.31 162.31 162.32 162.32 162.32 162.33 162.33 162.33
 162.33 162.33 162.33 162.33 162.33 162.33 162.33 162.33 162.33 162.33
 162.32 162.32 162.31 162.31 162.3  162.29 162.28 162.27 162.26 162.25
 162.24 162.22 162.21 162.19 162.17 162.15 162.12 162.1  162.08 162.05
 162.02 162.   161.97 161.94 161.91 161.87 161.84]",15.339406188788772,6
