Vehicle_ID,ID,time,xloc,yloc,line_integral_values,maneuver
145,145,"[2.1 2.2 2.3 2.4 2.5 2.6 2.7 2.8 2.9 3.  3.1 3.2 3.3 3.4 3.5 3.6 3.7 3.8
 3.9 4.  4.1 4.2 4.3]","[1337.76155  1338.55045  1339.330375 1340.10185  1340.865375 1341.62095
 1342.3686   1343.108825 1343.842125 1344.56905  1345.2896   1346.00375
 1346.712525 1347.415925 1348.11395  1348.807625 1349.49745  1350.183425
 1350.86555  1351.544325 1352.22025  1352.8933   1353.563975]","[159.19 159.17 159.15 159.13 159.11 159.09 159.07 159.06 159.04 159.02
 159.   158.99 158.97 158.96 158.94 158.93 158.91 158.9  158.88 158.87
 158.86 158.84 158.83]",2.7253564321787342,6
