Vehicle_ID,ID,time,xloc,yloc,line_integral_values,maneuver
2150,2449,"[1.9 2.  2.1 2.2 2.3 2.4 2.5 2.6 2.7 2.8 2.9 3.  3.1 3.2 3.3 3.4 3.5 3.6
 3.7 3.8 3.9 4.  4.1 4.2 4.3 4.4 4.5 4.6 4.7 4.8 4.9 5. ]","[1840.080175 1841.09     1842.09275  1843.088925 1844.07855  1845.061625
 1846.03815  1847.007625 1847.97005  1848.925425 1849.87375  1850.815025
 1851.74925  1852.675925 1853.59505  1854.506625 1855.41065  1856.307125
 1857.19555  1858.07595  1858.948825 1859.814175 1860.672025 1861.522875
 1862.36675  1863.20365  1864.033575 1864.857025 1865.6745   1866.485525
 1867.290625 1868.0903  ]","[162.89 162.89 162.89 162.89 162.89 162.88 162.88 162.88 162.88 162.87
 162.87 162.86 162.86 162.85 162.85 162.84 162.83 162.82 162.81 162.8
 162.79 162.78 162.77 162.75 162.74 162.72 162.71 162.69 162.67 162.65
 162.63 162.61]",0.8816618014292568,6
