Vehicle_ID,ID,time,xloc,yloc,line_integral_values,maneuver
197,197,"[1.5 1.6 1.7 1.8 1.9 2.  2.1 2.2 2.3 2.4 2.5 2.6 2.7 2.8 2.9 3.  3.1 3.2
 3.3 3.4 3.5 3.6 3.7 3.8 3.9 4.  4.1 4.2 4.3 4.4 4.5 4.6 4.7 4.8 4.9 5. ]","[1086.054625 1087.225325 1088.40705  1089.5993   1090.802075 1092.015875
 1093.240675 1094.475975 1095.721775 1096.978575 1098.245875 1099.523675
 1100.811975 1102.11025  1103.419    1104.737725 1106.0659   1107.403525
 1108.750075 1110.105525 1111.469375 1112.841125 1114.220275 1115.6068
 1117.0007   1118.401    1119.807675 1121.221225 1122.641175 1124.067025
 1125.498775 1126.936425 1128.379975 1129.828925 1131.28275  1132.74095 ]","[158.89 158.92 158.96 159.   159.03 159.07 159.11 159.14 159.18 159.21
 159.25 159.28 159.32 159.35 159.38 159.42 159.45 159.48 159.52 159.55
 159.58 159.61 159.64 159.67 159.7  159.73 159.76 159.79 159.82 159.84
 159.87 159.9  159.92 159.95 159.97 160.  ]",0.9501460081999802,6
