Vehicle_ID,ID,time,xloc,yloc,line_integral_values,maneuver
2104,2104,"[3.2 3.3 3.4 3.5 3.6 3.7 3.8 3.9 4.  4.1 4.2 4.3 4.4 4.5 4.6 4.7 4.8 4.9
 5. ]","[1337.152175 1337.57065  1337.997475 1338.434125 1338.88155  1339.339175
 1339.80585  1340.279875 1340.75905  1341.2407   1341.7217   1342.200475
 1342.675975 1343.1477   1343.6162   1344.081525 1344.544725 1345.006875
 1345.4691  ]","[159.32 159.31 159.3  159.28 159.27 159.26 159.25 159.24 159.23 159.22
 159.21 159.2  159.19 159.18 159.17 159.16 159.15 159.14 159.13]",4.290151733135592,6
