Vehicle_ID,ID,time,xloc,yloc,line_integral_values,maneuver
2484,2698,[0.  0.1 0.2 0.3 0.4 0.5 0.6 0.7 0.8 0.9],"[1825.6308   1826.530275 1827.422675 1828.308    1829.18575  1830.055425
 1830.91755  1831.772125 1832.61915  1833.45915 ]",[162.84 162.85 162.86 162.86 162.87 162.88 162.88 162.89 162.89 162.9 ],0.5721023709407702,6
