Vehicle_ID,ID,time,xloc,yloc,line_integral_values,maneuver
0,3,"[0.5 0.6 0.7 0.8 0.9 1.  1.1 1.2 1.3 1.4 1.5 1.6 1.7 1.8 1.9 2.  2.1 2.2
 2.3 2.4 2.5 2.6 2.7 2.8 2.9 3.  3.1 3.2 3.3 3.4 3.5 3.6 3.7 3.8 3.9 4.
 4.1 4.2 4.3 4.4 4.5 4.6 4.7 4.8 4.9 5. ]","[1830.013925 1830.912225 1831.81     1832.70725  1833.604025 1834.500825
 1835.397125 1836.292925 1837.18875  1838.0846   1838.980475 1839.876875
 1840.7738   1841.67075  1842.567725 1843.464725 1844.361725 1845.258725
 1846.155725 1847.052725 1847.949725 1848.847225 1849.745225 1850.64325
 1851.5413   1852.43985  1853.338925 1854.238525 1855.13865  1856.0393
 1856.940975 1857.8437   1858.74745  1859.652225 1860.558025 1861.46485
 1862.3722   1863.28005  1864.1889   1865.09875  1866.009075 1866.919375
 1867.82965  1868.7399   1869.650125 1870.560325]","[162.61 162.62 162.63 162.64 162.64 162.65 162.66 162.66 162.67 162.68
 162.68 162.68 162.69 162.69 162.7  162.7  162.7  162.7  162.7  162.7
 162.69 162.69 162.69 162.68 162.68 162.68 162.67 162.67 162.66 162.65
 162.65 162.64 162.63 162.62 162.61 162.61 162.59 162.58 162.57 162.56
 162.54 162.53 162.51 162.49 162.48 162.46]",9.832121185539828,6
