Vehicle_ID,ID,time,xloc,yloc,line_integral_values,maneuver
3926,2247,"[0.5 0.6 0.7 0.8 0.9 1.  1.1 1.2 1.3 1.4 1.5 1.6 1.7 1.8 1.9 2.  2.1 2.2
 2.3 2.4 2.5 2.6 2.7 2.8 2.9 3.  3.1 3.2 3.3 3.4 3.5 3.6 3.7 3.8 3.9 4.
 4.1 4.2 4.3 4.4 4.5 4.6 4.7 4.8 4.9 5. ]","[1980.44495  1981.0851   1981.725325 1982.365125 1983.0045   1983.643425
 1984.2819   1984.9204   1985.558425 1986.195475 1986.831525 1987.466575
 1988.1006   1988.7331   1989.364075 1989.9935   1990.62035  1991.244625
 1991.86685  1992.486525 1993.10315  1993.7172   1994.328675 1994.937125
 1995.54305  1996.14645  1996.74735  1997.34625  1997.943175 1998.53865
 1999.133175 1999.72675  2000.3199   2000.91315  2001.5065   2002.100475
 2002.6956   2003.292375 2003.8918   2004.4944   2005.1007   2005.711225
 2006.3265   2006.948025 2007.576825 2008.21345 ]","[155.6  155.54 155.49 155.43 155.37 155.32 155.26 155.2  155.14 155.09
 155.03 154.97 154.91 154.86 154.8  154.74 154.68 154.63 154.57 154.51
 154.45 154.4  154.34 154.28 154.23 154.17 154.11 154.05 154.   153.94
 153.88 153.82 153.77 153.71 153.65 153.6  153.54 153.48 153.43 153.37
 153.31 153.26 153.2  153.14 153.09 153.03]",0.00017949117504673312,6
