Vehicle_ID,ID,time,xloc,yloc,old_xloc,old_yloc,line_integral_values,maneuver
536,533,[83.4 83.5 83.6 83.7 83.8 83.9 84. ],"[1600.91395  1601.927175 1602.93235  1603.929475 1604.918075 1605.89815
 1606.869675]",[158.63 158.66 158.7  158.74 158.77 158.81 158.84],"[1600.91395  1601.927175 1602.93235  1603.929475 1604.918075 1605.89815
 1606.869675]",[158.63 158.66 158.7  158.74 158.77 158.81 158.84],0.0,6
