Vehicle_ID,ID,time,xloc,yloc,line_integral_values,maneuver
1961,1961,"[1.7 1.8 1.9 2.  2.1 2.2 2.3 2.4 2.5 2.6 2.7 2.8 2.9 3.  3.1 3.2 3.3 3.4
 3.5 3.6 3.7 3.8 3.9 4.  4.1 4.2 4.3 4.4 4.5 4.6 4.7 4.8 4.9 5. ]","[1980.318175 1981.186525 1982.047275 1982.899425 1983.742975 1984.578425
 1985.4053   1986.2236   1987.033325 1987.833975 1988.62605  1989.409575
 1990.18405  1990.949475 1991.706375 1992.45475  1993.1941   1993.92495
 1994.6478   1995.36215  1996.068    1996.765875 1997.456275 1998.1392
 1998.814675 1999.483225 2000.14535  2000.80105  2001.45035  2002.09425
 2002.73275  2003.36585  2003.99405  2004.61735 ]","[155.79 155.71 155.63 155.54 155.46 155.38 155.3  155.22 155.14 155.06
 154.98 154.91 154.83 154.75 154.68 154.61 154.53 154.46 154.39 154.32
 154.25 154.18 154.11 154.04 153.98 153.91 153.84 153.78 153.72 153.65
 153.59 153.53 153.47 153.41]",0.0002918574912948524,6
