Vehicle_ID,ID,time,xloc,yloc,line_integral_values,maneuver
510,488,[3.3 3.4 3.5 3.6 3.7 3.8 3.9 4.  4.1 4.2 4.3 4.4],"[1337.607975 1338.97695  1340.346375 1341.71575  1343.085075 1344.45435
 1345.823575 1347.192275 1348.56045  1349.928575 1351.29615  1352.663175]","[159.07 159.03 159.   158.97 158.94 158.91 158.88 158.85 158.81 158.78
 158.75 158.72]",0.20663243380391652,6
