Vehicle_ID,ID,time,xloc,yloc,line_integral_values,maneuver
1008,2390,[4.5 4.6 4.7 4.8 4.9 5. ],[1815.30885  1816.308225 1817.30615  1818.302625 1819.29815  1820.2922  ],[162.62 162.63 162.64 162.65 162.66 162.67],0.745406048926675,6
