Vehicle_ID,ID,time,xloc,yloc,line_integral_values,maneuver
510,510,[2.  2.1 2.2 2.3 2.4 2.5 2.6 2.7 2.8 2.9 3.  3.1 3.2 3.3 3.4],"[1810.59575  1811.223925 1811.849525 1812.471025 1813.0885   1813.7031
 1814.3175   1814.93435  1815.555275 1816.181875 1816.81465  1817.453025
 1818.095425 1818.73975  1819.38385 ]","[162.07 162.08 162.08 162.09 162.09 162.09 162.09 162.09 162.1  162.1
 162.1  162.1  162.09 162.09 162.09]",0.18377052304367286,6
