Vehicle_ID,ID,time,xloc,yloc,line_integral_values,maneuver
91,91,[1.3 1.4 1.5 1.6 1.7 1.8 1.9 2.  2.1 2.2 2.3 2.4],"[1337.68045  1339.144025 1340.608025 1342.07245  1343.536825 1345.00115
 1346.464925 1347.92815  1349.39135  1350.854525 1352.31715  1353.779225]","[159.01 158.98 158.95 158.92 158.89 158.86 158.84 158.81 158.78 158.75
 158.73 158.7 ]",0.16973117877787194,6
