Vehicle_ID,ID,time,xloc,yloc,line_integral_values,maneuver
3,0,[4.8 4.9 5. ],[1817.36595 1818.29775 1819.23105],[162.68 162.69 162.71],0.026187017545660694,6
