Vehicle_ID,ID,time,xloc,yloc,line_integral_values,maneuver
1836,2170,"[0.6 0.7 0.8 0.9 1.  1.1 1.2 1.3 1.4 1.5 1.6 1.7 1.8 1.9 2.  2.1 2.2 2.3
 2.4 2.5 2.6 2.7 2.8 2.9 3.  3.1 3.2 3.3 3.4 3.5 3.6 3.7 3.8 3.9 4.  4.1]","[1337.030275 1337.449075 1337.86625  1338.2818   1338.696275 1339.11075
 1339.52735  1339.9482   1340.375375 1340.810425 1341.25385  1341.706125
 1342.167725 1342.6381   1343.116675 1343.60185  1344.092025 1344.5861
 1345.08305  1345.582875 1346.084525 1346.586975 1347.0897   1347.5922
 1348.094525 1348.59775  1349.10295  1349.61065  1350.121375 1350.6346
 1351.14875  1351.66225  1352.174025 1352.6825   1353.186675 1353.687125]","[159.   158.99 158.98 158.98 158.97 158.96 158.95 158.94 158.93 158.92
 158.9  158.89 158.88 158.87 158.86 158.85 158.84 158.83 158.82 158.81
 158.8  158.79 158.79 158.78 158.77 158.76 158.76 158.75 158.74 158.73
 158.72 158.71 158.7  158.69 158.68 158.67]",2.130906496327619,6
