Vehicle_ID,ID,time,xloc,yloc,line_integral_values,maneuver
85,85,"[2.  2.1 2.2 2.3 2.4 2.5 2.6 2.7 2.8 2.9 3.  3.1 3.2 3.3 3.4 3.5 3.6 3.7
 3.8 3.9 4.  4.1 4.2 4.3 4.4 4.5 4.6 4.7 4.8 4.9 5. ]","[1920.20205  1920.945475 1921.689425 1922.43285  1923.174675 1923.912825
 1924.645725 1925.372325 1926.0916   1926.8025   1927.5035   1928.193075
 1928.870225 1929.5355   1930.18895  1930.831175 1931.4643   1932.089425
 1932.70815  1933.3236   1933.938925 1934.55625  1935.17765  1935.804625
 1936.43815  1937.0787   1937.7257   1938.379075 1939.037725 1939.700525
 1940.3664  ]","[160.44 160.4  160.36 160.32 160.28 160.24 160.19 160.15 160.11 160.07
 160.02 159.98 159.93 159.88 159.84 159.79 159.74 159.69 159.65 159.6
 159.55 159.5  159.46 159.41 159.36 159.32 159.27 159.22 159.18 159.13
 159.09]",0.29775935059794784,6
