Vehicle_ID,ID,time,xloc,yloc,line_integral_values,maneuver
94,94,"[2.1 2.2 2.3 2.4 2.5 2.6 2.7 2.8 2.9 3.  3.1 3.2 3.3 3.4 3.5 3.6 3.7 3.8
 3.9 4.  4.1 4.2 4.3 4.4 4.5 4.6 4.7 4.8 4.9 5. ]","[1815.2122   1816.150975 1817.091375 1818.029275 1818.961025 1819.882575
 1820.7909   1821.684    1822.56095  1823.421375 1824.265925 1825.0963
 1825.913675 1826.719175 1827.513375 1828.296825 1829.070075 1829.8321
 1830.5803   1831.3115   1832.021525 1832.70675  1833.3646   1833.991975
 1834.584775 1835.13995  1835.656025 1836.131575 1836.567225 1836.96525 ]","[162.61 162.61 162.61 162.62 162.62 162.63 162.63 162.64 162.65 162.65
 162.66 162.67 162.67 162.68 162.69 162.69 162.7  162.7  162.71 162.71
 162.72 162.72 162.73 162.73 162.73 162.74 162.74 162.74 162.74 162.74]",1.0965140770314719,6
