Vehicle_ID,ID,time,xloc,yloc,line_integral_values,maneuver
1046,1046,[0.9 1.  1.1 1.2 1.3 1.4 1.5 1.6 1.7],"[1800.293175 1801.468025 1802.643375 1803.818725 1804.994025 1806.16925
 1807.3439   1808.51695  1809.6884  ]",[162.03 162.05 162.07 162.08 162.1  162.11 162.13 162.14 162.15],0.2856294811245635,6
