Vehicle_ID,ID,time,xloc,yloc,line_integral_values,maneuver
57,61,"[3.2 3.3 3.4 3.5 3.6 3.7 3.8 3.9 4.  4.1 4.2 4.3 4.4 4.5 4.6 4.7 4.8 4.9
 5. ]","[1335.102875 1336.281375 1337.450275 1338.609075 1339.75725  1340.8948
 1342.02175  1343.1376   1344.24235  1345.336    1346.41805  1347.4885
 1348.54735  1349.5941   1350.629275 1351.652875 1352.6644   1353.66385
 1354.650725]","[158.73 158.71 158.69 158.66 158.64 158.62 158.6  158.58 158.56 158.54
 158.52 158.5  158.48 158.46 158.45 158.43 158.41 158.4  158.38]",0.08024468906958397,6
