Vehicle_ID,ID,time,xloc,yloc,line_integral_values,maneuver
558,558,[1.5 1.6 1.7 1.8 1.9 2.  2.1 2.2 2.3 2.4 2.5 2.6 2.7],"[1337.386075 1338.6461   1339.909575 1341.176    1342.4454   1343.717775
 1344.9936   1346.2729   1347.555175 1348.840425 1350.129175 1351.4214
 1352.7166  ]","[159.66 159.63 159.6  159.57 159.54 159.51 159.48 159.45 159.41 159.38
 159.35 159.32 159.28]",3.0593104819217265,6
