Vehicle_ID,ID,time,xloc,yloc,line_integral_values,maneuver
2449,2449,"[1.4 1.5 1.6 1.7 1.8 1.9 2.  2.1 2.2 2.3 2.4 2.5 2.6 2.7 2.8 2.9 3.  3.1
 3.2 3.3 3.4 3.5 3.6 3.7 3.8 3.9 4.  4.1 4.2 4.3 4.4 4.5 4.6 4.7 4.8 4.9
 5. ]","[1815.408225 1816.52345  1817.63565  1818.744825 1819.850975 1820.9541
 1822.0542   1823.150775 1824.2438   1825.333275 1826.4187   1827.500075
 1828.5774   1829.65015  1830.717825 1831.780425 1832.83795  1833.8904
 1834.93725  1835.978    1837.012675 1838.041275 1839.063775 1840.080175
 1841.09     1842.09275  1843.088925 1844.07855  1845.061625 1846.03815
 1847.007625 1847.97005  1848.925425 1849.87375  1850.815025 1851.74925
 1852.675925]","[162.79 162.8  162.81 162.82 162.83 162.83 162.84 162.85 162.85 162.86
 162.87 162.87 162.87 162.88 162.88 162.88 162.89 162.89 162.89 162.89
 162.89 162.89 162.89 162.89 162.89 162.89 162.89 162.89 162.88 162.88
 162.88 162.88 162.87 162.87 162.86 162.86 162.85]",0.39112989185070013,6
