Vehicle_ID,ID,time,xloc,yloc,line_integral_values,maneuver
3,3,"[2.  2.1 2.2 2.3 2.4 2.5 2.6 2.7 2.8 2.9 3.  3.1 3.2 3.3 3.4 3.5 3.6 3.7
 3.8]","[1817.388375 1818.292275 1819.196175 1820.100075 1821.003475 1821.906375
 1822.809275 1823.71165  1824.6135   1825.51485  1826.4157   1827.316025
 1828.215825 1829.115125 1830.013925 1830.912225 1831.81     1832.70725
 1833.604025]","[162.46 162.47 162.49 162.5  162.51 162.53 162.54 162.55 162.56 162.57
 162.58 162.59 162.6  162.61 162.61 162.62 162.63 162.64 162.64]",0.8065122936073862,6
