Vehicle_ID,ID,time,xloc,yloc,line_integral_values,maneuver
2017,1983,"[0.  0.1 0.2 0.3 0.4 0.5 0.6 0.7 0.8 0.9 1.  1.1 1.2 1.3 1.4 1.5 1.6 1.7
 1.8 1.9 2.  2.1 2.2 2.3 2.4 2.5 2.6 2.7 2.8 2.9 3.  3.1 3.2 3.3 3.4 3.5
 3.6 3.7 3.8 3.9 4.  4.1 4.2 4.3 4.4 4.5 4.6 4.7 4.8 4.9 5. ]","[1182.441525 1183.491725 1184.5534   1185.6265   1186.71145  1187.8082
 1188.9157   1190.03335  1191.1601   1192.2949   1193.437675 1194.587375
 1195.742975 1196.90395  1198.06925  1199.238875 1200.41285  1201.5917
 1202.776475 1203.967725 1205.167    1206.37535  1207.5928   1208.81985
 1210.056475 1211.301625 1212.55425  1213.813275 1215.0771   1216.34365
 1217.611375 1218.8787   1220.14355  1221.404375 1222.66015  1223.909375
 1225.150575 1226.38325  1227.606925 1228.821675 1230.02755  1231.224625
 1232.413975 1233.596675 1234.7733   1235.9444   1237.111025 1238.2742
 1239.434475 1240.592375 1241.7484  ]","[160.85 160.86 160.87 160.87 160.88 160.89 160.9  160.9  160.91 160.92
 160.93 160.94 160.94 160.95 160.96 160.97 160.98 160.99 161.   161.
 161.01 161.02 161.03 161.03 161.04 161.04 161.05 161.05 161.06 161.06
 161.06 161.06 161.06 161.06 161.06 161.06 161.06 161.06 161.05 161.05
 161.04 161.04 161.03 161.02 161.01 161.01 161.   160.99 160.97 160.96
 160.95]",16.6236931396932,6
