Vehicle_ID,ID,time,xloc,yloc,line_integral_values,maneuver
52,66,"[0.  0.1 0.2 0.3 0.4 0.5 0.6 0.7 0.8 0.9 1.  1.1 1.2 1.3 1.4 1.5 1.6 1.7
 1.8 1.9 2.  2.1 2.2]","[1620.458675 1620.82515  1621.1978   1621.57715  1621.9632   1622.355925
 1622.755275 1623.1607   1623.572175 1623.989175 1624.4112   1624.83875
 1625.27235  1625.712525 1626.159275 1626.6121   1627.07095  1627.535275
 1628.00455  1628.477725 1628.95375  1629.432125 1629.912325]","[158.57 158.58 158.59 158.6  158.61 158.63 158.64 158.65 158.66 158.67
 158.68 158.69 158.7  158.71 158.71 158.72 158.73 158.74 158.74 158.75
 158.76 158.77 158.78]",0.0,6
