Vehicle_ID,ID,time,xloc,yloc,line_integral_values,maneuver
75,66,"[0.  0.1 0.2 0.3 0.4 0.5 0.6 0.7 0.8 0.9 1.  1.1 1.2 1.3 1.4 1.5 1.6 1.7
 1.8 1.9 2.  2.1 2.2 2.3 2.4 2.5 2.6 2.7 2.8 2.9 3.  3.1 3.2 3.3 3.4 3.5
 3.6 3.7 3.8 3.9 4.  4.1 4.2 4.3 4.4 4.5 4.6 4.7 4.8 4.9 5. ]","[1832.27875  1832.9676   1833.66295  1834.364275 1835.071025 1835.782675
 1836.4987   1837.2186   1837.941875 1838.668    1839.396975 1840.1283
 1840.861475 1841.5965   1842.333375 1843.072125 1843.81225  1844.55325
 1845.29515  1846.03845  1846.78315  1847.528775 1848.27585  1849.024375
 1849.77385  1850.524275 1851.27565  1852.02745  1852.77915  1853.53075
 1854.281725 1855.031575 1855.7798   1856.5264   1857.2714   1858.0148
 1858.75715  1859.498475 1860.2393   1860.980675 1861.723125 1862.467175
 1863.2128   1863.96     1864.7093   1865.4607   1866.214175 1866.9697
 1867.726775 1868.485375 1869.24545 ]","[162.71 162.72 162.73 162.73 162.74 162.74 162.75 162.75 162.76 162.76
 162.77 162.77 162.77 162.78 162.78 162.78 162.78 162.79 162.79 162.79
 162.79 162.79 162.79 162.8  162.8  162.8  162.8  162.79 162.79 162.79
 162.79 162.78 162.78 162.77 162.76 162.75 162.75 162.74 162.73 162.72
 162.71 162.7  162.69 162.68 162.67 162.66 162.65 162.64 162.62 162.61
 162.6 ]",0.0,6
