Vehicle_ID,ID,time,xloc,yloc,line_integral_values,maneuver
85,91,"[2.7 2.8 2.9 3.  3.1 3.2 3.3 3.4 3.5 3.6 3.7 3.8 3.9 4.  4.1 4.2 4.3 4.4
 4.5 4.6 4.7 4.8 4.9 5. ]","[1805.5258   1806.106025 1806.6692   1807.21485  1807.743025 1808.254325
 1808.749875 1809.230775 1809.69865  1810.15615  1810.606425 1811.05315
 1811.499475 1811.947975 1812.40015  1812.856475 1813.317375 1813.781725
 1814.248925 1814.7184   1815.1896   1815.66355  1816.142375 1816.62975 ]","[162.22 162.22 162.22 162.22 162.22 162.23 162.23 162.23 162.23 162.23
 162.23 162.23 162.23 162.23 162.22 162.22 162.22 162.22 162.22 162.21
 162.21 162.2  162.2  162.19]",15.720386142483969,6
