Vehicle_ID,ID,time,xloc,yloc,old_xloc,old_yloc,line_integral_values,maneuver
85,85,"[2.8 2.9 3.  3.1 3.2 3.3 3.4 3.5 3.6 3.7 3.8 3.9 4.  4.1 4.2 4.3 4.4 4.5
 4.6 4.7 4.8 4.9]","[1600.1027   1601.08405  1602.056825 1603.020525 1603.975125 1604.920625
 1605.85655  1606.7829   1607.69965  1608.6063   1609.50235  1610.3878
 1611.26265  1612.1264   1612.97905  1613.8201   1614.649575 1615.467975
 1616.2753   1617.071075 1617.8553   1618.62795 ]","[157.95 157.98 158.01 158.04 158.07 158.1  158.13 158.16 158.19 158.22
 158.25 158.28 158.31 158.34 158.37 158.39 158.42 158.45 158.47 158.5
 158.52 158.55]","[1600.1027   1601.08405  1602.056825 1603.020525 1603.975125 1604.920625
 1605.85655  1606.7829   1607.69965  1608.6063   1609.50235  1610.3878
 1611.26265  1612.1264   1612.97905  1613.8201   1614.649575 1615.467975
 1616.2753   1617.071075 1617.8553   1618.62795 ]","[157.95 157.98 158.01 158.04 158.07 158.1  158.13 158.16 158.19 158.22
 158.25 158.28 158.31 158.34 158.37 158.39 158.42 158.45 158.47 158.5
 158.52 158.55]",0.0,6
