Vehicle_ID,ID,time,xloc,yloc,line_integral_values,maneuver
2104,2090,[3.4 3.5 3.6 3.7 3.8 3.9 4.  4.1 4.2 4.3 4.4 4.5 4.6 4.7 4.8 4.9 5. ],"[1815.937775 1816.8917   1817.838175 1818.7777   1819.710275 1820.6359
 1821.554575 1822.4663   1823.371575 1824.2704   1825.1628   1826.049275
 1826.9293   1827.802875 1828.6705   1829.532175 1830.3884  ]","[162.09 162.1  162.11 162.12 162.12 162.13 162.14 162.15 162.16 162.17
 162.18 162.19 162.2  162.21 162.22 162.23 162.23]",1.2700266543322098,6
