Vehicle_ID,ID,time,xloc,yloc,line_integral_values,maneuver
856,732,"[0.  0.1 0.2 0.3 0.4 0.5 0.6 0.7 0.8 0.9 1.  1.1 1.2 1.3 1.4 1.5 1.6 1.7
 1.8 1.9 2.  2.1 2.2 2.3 2.4 2.5 2.6 2.7 2.8 2.9 3.  3.1 3.2 3.3 3.4 3.5
 3.6 3.7 3.8 3.9 4.  4.1 4.2 4.3 4.4 4.5 4.6 4.7 4.8 4.9 5. ]","[1590.49635  1590.586625 1590.670975 1590.749425 1590.822475 1590.890625
 1590.953875 1591.012225 1591.06565  1591.11415  1591.158275 1591.198525
 1591.235375 1591.2688   1591.297775 1591.321775 1591.340775 1591.354775
 1591.363775 1591.3683   1591.369575 1591.369575 1591.369575 1591.369575
 1591.369575 1591.369575 1591.369575 1591.369575 1591.369575 1591.369575
 1591.369575 1591.369575 1591.369575 1591.369575 1591.369575 1591.369575
 1591.369575 1591.3696   1591.371225 1591.375475 1591.38235  1591.39185
 1591.40395  1591.419125 1591.436875 1591.456675 1591.477975 1591.50025
 1591.523475 1591.547125 1591.5707  ]","[157.35 157.35 157.35 157.35 157.35 157.35 157.35 157.35 157.36 157.36
 157.36 157.36 157.36 157.37 157.37 157.37 157.37 157.38 157.38 157.38
 157.39 157.39 157.39 157.4  157.4  157.4  157.4  157.41 157.41 157.41
 157.41 157.42 157.42 157.42 157.42 157.42 157.42 157.42 157.42 157.42
 157.42 157.41 157.41 157.41 157.4  157.4  157.39 157.39 157.38 157.38
 157.37]",0.1182408169441912,6
