Vehicle_ID,ID,time,xloc,yloc,line_integral_values,maneuver
75,75,[2.4 2.5 2.6 2.7 2.8 2.9 3.  3.1 3.2 3.3 3.4 3.5 3.6 3.7 3.8 3.9 4. ],"[1817.190725 1817.99945  1818.814725 1819.636    1820.4632   1821.2953
 1822.1318   1822.972175 1823.815925 1824.66305  1825.51355  1826.36745
 1827.2248   1828.086625 1828.95345  1829.825825 1830.70375 ]","[161.19 161.15 161.1  161.06 161.01 160.96 160.91 160.86 160.81 160.76
 160.7  160.65 160.59 160.53 160.48 160.42 160.37]",0.7815827827975043,6
