ID,time,xloc,yloc,old_xloc,old_yloc,line_integral_values,maneuver
0,"[0.  0.1 0.2 0.3 0.4 0.5 0.6 0.7 0.8 0.9 1.  1.1 1.2 1.3 1.4 1.5 1.6 1.7
 1.8 1.9 2.  2.1 2.2]","[-32924.8211   -32924.36445  -32923.915875 -32923.47535  -32923.042875
 -32922.61845  -32922.202075 -32921.7943   -32921.3967   -32921.010825
 -32920.637725 -32920.27895  -32919.936025 -32919.61     -32919.3019
 -32919.012175 -32918.7408   -32918.48775  -32918.252425 -32918.033725
 -32917.830575 -32917.641375 -32917.464025]","[-1.72 -1.72 -1.71 -1.71 -1.7  -1.7  -1.69 -1.69 -1.68 -1.68 -1.67 -1.67
 -1.66 -1.65 -1.65 -1.64 -1.64 -1.63 -1.62 -1.62 -1.61 -1.61 -1.6 ]","[-31354.8211   -31354.36445  -31353.915875 -31353.47535  -31353.042875
 -31352.61845  -31352.202075 -31351.7943   -31351.3967   -31351.010825
 -31350.637725 -31350.27895  -31349.936025 -31349.61     -31349.3019
 -31349.012175 -31348.7408   -31348.48775  -31348.252425 -31348.033725
 -31347.830575 -31347.641375 -31347.464025]","[-2.19 -2.19 -2.18 -2.18 -2.17 -2.17 -2.16 -2.16 -2.15 -2.15 -2.14 -2.14
 -2.13 -2.12 -2.12 -2.11 -2.11 -2.1  -2.09 -2.09 -2.08 -2.08 -2.07]",0.0,6
