Vehicle_ID,ID,time,xloc,yloc,line_integral_values,maneuver
3050,3050,[1.3 1.4 1.5 1.6 1.7 1.8 1.9 2.  2.1 2.2 2.3 2.4],"[1800.522025 1801.3474   1802.16885  1802.986375 1803.8005   1804.61175
 1805.4206   1806.227575 1807.032675 1807.8359   1808.63725  1809.4372  ]","[162.41 162.44 162.46 162.48 162.5  162.52 162.54 162.56 162.58 162.6
 162.61 162.63]",0.10050067349535192,6
