Vehicle_ID,ID,time,xloc,yloc,line_integral_values,maneuver
2247,3926,[2.2 2.3 2.4 2.5 2.6 2.7 2.8 2.9 3.  3.1 3.2 3.3 3.4 3.5 3.6 3.7],"[1815.1241   1816.20365  1817.259475 1818.29105  1819.2979   1820.281125
 1821.2439   1822.18995  1823.1235   1824.04925  1824.9719   1825.8956
 1826.823925 1827.758875 1828.7019   1829.653925]","[161.7  161.76 161.82 161.88 161.93 161.98 162.02 162.07 162.11 162.15
 162.18 162.22 162.26 162.29 162.32 162.35]",0.0786294799905214,6
