Vehicle_ID,ID,time,xloc,yloc,line_integral_values,maneuver
91,91,"[2.2 2.3 2.4 2.5 2.6 2.7 2.8 2.9 3.  3.1 3.2 3.3 3.4 3.5 3.6 3.7 3.8 3.9
 4.  4.1 4.2 4.3 4.4 4.5 4.6 4.7 4.8 4.9 5. ]","[1920.70035  1921.41135  1922.128175 1922.84975  1923.5755   1924.304325
 1925.034125 1925.763275 1926.4897   1927.211325 1927.927075 1928.6354
 1929.334775 1930.023675 1930.701625 1931.368675 1932.02435  1932.669225
 1933.30385  1933.9288   1934.545175 1935.154575 1935.7586   1936.358275
 1936.9541   1937.54605  1938.1336   1938.716225 1939.293375]","[160.25 160.21 160.18 160.14 160.1  160.07 160.03 159.99 159.96 159.92
 159.88 159.85 159.81 159.77 159.73 159.7  159.66 159.62 159.58 159.54
 159.5  159.46 159.42 159.39 159.35 159.31 159.27 159.23 159.19]",0.050147927587230814,6
