Vehicle_ID,ID,time,xloc,yloc,line_integral_values,maneuver
1008,1008,"[0.6 0.7 0.8 0.9 1.  1.1 1.2 1.3 1.4 1.5 1.6 1.7 1.8 1.9 2.  2.1 2.2 2.3
 2.4 2.5 2.6 2.7 2.8 2.9 3.  3.1 3.2 3.3 3.4 3.5 3.6 3.7 3.8 3.9 4.  4.1
 4.2 4.3 4.4 4.5 4.6 4.7 4.8 4.9 5. ]","[1805.418425 1806.468525 1807.51505  1808.557525 1809.59595  1810.630325
 1811.66065  1812.68695  1813.70975  1814.72905  1815.74485  1816.75765
 1817.767475 1818.774325 1819.778175 1820.77905  1821.77695  1822.77185
 1823.76375  1824.75265  1825.738575 1826.721    1827.6999   1828.6758
 1829.6482   1830.6171   1831.582475 1832.544325 1833.502675 1834.457525
 1835.409375 1836.3577   1837.3025   1838.2438   1839.1816   1840.116425
 1841.048275 1841.976625 1842.901475 1843.823325 1844.741675 1845.656525
 1846.568375 1847.477225 1848.382575]","[162.42 162.44 162.45 162.46 162.47 162.49 162.5  162.51 162.52 162.53
 162.54 162.55 162.55 162.56 162.57 162.57 162.57 162.58 162.58 162.58
 162.58 162.59 162.59 162.59 162.59 162.59 162.58 162.58 162.58 162.58
 162.58 162.58 162.57 162.57 162.57 162.56 162.56 162.55 162.54 162.54
 162.53 162.52 162.52 162.51 162.5 ]",4.903519623404551,6
