Vehicle_ID,ID,time,xloc,yloc,line_integral_values,maneuver
0,0,"[1.7 1.8 1.9 2.  2.1 2.2 2.3 2.4 2.5 2.6 2.7 2.8 2.9 3.  3.1 3.2 3.3 3.4
 3.5 3.6 3.7 3.8 3.9 4.  4.1 4.2 4.3 4.4 4.5 4.6 4.7 4.8 4.9 5. ]","[1815.506825 1816.43565  1817.36595  1818.29775  1819.23105  1820.165325
 1821.10055  1822.03675  1822.973925 1823.91205  1824.85065  1825.789725
 1826.72925  1827.669225 1828.609675 1829.5501   1830.490975 1831.4323
 1832.3736   1833.3149   1834.256675 1835.198925 1836.141675 1837.08495
 1838.02875  1838.97355  1839.91935  1840.86615  1841.813475 1842.7613
 1843.7096   1844.6584   1845.6077   1846.557475]","[162.66 162.67 162.68 162.69 162.71 162.72 162.73 162.74 162.75 162.76
 162.77 162.78 162.79 162.8  162.81 162.82 162.83 162.84 162.84 162.85
 162.86 162.86 162.87 162.87 162.88 162.88 162.89 162.89 162.89 162.89
 162.9  162.9  162.9  162.9 ]",0.3587376175319465,6
