Vehicle_ID,ID,time,xloc,yloc,line_integral_values,maneuver
856,899,"[2.9 3.  3.1 3.2 3.3 3.4 3.5 3.6 3.7 3.8 3.9 4.  4.1 4.2 4.3 4.4 4.5 4.6
 4.7 4.8 4.9 5. ]","[1815.6986   1816.854075 1818.0105   1819.167875 1820.3262   1821.486
 1822.6473   1823.8096   1824.9734   1826.138675 1827.305425 1828.473675
 1829.643425 1830.81465  1831.98685  1833.159525 1834.33265  1835.506225
 1836.68025  1837.854725 1839.02915  1840.203525]","[162.23 162.24 162.25 162.26 162.27 162.28 162.3  162.31 162.32 162.33
 162.34 162.36 162.37 162.38 162.39 162.41 162.42 162.43 162.44 162.45
 162.46 162.47]",10.507841274793977,6
