Vehicle_ID,ID,time,xloc,yloc,line_integral_values,maneuver
2972,2972,"[2.1 2.2 2.3 2.4 2.5 2.6 2.7 2.8 2.9 3.  3.1 3.2 3.3 3.4 3.5 3.6 3.7 3.8
 3.9 4.  4.1 4.2]","[1817.60005  1818.4081   1819.21165  1820.010675 1820.805675 1821.59615
 1822.3821   1823.16405  1823.942525 1824.71755  1825.489125 1826.25775
 1827.02395  1827.788225 1828.550575 1829.311    1830.0695   1830.826075
 1831.5807   1832.333375 1833.083575 1833.830775]","[162.38 162.39 162.41 162.42 162.43 162.44 162.45 162.46 162.48 162.49
 162.5  162.51 162.52 162.54 162.55 162.56 162.57 162.58 162.58 162.59
 162.6  162.61]",2.8182265393777537,6
