Vehicle_ID,ID,time,xloc,yloc,line_integral_values,maneuver
69,69,[3.4 3.5 3.6 3.7 3.8 3.9 4.  4.1 4.2 4.3 4.4 4.5 4.6 4.7 4.8 4.9 5. ],"[1817.109575 1817.6532   1818.2004   1818.7517   1819.3076   1819.868625
 1820.434775 1821.00605  1821.58295  1822.16545  1822.753025 1823.34565
 1823.943325 1824.54605  1825.154325 1825.76815  1826.387525]","[161.97 161.98 161.99 162.   162.01 162.02 162.03 162.04 162.05 162.06
 162.07 162.08 162.08 162.09 162.09 162.09 162.1 ]",3.6112456973006926,6
