Vehicle_ID,ID,time,xloc,yloc,line_integral_values,maneuver
1836,1836,[1.  1.1 1.2 1.3 1.4 1.5 1.6 1.7 1.8],"[1810.82295  1811.89755  1812.962075 1814.01705  1815.062475 1816.097875
 1817.123775 1818.140675 1819.148575]",[162.55 162.56 162.57 162.58 162.59 162.6  162.61 162.62 162.62],0.04006699958235803,6
