Vehicle_ID,ID,time,xloc,yloc,line_integral_values,maneuver
2040,2040,"[1.6 1.7 1.8 1.9 2.  2.1 2.2 2.3 2.4 2.5 2.6 2.7 2.8 2.9 3.  3.1 3.2 3.3
 3.4 3.5 3.6 3.7 3.8 3.9 4.  4.1 4.2 4.3 4.4 4.5 4.6 4.7 4.8 4.9 5. ]","[1910.919075 1911.9836   1913.052075 1914.123975 1915.199275 1916.277975
 1917.359075 1918.442075 1919.52695  1920.6137   1921.701825 1922.7908
 1923.880125 1924.9693   1926.058325 1927.146675 1928.23385  1929.31935
 1930.40265  1931.483275 1932.560725 1933.634975 1934.705525 1935.7719
 1936.8341   1937.8916   1938.9439   1939.990525 1941.030975 1942.065225
 1943.0933   1944.1147   1945.128925 1946.1355   1947.1344  ]","[161.1  161.04 160.98 160.92 160.86 160.8  160.74 160.68 160.62 160.55
 160.49 160.42 160.35 160.28 160.22 160.15 160.08 160.01 159.94 159.87
 159.79 159.72 159.65 159.58 159.51 159.43 159.36 159.29 159.21 159.14
 159.07 158.99 158.92 158.85 158.77]",0.11359951745528163,6
