Vehicle_ID,ID,time,xloc,yloc,line_integral_values,maneuver
0,145,"[3.2 3.3 3.4 3.5 3.6 3.7 3.8 3.9 4.  4.1 4.2 4.3 4.4 4.5 4.6 4.7 4.8 4.9
 5. ]","[1337.76155  1338.55045  1339.330375 1340.10185  1340.865375 1341.62095
 1342.3686   1343.108825 1343.842125 1344.56905  1345.2896   1346.00375
 1346.712525 1347.415925 1348.11395  1348.807625 1349.49745  1350.183425
 1350.86555 ]","[159.19 159.17 159.15 159.13 159.11 159.09 159.07 159.06 159.04 159.02
 159.   158.99 158.97 158.96 158.94 158.93 158.91 158.9  158.88]",3.270044609681262,6
