Vehicle_ID,ID,time,xloc,yloc,line_integral_values,maneuver
77,77,[1.2 1.3 1.4 1.5 1.6 1.7 1.8 1.9 2.  2.1 2.2],"[1337.30725  1338.84865  1340.391475 1341.935225 1343.479875 1345.025425
 1346.5719   1348.1188   1349.6656   1351.212825 1352.760475]","[159.   158.98 158.95 158.92 158.89 158.85 158.82 158.79 158.76 158.73
 158.7 ]",0.2961167933866241,6
