Vehicle_ID,ID,time,xloc,yloc,line_integral_values,maneuver
1062,1062,"[1.9 2.  2.1 2.2 2.3 2.4 2.5 2.6 2.7 2.8 2.9 3.  3.1 3.2 3.3 3.4 3.5 3.6
 3.7 3.8 3.9 4.  4.1 4.2 4.3 4.4 4.5 4.6 4.7 4.8 4.9 5. ]","[1980.384925 1981.127575 1981.86175  1982.58745  1983.305175 1984.01495
 1984.71675  1985.411075 1986.09795  1986.7774   1987.449925 1988.116025
 1988.775725 1989.429525 1990.077925 1990.720925 1991.359025 1991.99225
 1992.6206   1993.244575 1993.864675 1994.480875 1995.0937   1995.70315
 1996.308675 1996.910775 1997.50945  1998.1047   1998.696525 1999.284375
 1999.86875  2000.449675]","[155.67 155.6  155.54 155.47 155.41 155.34 155.27 155.21 155.14 155.08
 155.02 154.95 154.89 154.83 154.76 154.7  154.64 154.58 154.52 154.46
 154.4  154.33 154.27 154.21 154.15 154.1  154.04 153.98 153.92 153.86
 153.81 153.75]",0.0001809503608766267,6
