Vehicle_ID,ID,time,xloc,yloc,line_integral_values,maneuver
1008,1008,[1.6 1.7 1.8 1.9 2.  2.1 2.2 2.3 2.4 2.5 2.6 2.7 2.8 2.9 3. ],"[1815.74485  1816.75765  1817.767475 1818.774325 1819.778175 1820.77905
 1821.77695  1822.77185  1823.76375  1824.75265  1825.738575 1826.721
 1827.6999   1828.6758   1829.6482  ]","[162.54 162.55 162.55 162.56 162.57 162.57 162.57 162.58 162.58 162.58
 162.58 162.59 162.59 162.59 162.59]",0.01194819176144887,6
