Vehicle_ID,ID,time,xloc,yloc,line_integral_values,maneuver
1961,1961,"[1.6 1.7 1.8 1.9 2.  2.1 2.2 2.3 2.4 2.5 2.6 2.7 2.8 2.9 3.  3.1 3.2 3.3
 3.4 3.5 3.6 3.7 3.8 3.9 4.  4.1 4.2 4.3 4.4 4.5 4.6 4.7 4.8 4.9 5. ]","[1910.082275 1911.0491   1912.016475 1912.9849   1913.953875 1914.9234
 1915.893975 1916.8656   1917.838275 1918.8125   1919.788275 1920.765625
 1921.74455  1922.725    1923.706975 1924.6905   1925.67555  1926.6616
 1927.64865  1928.6372   1929.62725  1930.6183   1931.60985  1932.601875
 1933.594875 1934.588875 1935.583875 1936.579875 1937.576875 1938.574875
 1939.573875 1940.573875 1941.574875 1942.576875 1943.579875]","[161.28 161.23 161.18 161.12 161.07 161.01 160.96 160.9  160.84 160.78
 160.72 160.65 160.59 160.53 160.46 160.4  160.33 160.26 160.19 160.12
 160.05 159.98 159.91 159.84 159.76 159.69 159.62 159.54 159.47 159.39
 159.31 159.24 159.16 159.08 159.  ]",1.1217698521739543,6
