Vehicle_ID,ID,time,xloc,yloc,line_integral_values,maneuver
1961,1046,"[2.7 2.8 2.9 3.  3.1 3.2 3.3 3.4 3.5 3.6 3.7 3.8 3.9 4.  4.1 4.2 4.3 4.4
 4.5 4.6 4.7 4.8 4.9 5. ]","[1585.292625 1585.634375 1585.97965  1586.32845  1586.681275 1587.038125
 1587.398975 1587.763325 1588.13115  1588.502425 1588.87615  1589.252325
 1589.63095  1590.0115   1590.393975 1590.777875 1591.1632   1591.54995
 1591.937625 1592.326225 1592.71575  1593.106225 1593.497625 1593.88995 ]","[157.88 157.89 157.9  157.9  157.91 157.91 157.92 157.92 157.93 157.93
 157.94 157.94 157.94 157.95 157.95 157.95 157.96 157.96 157.96 157.97
 157.97 157.97 157.98 157.98]",19.32694678793725,6
