Vehicle_ID,ID,time,xloc,yloc,line_integral_values,maneuver
942,2094,"[3.  3.1 3.2 3.3 3.4 3.5 3.6 3.7 3.8 3.9 4.  4.1 4.2 4.3 4.4 4.5 4.6 4.7
 4.8 4.9 5. ]","[1910.305875 1911.238825 1912.170775 1913.101725 1914.03115  1914.95905
 1915.88545  1916.810325 1917.733675 1918.655    1919.5748   1920.493075
 1921.4088   1922.321975 1923.233125 1924.14225  1925.048825 1925.95235
 1926.852825 1927.75075  1928.646125]","[160.74 160.71 160.68 160.64 160.6  160.57 160.53 160.49 160.45 160.41
 160.37 160.33 160.29 160.25 160.2  160.16 160.12 160.07 160.02 159.98
 159.93]",0.27211425554986723,6
