Vehicle_ID,ID,time,xloc,yloc,line_integral_values,maneuver
1046,972,"[0.1 0.2 0.3 0.4 0.5 0.6 0.7 0.8 0.9 1.  1.1 1.2 1.3 1.4 1.5 1.6 1.7 1.8
 1.9 2.  2.1 2.2 2.3 2.4 2.5 2.6 2.7 2.8 2.9 3.  3.1 3.2 3.3 3.4 3.5 3.6
 3.7 3.8 3.9 4.  4.1 4.2 4.3 4.4 4.5 4.6 4.7 4.8 4.9 5. ]","[1085.0895   1085.9595   1086.8295   1087.6995   1088.5695   1089.4395
 1090.3095   1091.1795   1092.0495   1092.9195   1093.7895   1094.6595
 1095.5295   1096.3995   1097.2695   1098.1395   1099.0095   1099.8795
 1100.7495   1101.6195   1102.4895   1103.3595   1104.2295   1105.0995
 1105.9695   1106.8395   1107.7095   1108.5795   1109.4495   1110.3195
 1111.1895   1112.0595   1112.9295   1113.7995   1114.6695   1115.5395
 1116.4095   1117.2795   1118.1495   1119.0195   1119.8895   1120.760025
 1121.631075 1122.502125 1123.373175 1124.244725 1125.1168   1125.9889
 1126.861    1127.7331  ]","[156.42 156.47 156.51 156.56 156.6  156.65 156.69 156.74 156.78 156.83
 156.87 156.92 156.96 157.01 157.05 157.1  157.14 157.19 157.23 157.28
 157.32 157.37 157.41 157.46 157.5  157.55 157.59 157.64 157.68 157.73
 157.77 157.82 157.86 157.91 157.95 158.   158.04 158.09 158.13 158.18
 158.22 158.27 158.31 158.36 158.4  158.45 158.49 158.54 158.58 158.63]",1.0878615636117102,6
