Vehicle_ID,ID,time,xloc,yloc,line_integral_values,maneuver
0,0,"[1.8 1.9 2.  2.1 2.2 2.3 2.4 2.5 2.6 2.7 2.8 2.9 3.  3.1 3.2 3.3 3.4 3.5
 3.6 3.7 3.8 3.9 4.  4.1 4.2 4.3 4.4 4.5 4.6 4.7 4.8 4.9 5. ]","[1910.2919   1911.109075 1911.921225 1912.728375 1913.530525 1914.328175
 1915.12135  1915.91005  1916.694775 1917.47605  1918.253875 1919.028275
 1919.79975  1920.5683   1921.333925 1922.0971   1922.85835  1923.6172
 1924.373625 1925.128625 1925.8822   1926.63435  1927.3851   1928.13495
 1928.8844   1929.63345  1930.382625 1931.132425 1931.88335  1932.635425
 1933.389175 1934.1456   1934.904675]","[161.38 161.34 161.3  161.26 161.22 161.18 161.14 161.1  161.06 161.02
 160.98 160.94 160.9  160.86 160.82 160.78 160.74 160.7  160.66 160.62
 160.57 160.53 160.49 160.44 160.4  160.35 160.31 160.26 160.21 160.16
 160.12 160.06 160.01]",0.8164371562364223,6
