Vehicle_ID,ID,time,xloc,yloc,line_integral_values,maneuver
1983,1983,"[1.6 1.7 1.8 1.9 2.  2.1 2.2 2.3 2.4 2.5 2.6 2.7 2.8 2.9 3.  3.1 3.2 3.3
 3.4 3.5 3.6 3.7 3.8 3.9 4.  4.1 4.2 4.3 4.4 4.5 4.6 4.7 4.8 4.9 5. ]","[1910.0319   1911.0011   1911.9708   1912.940975 1913.910625 1914.87975
 1915.848825 1916.817375 1917.7854   1918.7534   1919.7214   1920.6894
 1921.6574   1922.6254   1923.593425 1924.561975 1925.531025 1926.500075
 1927.469125 1928.4387   1929.4088   1930.3789   1931.3495   1932.320625
 1933.292275 1934.26495  1935.23815  1936.211875 1937.186625 1938.162375
 1939.13865  1940.11545  1941.09325  1942.07155  1943.05035 ]","[160.98 160.93 160.88 160.82 160.77 160.72 160.66 160.6  160.54 160.48
 160.42 160.36 160.3  160.24 160.17 160.11 160.04 159.98 159.91 159.84
 159.78 159.71 159.64 159.57 159.5  159.42 159.35 159.28 159.2  159.13
 159.06 158.98 158.9  158.83 158.75]",0.5710465946580786,6
