Vehicle_ID,ID,time,xloc,yloc,line_integral_values,maneuver
586,586,[4.8 4.9 5. ],[1817.0698  1817.34525 1817.62975],[162.48 162.48 162.48],1.4443083134730434,6
