Vehicle_ID,ID,time,xloc,yloc,line_integral_values,maneuver
2090,2104,"[0.1 0.2 0.3 0.4 0.5 0.6 0.7 0.8 0.9 1.  1.1 1.2 1.3 1.4 1.5 1.6 1.7 1.8
 1.9 2.  2.1 2.2 2.3 2.4 2.5 2.6 2.7 2.8 2.9 3.  3.1 3.2 3.3 3.4 3.5 3.6
 3.7 3.8 3.9 4.  4.1 4.2 4.3 4.4 4.5 4.6 4.7 4.8 4.9 5. ]","[1585.354175 1585.9522   1586.5532   1587.1572   1587.7642   1588.3742
 1588.9872   1589.6032   1590.2222   1590.8442   1591.469225 1592.097775
 1592.729825 1593.364875 1594.00345  1594.64555  1595.291175 1595.940325
 1596.593    1597.2497   1597.910425 1598.5752   1599.244025 1599.917375
 1600.59525  1601.277675 1601.96515  1602.6572   1603.354325 1604.057
 1604.764725 1605.4775   1606.195325 1606.9187   1607.648125 1608.3831
 1609.123625 1609.870175 1610.62225  1611.379875 1612.143525 1612.9127
 1613.6874   1614.4676   1615.2533   1616.0445   1616.8412   1617.6434
 1618.4506   1619.2633  ]","[157.34 157.34 157.35 157.36 157.36 157.37 157.38 157.39 157.39 157.4
 157.41 157.42 157.44 157.45 157.46 157.47 157.48 157.49 157.51 157.52
 157.53 157.54 157.56 157.57 157.58 157.6  157.61 157.63 157.64 157.66
 157.68 157.7  157.71 157.73 157.75 157.77 157.79 157.81 157.84 157.86
 157.88 157.9  157.92 157.95 157.97 157.99 158.01 158.03 158.05 158.08]",24.295277088420676,6
