Vehicle_ID,ID,time,xloc,yloc,line_integral_values,maneuver
788,899,[4.3 4.4 4.5 4.6 4.7 4.8 4.9 5. ],"[1910.431725 1911.5421   1912.643325 1913.7354   1914.817825 1915.8901
 1916.952225 1918.0042  ]",[160.88 160.82 160.76 160.7  160.63 160.57 160.51 160.44],0.2388458233715948,6
