Vehicle_ID,ID,time,xloc,yloc,line_integral_values,maneuver
2170,2170,"[2.  2.1 2.2 2.3 2.4 2.5 2.6 2.7 2.8 2.9 3.  3.1 3.2 3.3 3.4 3.5 3.6 3.7
 3.8 3.9 4.  4.1 4.2 4.3 4.4 4.5 4.6 4.7 4.8 4.9 5. ]","[1817.386975 1818.250525 1819.11175  1819.970625 1820.82815  1821.684325
 1822.53915  1823.3931   1824.246175 1825.098375 1825.949675 1826.800575
 1827.651075 1828.50065  1829.349275 1830.197475 1831.04525  1831.892575
 1832.73945  1833.5859   1834.432425 1835.279    1836.125625 1836.9723
 1837.819525 1838.667325 1839.5157   1840.365125 1841.215625 1842.0672
 1842.919825]","[162.54 162.55 162.56 162.57 162.58 162.58 162.59 162.6  162.6  162.61
 162.62 162.62 162.63 162.63 162.64 162.65 162.65 162.66 162.66 162.67
 162.67 162.67 162.68 162.68 162.69 162.69 162.69 162.69 162.7  162.7
 162.7 ]",0.6667099916200167,6
