Vehicle_ID,ID,time,xloc,yloc,line_integral_values,maneuver
1961,942,[0.  0.1 0.2 0.3 0.4 0.5 0.6],"[1626.638925 1627.152025 1627.6641   1628.17515  1628.6852   1629.194775
 1629.7044  ]",[158.35 158.36 158.38 158.39 158.4  158.42 158.43],0.0,6
