Vehicle_ID,ID,time,xloc,yloc,old_xloc,old_yloc,line_integral_values,maneuver
103,91,"[0.6 0.7 0.8 0.9 1.  1.1 1.2 1.3 1.4 1.5 1.6 1.7 1.8 1.9 2.  2.1 2.2 2.3
 2.4 2.5 2.6 2.7 2.8 2.9 3.  3.1 3.2 3.3 3.4 3.5 3.6 3.7 3.8 3.9 4.  4.1
 4.2 4.3 4.4 4.5 4.6 4.7 4.8 4.9]","[1600.088    1601.04695  1601.993325 1602.927125 1603.847825 1604.755425
 1605.64995  1606.5309   1607.39775  1608.2505   1609.08915  1609.9137
 1610.72365  1611.5185   1612.29825  1613.063425 1613.814025 1614.549575
 1615.2706   1615.977575 1616.670025 1617.347975 1618.01245  1618.66345
 1619.300975 1619.92505  1620.535675 1621.13335  1621.718575 1622.29135
 1622.8522   1623.401675 1623.939775 1624.4675   1624.98485  1625.4918
 1625.98835  1626.4745   1626.950225 1627.415525 1627.871425 1628.317925
 1628.75555  1629.18535 ]","[158.48 158.5  158.52 158.54 158.55 158.57 158.59 158.61 158.62 158.64
 158.66 158.67 158.69 158.7  158.72 158.73 158.75 158.76 158.77 158.79
 158.8  158.81 158.82 158.83 158.84 158.85 158.86 158.86 158.87 158.88
 158.88 158.89 158.9  158.9  158.91 158.91 158.92 158.93 158.93 158.94
 158.94 158.95 158.95 158.95]","[1600.088    1601.04695  1601.993325 1602.927125 1603.847825 1604.755425
 1605.64995  1606.5309   1607.39775  1608.2505   1609.08915  1609.9137
 1610.72365  1611.5185   1612.29825  1613.063425 1613.814025 1614.549575
 1615.2706   1615.977575 1616.670025 1617.347975 1618.01245  1618.66345
 1619.300975 1619.92505  1620.535675 1621.13335  1621.718575 1622.29135
 1622.8522   1623.401675 1623.939775 1624.4675   1624.98485  1625.4918
 1625.98835  1626.4745   1626.950225 1627.415525 1627.871425 1628.317925
 1628.75555  1629.18535 ]","[158.48 158.5  158.52 158.54 158.55 158.57 158.59 158.61 158.62 158.64
 158.66 158.67 158.69 158.7  158.72 158.73 158.75 158.76 158.77 158.79
 158.8  158.81 158.82 158.83 158.84 158.85 158.86 158.86 158.87 158.88
 158.88 158.89 158.9  158.9  158.91 158.91 158.92 158.93 158.93 158.94
 158.94 158.95 158.95 158.95]",1.6741262321279369,6
