Vehicle_ID,ID,time,xloc,yloc,line_integral_values,maneuver
57,52,"[0.  0.1 0.2 0.3 0.4 0.5 0.6 0.7 0.8 0.9 1.  1.1 1.2 1.3 1.4 1.5 1.6 1.7
 1.8 1.9 2.  2.1 2.2 2.3 2.4 2.5 2.6 2.7 2.8 2.9 3.  3.1 3.2 3.3 3.4 3.5
 3.6 3.7 3.8 3.9 4.  4.1 4.2 4.3 4.4 4.5 4.6 4.7 4.8 4.9 5. ]","[1824.318775 1825.171875 1826.029975 1826.89305  1827.7611   1828.633625
 1829.5101   1830.390525 1831.274875 1832.162625 1833.0533   1833.9469
 1834.8429   1835.7413   1836.6421   1837.544825 1838.449975 1839.35755
 1840.267075 1841.179075 1842.09405  1843.0115   1843.93145  1844.854375
 1845.779775 1846.707675 1847.638075 1848.57095  1849.5063   1850.443625
 1851.382925 1852.3242   1853.267425 1854.212625 1855.1598   1856.108925
 1857.060025 1858.0126   1858.966625 1859.9221   1860.87905  1861.837475
 1862.79685  1863.757175 1864.71845  1865.680675 1866.64335  1867.606475
 1868.57005  1869.533575 1870.49705 ]","[162.23 162.25 162.26 162.27 162.28 162.29 162.3  162.3  162.31 162.31
 162.32 162.32 162.32 162.32 162.32 162.32 162.31 162.31 162.3  162.3
 162.29 162.28 162.27 162.26 162.25 162.23 162.22 162.21 162.19 162.17
 162.15 162.13 162.11 162.09 162.07 162.04 162.02 161.99 161.96 161.93
 161.9  161.87 161.84 161.81 161.78 161.75 161.72 161.68 161.65 161.61
 161.58]",0.0,6
