ID,time,xloc,yloc,old_xloc,old_yloc,line_integral_values,maneuver
0,"[0.  0.1 0.2 0.3 0.4 0.5 0.6 0.7 0.8 0.9 1.  1.1 1.2 1.3 1.4 1.5 1.6 1.7
 1.8 1.9 2.  2.1 2.2 2.3 2.4 2.5 2.6 2.7 2.8 2.9 3.  3.1 3.2 3.3 3.4 3.5
 3.6 3.7 3.8 3.9 4.  4.1 4.2 4.3 4.4 4.5 4.6 4.7 4.8 4.9 5. ]","[-6249.71475  -6249.162925 -6248.6167   -6248.07495  -6247.535575
 -6246.997    -6246.458175 -6245.917575 -6245.3752   -6244.831075
 -6244.284725 -6243.736175 -6243.185975 -6242.6352   -6242.084375
 -6241.533525 -6240.9832   -6240.43445  -6239.88885  -6239.34745
 -6238.810775 -6238.280375 -6237.7578   -6237.244075 -6236.7397
 -6236.24515  -6235.7609   -6235.2864   -6234.8211   -6234.36445
 -6233.915875 -6233.47535  -6233.042875 -6232.61845  -6232.202075
 -6231.7943   -6231.3967   -6231.010825 -6230.637725 -6230.27895
 -6229.936025 -6229.61     -6229.3019   -6229.012175 -6228.7408
 -6228.48775  -6228.252425 -6228.033725 -6227.830575 -6227.641375
 -6227.464025]","[-0.26 -0.25 -0.23 -0.22 -0.21 -0.2  -0.18 -0.17 -0.16 -0.15 -0.14 -0.13
 -0.12 -0.11 -0.1  -0.1  -0.09 -0.08 -0.07 -0.06 -0.05 -0.05 -0.04 -0.03
 -0.03 -0.02 -0.02 -0.01  0.    0.    0.01  0.01  0.02  0.02  0.03  0.03
  0.04  0.04  0.05  0.05  0.06  0.07  0.07  0.08  0.08  0.09  0.1   0.1
  0.11  0.11  0.12]","[-4679.71475  -4679.162925 -4678.6167   -4678.07495  -4677.535575
 -4676.997    -4676.458175 -4675.917575 -4675.3752   -4674.831075
 -4674.284725 -4673.736175 -4673.185975 -4672.6352   -4672.084375
 -4671.533525 -4670.9832   -4670.43445  -4669.88885  -4669.34745
 -4668.810775 -4668.280375 -4667.7578   -4667.244075 -4666.7397
 -4666.24515  -4665.7609   -4665.2864   -4664.8211   -4664.36445
 -4663.915875 -4663.47535  -4663.042875 -4662.61845  -4662.202075
 -4661.7943   -4661.3967   -4661.010825 -4660.637725 -4660.27895
 -4659.936025 -4659.61     -4659.3019   -4659.012175 -4658.7408
 -4658.48775  -4658.252425 -4658.033725 -4657.830575 -4657.641375
 -4657.464025]","[-0.97 -0.96 -0.94 -0.93 -0.92 -0.91 -0.89 -0.88 -0.87 -0.86 -0.85 -0.84
 -0.83 -0.82 -0.81 -0.81 -0.8  -0.79 -0.78 -0.77 -0.76 -0.76 -0.75 -0.74
 -0.74 -0.73 -0.73 -0.72 -0.71 -0.71 -0.7  -0.7  -0.69 -0.69 -0.68 -0.68
 -0.67 -0.67 -0.66 -0.66 -0.65 -0.64 -0.64 -0.63 -0.63 -0.62 -0.61 -0.61
 -0.6  -0.6  -0.59]",0.0,6
