Vehicle_ID,ID,time,xloc,yloc,line_integral_values,maneuver
1062,1062,[1.7 1.8 1.9 2.  2.1 2.2 2.3 2.4 2.5 2.6 2.7 2.8 2.9 3.  3.1 3.2 3.3],"[1817.002825 1818.0302   1819.056125 1820.0806   1821.10465  1822.128275
 1823.151475 1824.174775 1825.19765  1826.220075 1827.24255  1828.264575
 1829.285625 1830.305675 1831.3247   1832.342175 1833.357075]","[162.45 162.46 162.48 162.49 162.5  162.51 162.53 162.54 162.55 162.56
 162.57 162.58 162.59 162.6  162.61 162.62 162.62]",2.850036853187014,6
