Vehicle_ID,ID,time,xloc,yloc,line_integral_values,maneuver
3926,2592,[3.9 4.  4.1 4.2 4.3 4.4 4.5 4.6 4.7 4.8 4.9 5. ],"[1820.274375 1821.159    1822.042675 1822.924875 1823.805575 1824.684775
 1825.561975 1826.437675 1827.31135  1828.182475 1829.05155  1829.918075]","[162.11 162.12 162.14 162.15 162.16 162.17 162.18 162.19 162.2  162.2
 162.21 162.22]",1.3124797936506225,6
