Vehicle_ID,ID,time,xloc,yloc,line_integral_values,maneuver
2290,2290,"[2.1 2.2 2.3 2.4 2.5 2.6 2.7 2.8 2.9 3.  3.1 3.2 3.3 3.4 3.5 3.6 3.7 3.8
 3.9 4.  4.1 4.2 4.3 4.4 4.5 4.6 4.7 4.8 4.9 5. ]","[1820.640875 1821.6325   1822.622175 1823.6099   1824.595675 1825.58
 1826.56285  1827.5432   1828.52105  1829.4969   1830.47025  1831.4411
 1832.40995  1833.3763   1834.34015  1835.302    1836.261875 1837.220275
 1838.1772   1839.132675 1840.0872   1841.040275 1841.9919   1842.942575
 1843.8923   1844.84105  1845.788825 1846.735625 1847.681425 1848.626225]","[162.92 162.93 162.94 162.95 162.95 162.96 162.97 162.98 162.98 162.99
 163.   163.   163.01 163.01 163.01 163.01 163.02 163.01 163.01 163.01
 163.01 163.   163.   162.99 162.99 162.98 162.97 162.96 162.95 162.94]",0.24777033938298845,6
