Vehicle_ID,ID,time,xloc,yloc,line_integral_values,maneuver
91,91,"[1.8 1.9 2.  2.1 2.2 2.3 2.4 2.5 2.6 2.7 2.8 2.9 3.  3.1 3.2 3.3 3.4 3.5
 3.6 3.7 3.8 3.9 4.  4.1 4.2 4.3 4.4 4.5 4.6 4.7 4.8 4.9 5. ]","[1085.090375 1085.976725 1086.861375 1087.74385  1088.62415  1089.502275
 1090.37825  1091.251575 1092.122275 1092.99035  1093.8553   1094.71715
 1095.5759   1096.43205  1097.285625 1098.13615  1098.983625 1099.82805
 1100.669925 1101.509275 1102.346125 1103.180475 1104.012325 1104.842175
 1105.670025 1106.4959   1107.3198   1108.141725 1108.9622   1109.781725
 1110.6003   1111.417925 1112.2346  ]","[159.55 159.58 159.62 159.65 159.68 159.71 159.75 159.78 159.81 159.84
 159.87 159.89 159.92 159.95 159.98 160.   160.03 160.06 160.08 160.11
 160.13 160.16 160.18 160.21 160.23 160.26 160.28 160.3  160.33 160.35
 160.37 160.39 160.41]",0.45548091146015685,6
