Vehicle_ID,ID,time,xloc,yloc,old_xloc,old_yloc,line_integral_values,maneuver
537,0,"[150.7 150.8 150.9 151.  151.1 151.2 151.3 151.4 151.5 151.6 151.7 151.8
 151.9 152.  152.1 152.2 152.3 152.4 152.5 152.6 152.7 152.8 152.9 153.
 153.1 153.2 153.3 153.4 153.5 153.6 153.7 153.8 153.9 154.  154.1 154.2
 154.3 154.4 154.5 154.6 154.7 154.8 154.9 155.  155.1 155.2 155.3 155.4
 155.5 155.6]","[1623.012675 1623.15835  1623.299975 1623.438525 1623.573975 1623.705775
 1623.83385  1623.95815  1624.0776   1624.19165  1624.300825 1624.40565
 1624.50715  1624.606375 1624.70485  1624.8031   1624.901125 1624.999925
 1625.1      1625.20185  1625.305975 1625.41285  1625.523    1625.63745
 1625.7572   1625.882775 1626.015175 1626.15435  1626.29925  1626.449275
 1626.602825 1626.7583   1626.9141   1627.06815  1627.218875 1627.36475
 1627.50475  1627.63835  1627.765075 1627.884475 1627.9971   1628.103525
 1628.2038   1628.297925 1628.3859   1628.467725 1628.5429   1628.6104
 1628.6692   1628.719325]","[158.46 158.47 158.47 158.47 158.48 158.48 158.49 158.49 158.49 158.5
 158.5  158.5  158.51 158.51 158.51 158.51 158.52 158.52 158.52 158.52
 158.52 158.53 158.53 158.53 158.53 158.53 158.53 158.54 158.54 158.54
 158.54 158.54 158.54 158.54 158.55 158.55 158.55 158.55 158.55 158.55
 158.55 158.55 158.55 158.55 158.55 158.55 158.56 158.56 158.56 158.56]","[1623.012675 1623.15835  1623.299975 1623.438525 1623.573975 1623.705775
 1623.83385  1623.95815  1624.0776   1624.19165  1624.300825 1624.40565
 1624.50715  1624.606375 1624.70485  1624.8031   1624.901125 1624.999925
 1625.1      1625.20185  1625.305975 1625.41285  1625.523    1625.63745
 1625.7572   1625.882775 1626.015175 1626.15435  1626.29925  1626.449275
 1626.602825 1626.7583   1626.9141   1627.06815  1627.218875 1627.36475
 1627.50475  1627.63835  1627.765075 1627.884475 1627.9971   1628.103525
 1628.2038   1628.297925 1628.3859   1628.467725 1628.5429   1628.6104
 1628.6692   1628.719325]","[158.46 158.47 158.47 158.47 158.48 158.48 158.49 158.49 158.49 158.5
 158.5  158.5  158.51 158.51 158.51 158.51 158.52 158.52 158.52 158.52
 158.52 158.53 158.53 158.53 158.53 158.53 158.53 158.54 158.54 158.54
 158.54 158.54 158.54 158.54 158.55 158.55 158.55 158.55 158.55 158.55
 158.55 158.55 158.55 158.55 158.55 158.55 158.56 158.56 158.56 158.56]",0.0,6
