Vehicle_ID,ID,time,xloc,yloc,line_integral_values,maneuver
2390,2390,"[3.1 3.2 3.3 3.4 3.5 3.6 3.7 3.8 3.9 4.  4.1 4.2 4.3 4.4 4.5 4.6 4.7 4.8
 4.9 5. ]","[1337.48665  1338.067775 1338.644125 1339.21465  1339.77885  1340.33675
 1340.8884   1341.4344   1341.976875 1342.51795  1343.05975  1343.6054
 1344.157    1344.716625 1345.2863   1345.866525 1346.457225 1347.0578
 1347.667175 1348.284225]","[159.21 159.2  159.18 159.17 159.16 159.15 159.13 159.12 159.11 159.1
 159.09 159.08 159.07 159.05 159.04 159.03 159.02 159.01 158.99 158.98]",2.2062795177122068,6
