Vehicle_ID,ID,time,xloc,yloc,line_integral_values,maneuver
2449,2449,"[2.8 2.9 3.  3.1 3.2 3.3 3.4 3.5 3.6 3.7 3.8 3.9 4.  4.1 4.2 4.3 4.4 4.5
 4.6 4.7 4.8 4.9 5. ]","[1337.026125 1337.6626   1338.297375 1338.928875 1339.55605  1340.17735
 1340.79125  1341.39725  1341.994875 1342.5847   1343.1673   1343.74325
 1344.314125 1344.881    1345.445475 1346.00965  1346.574625 1347.14245
 1347.714675 1348.292325 1348.8769   1349.468375 1350.066175]","[158.9  158.88 158.87 158.86 158.84 158.83 158.82 158.8  158.79 158.78
 158.77 158.75 158.74 158.73 158.72 158.71 158.69 158.68 158.67 158.66
 158.64 158.63 158.62]",0.8451066833885913,6
