Vehicle_ID,ID,time,xloc,yloc,line_integral_values,maneuver
2509,2150,"[0.  0.1 0.2 0.3 0.4 0.5 0.6 0.7 0.8 0.9 1.  1.1 1.2 1.3 1.4 1.5 1.6 1.7
 1.8 1.9 2.  2.1 2.2 2.3 2.4 2.5 2.6 2.7 2.8 2.9 3.  3.1 3.2 3.3 3.4 3.5
 3.6 3.7 3.8 3.9 4.  4.1 4.2 4.3 4.4 4.5 4.6 4.7 4.8 4.9 5. ]","[1587.65115  1588.46615  1589.28815  1590.11665  1590.95165  1591.79365
 1592.64265  1593.49915  1594.363175 1595.23475  1596.114375 1597.00205
 1597.898275 1598.80305  1599.7164   1600.638325 1601.5688   1602.5083
 1603.456325 1604.412375 1605.376425 1606.34845  1607.32795  1608.314425
 1609.307825 1610.30815  1611.3149   1612.32755  1613.346125 1614.370625
 1615.40105  1616.4369   1617.478175 1618.5249   1619.57705  1620.634625
 1621.697175 1622.7652   1623.838675 1624.9176   1626.002    1627.09135
 1628.185125 1629.28335  1630.386    1631.49205  1632.6015   1633.714375
 1634.830675 1635.950375 1637.072975]","[157.13 157.14 157.16 157.18 157.2  157.21 157.24 157.26 157.28 157.3
 157.33 157.35 157.37 157.4  157.43 157.45 157.48 157.51 157.54 157.56
 157.59 157.62 157.65 157.68 157.72 157.75 157.78 157.81 157.85 157.88
 157.92 157.95 157.99 158.02 158.06 158.09 158.12 158.16 158.19 158.22
 158.26 158.29 158.32 158.35 158.38 158.41 158.45 158.48 158.51 158.54
 158.57]",8.033949307935242,6
