Vehicle_ID,ID,time,xloc,yloc,line_integral_values,maneuver
2972,2841,"[0.4 0.5 0.6 0.7 0.8 0.9 1.  1.1 1.2 1.3 1.4 1.5 1.6 1.7 1.8 1.9 2.  2.1
 2.2 2.3 2.4 2.5 2.6 2.7 2.8 2.9 3.  3.1 3.2 3.3 3.4 3.5 3.6 3.7 3.8 3.9
 4.  4.1 4.2 4.3 4.4 4.5 4.6 4.7 4.8 4.9 5. ]","[1840.4163   1841.1319   1841.845075 1842.556325 1843.265175 1843.9721
 1844.6776   1845.381175 1846.0828   1846.7825   1847.480775 1848.1776
 1848.872975 1849.5674   1850.2609   1850.953475 1851.6446   1852.334275
 1853.0235   1853.71225  1854.400025 1855.08685  1855.773225 1856.45965
 1857.145625 1857.831175 1858.5173   1859.203975 1859.8907   1860.577475
 1861.2648   1861.952675 1862.640575 1863.3285   1864.01695  1864.705925
 1865.394925 1866.083925 1866.772925 1867.461925 1868.1509   1868.839875
 1869.528875 1870.217875 1870.906875 1871.5964   1872.286475]","[162.2  162.2  162.19 162.19 162.18 162.17 162.17 162.16 162.15 162.15
 162.14 162.13 162.12 162.11 162.11 162.1  162.09 162.08 162.07 162.06
 162.05 162.04 162.03 162.02 162.01 162.   161.99 161.97 161.96 161.95
 161.94 161.92 161.91 161.89 161.88 161.86 161.85 161.83 161.81 161.79
 161.78 161.76 161.74 161.72 161.7  161.68 161.66]",41.86016909026562,6
