Vehicle_ID,ID,time,xloc,yloc,line_integral_values,maneuver
488,510,[0.  0.1 0.2 0.3 0.4 0.5 0.6 0.7 0.8 0.9 1.  1.1 1.2 1.3 1.4 1.5 1.6],"[1823.718    1824.315825 1824.914875 1825.5183   1826.12975  1826.751825
 1827.38445  1828.024925 1828.67     1829.315925 1829.959025 1830.5972
 1831.229975 1831.859    1832.486975 1833.1176   1833.7551  ]","[162.07 162.07 162.07 162.06 162.06 162.06 162.05 162.05 162.04 162.04
 162.03 162.03 162.02 162.01 162.01 162.   161.99]",0.020762652342681726,6
