Vehicle_ID,ID,time,xloc,yloc,line_integral_values,maneuver
2698,2698,[3.9 4.  4.1 4.2 4.3 4.4 4.5 4.6 4.7 4.8 4.9 5. ],"[1337.09     1337.5519   1338.0143   1338.4772   1338.940575 1339.4039
 1339.8672   1340.330475 1340.7937   1341.256375 1341.718475 1342.18    ]","[158.96 158.95 158.94 158.93 158.92 158.92 158.91 158.9  158.89 158.89
 158.88 158.87]",1.1477995369750356,6
