Vehicle_ID,ID,time,xloc,yloc,line_integral_values,maneuver
2509,2247,[4.4 4.5 4.6 4.7 4.8 4.9 5. ],"[1980.44495  1981.0851   1981.725325 1982.365125 1983.0045   1983.643425
 1984.2819  ]",[155.6  155.54 155.49 155.43 155.37 155.32 155.26],0.0001346568442847807,6
