Vehicle_ID,ID,time,xloc,yloc,line_integral_values,maneuver
2698,2698,"[1.8 1.9 2.  2.1 2.2 2.3 2.4 2.5 2.6 2.7 2.8 2.9 3.  3.1 3.2 3.3 3.4 3.5
 3.6]","[1817.23845  1818.195825 1819.14715  1820.092425 1821.031675 1821.9644
 1822.890575 1823.8107   1824.724275 1825.6308   1826.530275 1827.422675
 1828.308    1829.18575  1830.055425 1830.91755  1831.772125 1832.61915
 1833.45915 ]","[162.74 162.75 162.77 162.78 162.79 162.8  162.81 162.82 162.83 162.84
 162.85 162.86 162.86 162.87 162.88 162.88 162.89 162.89 162.9 ]",0.022732715339390787,6
