Vehicle_ID,ID,time,xloc,yloc,line_integral_values,maneuver
488,488,"[3.  3.1 3.2 3.3 3.4 3.5 3.6 3.7 3.8 3.9 4.  4.1 4.2 4.3 4.4 4.5 4.6 4.7
 4.8 4.9]","[1600.663425 1601.7103   1602.7566   1603.802325 1604.846975 1605.890525
 1606.932475 1607.972325 1609.010575 1610.047225 1611.0818   1612.1138
 1613.1432   1614.17     1615.1937   1616.2143   1617.2313   1618.2442
 1619.252975 1620.2571  ]","[158.54 158.57 158.6  158.63 158.66 158.69 158.72 158.75 158.78 158.81
 158.83 158.86 158.89 158.92 158.94 158.97 158.99 159.02 159.04 159.06]",0.0,6
