Vehicle_ID,ID,time,xloc,yloc,line_integral_values,maneuver
558,558,"[2.  2.1 2.2 2.3 2.4 2.5 2.6 2.7 2.8 2.9 3.  3.1 3.2 3.3 3.4 3.5 3.6 3.7
 3.8 3.9 4.  4.1 4.2 4.3 4.4 4.5 4.6 4.7 4.8 4.9 5. ]","[1805.108025 1805.3875   1805.66955  1805.95525  1806.24515  1806.538675
 1806.834175 1807.12955  1807.4232   1807.71355  1807.999625 1808.28145
 1808.5601   1808.8367   1809.112325 1809.3885   1809.66575  1809.943575
 1810.221425 1810.4977   1810.7703   1811.03815  1811.2997   1811.553925
 1811.800325 1812.038425 1812.26825  1812.489825 1812.70365  1812.910275
 1813.110775]","[162.86 162.86 162.86 162.87 162.87 162.87 162.87 162.88 162.88 162.88
 162.88 162.88 162.88 162.88 162.88 162.87 162.87 162.87 162.87 162.86
 162.86 162.86 162.86 162.85 162.85 162.85 162.84 162.84 162.84 162.83
 162.83]",1.3084309998108745,6
