Vehicle_ID,ID,time,xloc,yloc,line_integral_values,maneuver
510,488,[3.9 4.  4.1 4.2 4.3 4.4 4.5 4.6 4.7 4.8 4.9 5. ],"[1585.0434   1586.07685  1587.1118   1588.147775 1589.184775 1590.222775
 1591.261775 1592.3023   1593.34435  1594.3874   1595.43145  1596.4765  ]","[158.12 158.14 158.17 158.19 158.22 158.25 158.27 158.3  158.33 158.36
 158.39 158.42]",5.588258780627758,6
