Vehicle_ID,ID,time,xloc,yloc,line_integral_values,maneuver
2015,2015,"[1.8 1.9 2.  2.1 2.2 2.3 2.4 2.5 2.6 2.7 2.8 2.9 3.  3.1 3.2 3.3 3.4 3.5
 3.6 3.7 3.8 3.9 4.  4.1 4.2 4.3 4.4 4.5 4.6 4.7 4.8 4.9 5. ]","[1980.2176   1981.096175 1981.975175 1982.85405  1983.7328   1984.61145
 1985.489475 1986.36635  1987.241575 1988.11465  1988.985075 1989.85235
 1990.71595  1991.57585  1992.431575 1993.282625 1994.129    1994.970225
 1995.8063   1996.637225 1997.463025 1998.2832   1999.09725  1999.905675
 2000.707975 2001.503675 2002.293275 2003.07625  2003.8521   2004.62085
 2005.3825   2006.13705  2006.884025]","[155.76 155.68 155.6  155.52 155.44 155.35 155.27 155.19 155.11 155.03
 154.95 154.87 154.8  154.72 154.64 154.56 154.48 154.4  154.33 154.25
 154.17 154.1  154.02 153.95 153.87 153.8  153.72 153.65 153.57 153.5
 153.43 153.35 153.28]",0.0003303049965676997,6
