Vehicle_ID,ID,time,xloc,yloc,line_integral_values,maneuver
522,522,[1.4 1.5 1.6 1.7 1.8 1.9 2.  2.1 2.2 2.3 2.4 2.5 2.6],"[1337.6887   1338.9881   1340.290975 1341.5973   1342.9066   1344.218875
 1345.534125 1346.85235  1348.17355  1349.497725 1350.824875 1352.155025
 1353.48815 ]","[159.63 159.6  159.57 159.55 159.52 159.49 159.47 159.44 159.41 159.38
 159.35 159.32 159.3 ]",1.5536583838564486,6
