Vehicle_ID,ID,time,xloc,yloc,line_integral_values,maneuver
103,103,"[1.4 1.5 1.6 1.7 1.8 1.9 2.  2.1 2.2 2.3 2.4 2.5 2.6 2.7 2.8 2.9 3.  3.1
 3.2 3.3 3.4 3.5 3.6 3.7 3.8 3.9 4.  4.1 4.2 4.3 4.4 4.5 4.6 4.7 4.8 4.9
 5. ]","[1585.0846   1586.15525  1587.2137   1588.25945  1589.292    1590.31135
 1591.3175   1592.30995  1593.288225 1594.251825 1595.20075  1596.135025
 1597.053625 1597.95655  1598.843825 1599.71495  1600.569925 1601.40825
 1602.229425 1603.033975 1603.821925 1604.592775 1605.34705  1606.085275
 1606.80695  1607.5126   1608.20275  1608.877425 1609.537125 1610.18185
 1610.81165  1611.427025 1612.028975 1612.617525 1613.1932   1613.7565
 1614.307425]","[157.98 158.01 158.03 158.06 158.08 158.11 158.13 158.15 158.18 158.2
 158.22 158.25 158.27 158.29 158.31 158.33 158.36 158.38 158.4  158.42
 158.44 158.46 158.48 158.5  158.52 158.53 158.55 158.57 158.59 158.61
 158.63 158.64 158.66 158.67 158.69 158.7  158.72]",8.955672624675875,6
