Vehicle_ID,ID,time,xloc,yloc,line_integral_values,maneuver
83,77,[4.6 4.7 4.8 4.9 5. ],[1805.081675 1805.536725 1805.9879   1806.436275 1806.8834  ],[162.45 162.46 162.47 162.47 162.48],3.220839005720552,6
