ID,time,xloc,yloc,old_xloc,old_yloc,line_integral_values,maneuver
0,"[0.  0.1 0.2 0.3 0.4 0.5 0.6 0.7 0.8 0.9 1.  1.1 1.2 1.3 1.4 1.5 1.6 1.7
 1.8 1.9 2.  2.1 2.2 2.3 2.4 2.5 2.6 2.7 2.8 2.9 3.  3.1 3.2 3.3 3.4 3.5
 3.6 3.7 3.8 3.9 4.  4.1 4.2 4.3 4.4 4.5 4.6 4.7 4.8 4.9 5. ]","[-18809.71475  -18809.162925 -18808.6167   -18808.07495  -18807.535575
 -18806.997    -18806.458175 -18805.917575 -18805.3752   -18804.831075
 -18804.284725 -18803.736175 -18803.185975 -18802.6352   -18802.084375
 -18801.533525 -18800.9832   -18800.43445  -18799.88885  -18799.34745
 -18798.810775 -18798.280375 -18797.7578   -18797.244075 -18796.7397
 -18796.24515  -18795.7609   -18795.2864   -18794.8211   -18794.36445
 -18793.915875 -18793.47535  -18793.042875 -18792.61845  -18792.202075
 -18791.7943   -18791.3967   -18791.010825 -18790.637725 -18790.27895
 -18789.936025 -18789.61     -18789.3019   -18789.012175 -18788.7408
 -18788.48775  -18788.252425 -18788.033725 -18787.830575 -18787.641375
 -18787.464025]","[-3.75 -3.74 -3.72 -3.71 -3.7  -3.69 -3.67 -3.66 -3.65 -3.64 -3.63 -3.62
 -3.61 -3.6  -3.59 -3.59 -3.58 -3.57 -3.56 -3.55 -3.54 -3.54 -3.53 -3.52
 -3.52 -3.51 -3.51 -3.5  -3.49 -3.49 -3.48 -3.48 -3.47 -3.47 -3.46 -3.46
 -3.45 -3.45 -3.44 -3.44 -3.43 -3.42 -3.42 -3.41 -3.41 -3.4  -3.39 -3.39
 -3.38 -3.38 -3.37]","[-17239.71475  -17239.162925 -17238.6167   -17238.07495  -17237.535575
 -17236.997    -17236.458175 -17235.917575 -17235.3752   -17234.831075
 -17234.284725 -17233.736175 -17233.185975 -17232.6352   -17232.084375
 -17231.533525 -17230.9832   -17230.43445  -17229.88885  -17229.34745
 -17228.810775 -17228.280375 -17227.7578   -17227.244075 -17226.7397
 -17226.24515  -17225.7609   -17225.2864   -17224.8211   -17224.36445
 -17223.915875 -17223.47535  -17223.042875 -17222.61845  -17222.202075
 -17221.7943   -17221.3967   -17221.010825 -17220.637725 -17220.27895
 -17219.936025 -17219.61     -17219.3019   -17219.012175 -17218.7408
 -17218.48775  -17218.252425 -17218.033725 -17217.830575 -17217.641375
 -17217.464025]","[-2.63 -2.62 -2.6  -2.59 -2.58 -2.57 -2.55 -2.54 -2.53 -2.52 -2.51 -2.5
 -2.49 -2.48 -2.47 -2.47 -2.46 -2.45 -2.44 -2.43 -2.42 -2.42 -2.41 -2.4
 -2.4  -2.39 -2.39 -2.38 -2.37 -2.37 -2.36 -2.36 -2.35 -2.35 -2.34 -2.34
 -2.33 -2.33 -2.32 -2.32 -2.31 -2.3  -2.3  -2.29 -2.29 -2.28 -2.27 -2.27
 -2.26 -2.26 -2.25]",0.0,6
