Vehicle_ID,ID,time,xloc,yloc,old_xloc,old_yloc,line_integral_values,maneuver
91,85,"[1.3 1.4 1.5 1.6 1.7 1.8 1.9 2.  2.1 2.2 2.3 2.4 2.5 2.6 2.7 2.8 2.9 3.
 3.1 3.2 3.3 3.4 3.5 3.6 3.7 3.8 3.9 4.  4.1 4.2 4.3 4.4 4.5 4.6 4.7 4.8
 4.9 5. ]","[30.1027   31.08405  32.056825 33.020525 33.975125 34.920625 35.85655
 36.7829   37.69965  38.6063   39.50235  40.3878   41.26265  42.1264
 42.97905  43.8201   44.649575 45.467975 46.2753   47.071075 47.8553
 48.62795  49.388525 50.13755  50.875025 51.60045  52.313825 53.01515
 53.70445  54.38225  55.048525 55.702775 56.345525 56.976775 57.596525
 58.204775 58.801025 59.385775]","[0.98184615 1.01184615 1.04184615 1.07184615 1.10184615 1.13184615
 1.16184615 1.19184615 1.22184615 1.25184615 1.28184615 1.31184615
 1.34184615 1.37184615 1.40184615 1.42184615 1.45184615 1.48184615
 1.50184615 1.53184615 1.55184615 1.58184615 1.60184615 1.63184615
 1.65184615 1.67184615 1.69184615 1.71184615 1.73184615 1.75184615
 1.77184615 1.78184615 1.80184615 1.82184615 1.83184615 1.84184615
 1.85184615 1.87184615]","[1600.1027   1601.08405  1602.056825 1603.020525 1603.975125 1604.920625
 1605.85655  1606.7829   1607.69965  1608.6063   1609.50235  1610.3878
 1611.26265  1612.1264   1612.97905  1613.8201   1614.649575 1615.467975
 1616.2753   1617.071075 1617.8553   1618.62795  1619.388525 1620.13755
 1620.875025 1621.60045  1622.313825 1623.01515  1623.70445  1624.38225
 1625.048525 1625.702775 1626.345525 1626.976775 1627.596525 1628.204775
 1628.801025 1629.385775]","[157.95 157.98 158.01 158.04 158.07 158.1  158.13 158.16 158.19 158.22
 158.25 158.28 158.31 158.34 158.37 158.39 158.42 158.45 158.47 158.5
 158.52 158.55 158.57 158.6  158.62 158.64 158.66 158.68 158.7  158.72
 158.74 158.75 158.77 158.79 158.8  158.81 158.82 158.84]",5.66117967597839e-21,6
