Vehicle_ID,ID,time,xloc,yloc,line_integral_values,maneuver
899,899,[1.  1.1 1.2 1.3 1.4 1.5 1.6 1.7 1.8],"[1800.8074   1801.937225 1803.071075 1804.2084   1805.3487   1806.491975
 1807.637675 1808.7853   1809.93485 ]",[162.07 162.09 162.1  162.11 162.12 162.14 162.15 162.16 162.17],0.2361280496271952,6
