Vehicle_ID,ID,time,xloc,yloc,line_integral_values,maneuver
732,732,[1.  1.1 1.2 1.3 1.4 1.5 1.6 1.7 1.8],"[1800.986975 1802.092725 1803.201575 1804.31455  1805.43115  1806.55135
 1807.675625 1808.80345  1809.9343  ]",[162.22 162.24 162.27 162.29 162.32 162.34 162.36 162.39 162.41],0.15316257954800044,6
