Vehicle_ID,ID,time,xloc,yloc,line_integral_values,maneuver
732,537,"[0.8 0.9 1.  1.1 1.2 1.3 1.4 1.5 1.6 1.7 1.8 1.9 2.  2.1 2.2 2.3 2.4 2.5
 2.6 2.7 2.8 2.9 3.  3.1 3.2 3.3 3.4 3.5 3.6 3.7 3.8 3.9 4.  4.1]","[1840.081775 1841.2601   1842.43935  1843.619025 1844.79915  1845.979725
 1847.16075  1848.342225 1849.523675 1850.7056   1851.888    1853.070875
 1854.254225 1855.4381   1856.623    1857.8089   1858.996325 1860.185275
 1861.37525  1862.56625  1863.75825  1864.95125  1866.14525  1867.34025
 1868.536225 1869.732675 1870.9296   1872.126975 1873.324325 1874.52165
 1875.718925 1876.91615  1878.11335  1879.310025]","[162.84 162.85 162.85 162.86 162.86 162.86 162.86 162.86 162.85 162.85
 162.85 162.84 162.83 162.83 162.82 162.81 162.8  162.78 162.77 162.76
 162.74 162.72 162.71 162.69 162.66 162.64 162.62 162.59 162.57 162.54
 162.51 162.48 162.44 162.41]",1.2351705332617338,6
