Vehicle_ID,ID,time,xloc,yloc,line_integral_values,maneuver
145,145,"[1.4 1.5 1.6 1.7 1.8 1.9 2.  2.1 2.2 2.3 2.4 2.5 2.6 2.7 2.8 2.9 3.  3.1
 3.2 3.3 3.4 3.5 3.6 3.7 3.8 3.9 4.  4.1 4.2 4.3 4.4 4.5 4.6 4.7 4.8 4.9
 5. ]","[1910.3259   1911.430425 1912.526325 1913.6141   1914.69325  1915.7638
 1916.82575  1917.8791   1918.92385  1919.959525 1920.986125 1922.00415
 1923.013625 1924.01355  1925.0039   1925.984675 1926.955875 1927.916975
 1928.867475 1929.8079   1930.73775  1931.657025 1932.56625  1933.464925
 1934.353575 1935.232725 1936.1024   1936.963125 1937.8149   1938.658225
 1939.493625 1940.321625 1941.142725 1941.95695  1942.7648   1943.566775
 1944.3629  ]","[161.12 161.08 161.03 160.98 160.94 160.89 160.84 160.79 160.74 160.7
 160.65 160.59 160.54 160.49 160.44 160.39 160.34 160.29 160.24 160.18
 160.13 160.08 160.03 159.98 159.93 159.88 159.82 159.77 159.72 159.67
 159.62 159.57 159.52 159.46 159.41 159.36 159.3 ]",0.8850001796600399,6
