Vehicle_ID,ID,time,xloc,yloc,line_integral_values,maneuver
732,732,"[1.6 1.7 1.8 1.9 2.  2.1 2.2 2.3 2.4 2.5 2.6 2.7 2.8 2.9 3.  3.1 3.2 3.3
 3.4 3.5 3.6 3.7 3.8 3.9 4.  4.1 4.2 4.3 4.4 4.5 4.6 4.7 4.8 4.9 5. ]","[1085.417125 1086.534225 1087.662325 1088.801425 1089.9515   1091.11205
 1092.283075 1093.465075 1094.65755  1095.8605   1097.073925 1098.297825
 1099.532225 1100.7771   1102.03245  1103.297775 1104.573075 1105.85835
 1107.153575 1108.458225 1109.7718   1111.0943   1112.4252   1113.763475
 1115.1086   1116.460575 1117.818875 1119.182475 1120.55035  1121.922
 1123.29745  1124.6762   1126.05775  1127.4421   1128.829275]","[159.39 159.42 159.45 159.48 159.51 159.54 159.57 159.6  159.62 159.65
 159.68 159.71 159.74 159.76 159.79 159.82 159.84 159.87 159.9  159.92
 159.95 159.98 160.   160.03 160.06 160.08 160.11 160.13 160.16 160.19
 160.21 160.24 160.26 160.29 160.31]",0.8555019013155913,6
