Vehicle_ID,ID,time,xloc,yloc,line_integral_values,maneuver
2636,2636,"[2.3 2.4 2.5 2.6 2.7 2.8 2.9 3.  3.1 3.2 3.3 3.4 3.5 3.6 3.7 3.8 3.9 4.
 4.1 4.2 4.3 4.4 4.5 4.6 4.7 4.8 4.9 5. ]","[1910.389425 1911.146125 1911.908325 1912.67605  1913.4498   1914.22905
 1915.0133   1915.803025 1916.598225 1917.3984   1918.20305  1919.012175
 1919.82575  1920.643775 1921.465725 1922.2911   1923.1199   1923.9521
 1924.787225 1925.62475  1926.46465  1927.30645  1928.149625 1928.99365
 1929.83855  1930.684325 1931.530475 1932.3765  ]","[160.79 160.76 160.72 160.69 160.65 160.61 160.57 160.53 160.49 160.45
 160.4  160.36 160.32 160.27 160.23 160.19 160.14 160.1  160.05 160.
 159.95 159.9  159.85 159.79 159.74 159.68 159.62 159.56]",0.18969366025163573,6
