Vehicle_ID,ID,time,xloc,yloc,line_integral_values,maneuver
2150,2150,"[2.2 2.3 2.4 2.5 2.6 2.7 2.8 2.9 3.  3.1 3.2 3.3 3.4 3.5 3.6 3.7 3.8 3.9
 4.  4.1 4.2 4.3 4.4 4.5 4.6 4.7 4.8 4.9 5. ]","[1980.341975 1981.02165  1981.699875 1982.37665  1983.05145  1983.724275
 1984.395125 1985.063475 1985.729325 1986.392675 1987.0535   1987.7118
 1988.3676   1989.0209   1989.671175 1990.318925 1990.96415  1991.60635
 1992.245025 1992.88015  1993.512225 1994.14075  1994.76525  1995.386225
 1996.00365  1996.61755  1997.227925 1997.834275 1998.4366  ]","[155.47 155.41 155.35 155.29 155.23 155.17 155.11 155.05 154.99 154.93
 154.87 154.81 154.75 154.7  154.64 154.58 154.52 154.47 154.41 154.35
 154.29 154.24 154.18 154.12 154.07 154.01 153.95 153.9  153.84]",8.291231554402187e-05,6
