Vehicle_ID,ID,time,xloc,yloc,line_integral_values,maneuver
522,522,"[2.2 2.3 2.4 2.5 2.6 2.7 2.8 2.9 3.  3.1 3.2 3.3 3.4 3.5 3.6 3.7 3.8 3.9
 4.  4.1 4.2]","[1810.203025 1810.665125 1811.12725  1811.5873   1812.044225 1812.498025
 1812.948725 1813.3969   1813.84465  1814.29405  1814.7462   1815.203175
 1815.666525 1816.137275 1816.6159   1817.10235  1817.59605  1818.0959
 1818.600825 1819.10925  1819.6201  ]","[162.59 162.59 162.59 162.59 162.59 162.59 162.59 162.59 162.58 162.58
 162.58 162.58 162.57 162.57 162.57 162.56 162.56 162.55 162.55 162.54
 162.54]",0.01444350403395128,6
