Vehicle_ID,ID,time,xloc,yloc,line_integral_values,maneuver
540,0,"[0.  0.1 0.2 0.3 0.4 0.5 0.6 0.7 0.8 0.9 1.  1.1 1.2 1.3 1.4 1.5 1.6 1.7
 1.8 1.9 2.  2.1 2.2 2.3 2.4 2.5 2.6 2.7 2.8 2.9 3.  3.1 3.2 3.3 3.4 3.5
 3.6 3.7 3.8 3.9 4.  4.1 4.2 4.3 4.4 4.5 4.6 4.7 4.8 4.9 5. ]","[1872.333725 1873.28605  1874.23735  1875.18765  1876.137425 1877.086675
 1878.034925 1878.98215  1879.92835  1880.873525 1881.81765  1882.760725
 1883.70225  1884.641725 1885.578625 1886.512425 1887.443125 1888.370725
 1889.29525  1890.2162   1891.13355  1892.047325 1892.957025 1893.86315
 1894.765725 1895.66425  1896.558725 1897.44965  1898.337025 1899.22035
 1900.099625 1900.974875 1901.8456   1902.711775 1903.5734   1904.430475
 1905.283    1906.13045  1906.972825 1907.81015  1908.642425 1909.469675
 1910.2919   1911.109075 1911.921225 1912.728375 1913.530525 1914.328175
 1915.12135  1915.91005  1916.694775]","[162.68 162.66 162.64 162.61 162.59 162.57 162.55 162.52 162.5  162.47
 162.45 162.42 162.39 162.36 162.34 162.31 162.28 162.25 162.22 162.19
 162.15 162.12 162.09 162.05 162.02 161.99 161.95 161.92 161.88 161.85
 161.81 161.78 161.74 161.71 161.67 161.63 161.6  161.56 161.53 161.49
 161.45 161.41 161.38 161.34 161.3  161.26 161.22 161.18 161.14 161.1
 161.06]",0.0,6
