Vehicle_ID,ID,time,xloc,yloc,line_integral_values,maneuver
732,537,"[0.  0.1 0.2 0.3 0.4 0.5 0.6 0.7 0.8 0.9 1.  1.1 1.2 1.3 1.4 1.5 1.6 1.7
 1.8 1.9 2.  2.1 2.2 2.3 2.4 2.5 2.6 2.7 2.8 2.9 3.  3.1 3.2 3.3 3.4 3.5
 3.6 3.7 3.8 3.9 4.  4.1 4.2 4.3 4.4 4.5 4.6 4.7 4.8 4.9 5. ]","[1589.9569   1590.429425 1590.89065  1591.341125 1591.780875 1592.209425
 1592.626775 1593.0319   1593.423775 1593.8024   1594.16675  1594.51635
 1594.852275 1595.175075 1595.4853   1595.784025 1596.0718   1596.349675
 1596.618675 1596.8788   1597.13055  1597.373925 1597.608425 1597.8345
 1598.052125 1598.2608   1598.460525 1598.6513   1598.8331   1599.005925
 1599.169775 1599.32465  1599.47055  1599.607975 1599.73745  1599.858975
 1599.972575 1600.078775 1600.178075 1600.271525 1600.360175 1600.4456
 1600.529875 1600.614525 1600.700575 1600.788025 1600.877325 1600.967875
 1601.058075 1601.14685  1601.233125]","[157.8  157.8  157.81 157.81 157.82 157.82 157.82 157.82 157.83 157.83
 157.83 157.84 157.84 157.84 157.84 157.85 157.85 157.85 157.85 157.85
 157.86 157.86 157.86 157.86 157.86 157.86 157.86 157.86 157.86 157.86
 157.86 157.87 157.87 157.87 157.87 157.87 157.87 157.87 157.87 157.87
 157.87 157.87 157.87 157.87 157.87 157.87 157.87 157.87 157.86 157.86
 157.86]",2.348065661261477,6
