Vehicle_ID,ID,time,xloc,yloc,line_integral_values,maneuver
392,618,[3.6 3.7 3.8 3.9 4.  4.1],[1820.25265  1820.6182   1820.982125 1821.3444   1821.7045   1822.063   ],[162.46 162.46 162.46 162.46 162.46 162.46],1.553538778885378,6
