Vehicle_ID,ID,time,xloc,yloc,line_integral_values,maneuver
540,540,"[1.4 1.5 1.6 1.7 1.8 1.9 2.  2.1 2.2 2.3 2.4 2.5 2.6 2.7 2.8 2.9 3.  3.1
 3.2 3.3 3.4 3.5 3.6 3.7 3.8 3.9 4.  4.1 4.2 4.3 4.4 4.5 4.6 4.7 4.8 4.9
 5. ]","[1910.193425 1911.2858   1912.368525 1913.441625 1914.504625 1915.5575
 1916.600275 1917.633475 1918.657075 1919.6706   1920.674075 1921.6675
 1922.650875 1923.6242   1924.587475 1925.540725 1926.48395  1927.41715
 1928.340875 1929.255625 1930.1614   1931.0582   1931.94655  1932.827
 1933.69955  1934.5647   1935.42345  1936.275825 1937.121825 1937.961925
 1938.79665  1939.626025 1940.45005  1941.269725 1942.08555  1942.897525
 1943.70615 ]","[161.12 161.07 161.02 160.97 160.91 160.86 160.81 160.76 160.7  160.65
 160.59 160.54 160.48 160.43 160.37 160.32 160.26 160.2  160.14 160.09
 160.03 159.97 159.91 159.85 159.79 159.73 159.67 159.61 159.55 159.49
 159.43 159.37 159.3  159.24 159.18 159.12 159.06]",0.5245573829519423,6
