Vehicle_ID,ID,time,xloc,yloc,line_integral_values,maneuver
972,972,"[1.6 1.7 1.8 1.9 2.  2.1 2.2 2.3 2.4 2.5 2.6 2.7 2.8 2.9 3.  3.1 3.2 3.3
 3.4 3.5 3.6 3.7 3.8 3.9 4.  4.1 4.2 4.3 4.4 4.5 4.6 4.7 4.8 4.9 5. ]","[1910.37525  1911.368575 1912.362925 1913.357775 1914.35365  1915.35055
 1916.348425 1917.346775 1918.345625 1919.344975 1920.344825 1921.345175
 1922.346    1923.3478   1924.3501   1925.3529   1926.3562   1927.359475
 1928.363225 1929.367475 1930.3717   1931.3759   1932.3801   1933.384275
 1934.388425 1935.39255  1936.39665  1937.400225 1938.40325  1939.405725
 1940.406625 1941.40595  1942.404225 1943.400925 1944.395525]","[160.36 160.3  160.24 160.19 160.13 160.07 160.01 159.95 159.89 159.83
 159.77 159.7  159.64 159.58 159.51 159.45 159.39 159.32 159.26 159.2
 159.13 159.07 159.01 158.94 158.88 158.81 158.75 158.68 158.61 158.55
 158.48 158.41 158.34 158.28 158.21]",0.060872256062366036,6
