Vehicle_ID,ID,time,xloc,yloc,line_integral_values,maneuver
488,488,[4.2 4.3 4.4 4.5 4.6 4.7 4.8 4.9 5. ],"[1830.344175 1830.93545  1831.49955  1832.0408   1832.563475 1833.07185
 1833.570675 1834.0636   1834.553225]",[162.42 162.41 162.4  162.39 162.38 162.37 162.36 162.35 162.34],5.536586798104883,6
