Vehicle_ID,ID,time,xloc,yloc,line_integral_values,maneuver
52,52,"[1.8 1.9 2.  2.1 2.2 2.3 2.4 2.5 2.6 2.7 2.8 2.9 3.  3.1 3.2 3.3 3.4 3.5
 3.6 3.7 3.8 3.9 4.  4.1 4.2 4.3 4.4 4.5 4.6 4.7 4.8 4.9 5. ]","[1910.0434   1910.89015  1911.7334   1912.57315  1913.4094   1914.24215
 1915.0714   1915.897175 1916.719975 1917.5398   1918.35665  1919.171025
 1919.98295  1920.792425 1921.599975 1922.4056   1923.209775 1924.0125
 1924.8138   1925.614175 1926.413625 1927.21215  1928.009725 1928.80635
 1929.602025 1930.39675  1931.190525 1931.98335  1932.7757   1933.567575
 1934.358475 1935.1484   1935.93735 ]","[160.13 160.09 160.06 160.02 159.98 159.95 159.91 159.87 159.83 159.79
 159.75 159.71 159.66 159.62 159.58 159.53 159.49 159.44 159.39 159.35
 159.3  159.25 159.21 159.16 159.11 159.06 159.01 158.96 158.9  158.85
 158.8  158.75 158.69]",0.060680736028417975,6
