Vehicle_ID,ID,time,xloc,yloc,line_integral_values,maneuver
2449,2150,[2.8 2.9 3.  3.1 3.2 3.3 3.4 3.5],"[1810.97685  1812.125225 1813.271075 1814.4144   1815.5547   1816.6925
 1817.8278   1818.9606  ]",[162.38 162.39 162.41 162.42 162.43 162.45 162.46 162.47],0.03509121157350098,6
