Vehicle_ID,ID,time,xloc,yloc,line_integral_values,maneuver
522,522,"[1.1 1.2 1.3 1.4 1.5 1.6 1.7 1.8 1.9 2.  2.1 2.2 2.3 2.4 2.5 2.6 2.7 2.8
 2.9 3.  3.1 3.2 3.3 3.4 3.5 3.6 3.7 3.8 3.9 4.  4.1 4.2 4.3 4.4 4.5 4.6
 4.7 4.8 4.9 5. ]","[1805.238875 1805.709925 1806.169125 1806.618125 1807.06015  1807.499425
 1807.939625 1808.38335  1808.831625 1809.2849   1809.742575 1810.203025
 1810.665125 1811.12725  1811.5873   1812.044225 1812.498025 1812.948725
 1813.3969   1813.84465  1814.29405  1814.7462   1815.203175 1815.666525
 1816.137275 1816.6159   1817.10235  1817.59605  1818.0959   1818.600825
 1819.10925  1819.6201   1820.13285  1820.646975 1821.16195  1821.67885
 1822.1993   1822.724875 1823.25715  1823.79665 ]","[162.6  162.6  162.6  162.6  162.6  162.6  162.6  162.6  162.6  162.59
 162.59 162.59 162.59 162.59 162.59 162.59 162.59 162.59 162.59 162.58
 162.58 162.58 162.58 162.57 162.57 162.57 162.56 162.56 162.55 162.55
 162.54 162.54 162.53 162.52 162.52 162.51 162.51 162.5  162.5  162.49]",2.8428944767281004,6
