ID,time,xloc,yloc,old_xloc,old_yloc,line_integral_values,maneuver
0,"[0.  0.1 0.2 0.3 0.4 0.5 0.6 0.7 0.8 0.9 1.  1.1 1.2 1.3 1.4 1.5 1.6 1.7
 1.8 1.9 2.  2.1 2.2 2.3 2.4 2.5 2.6 2.7 2.8 2.9 3.  3.1 3.2 3.3 3.4 3.5
 3.6 3.7 3.8 3.9 4.  4.1 4.2 4.3 4.4 4.5 4.6 4.7 4.8 4.9 5. ]","[-3109.71475  -3109.162925 -3108.6167   -3108.07495  -3107.535575
 -3106.997    -3106.458175 -3105.917575 -3105.3752   -3104.831075
 -3104.284725 -3103.736175 -3103.185975 -3102.6352   -3102.084375
 -3101.533525 -3100.9832   -3100.43445  -3099.88885  -3099.34745
 -3098.810775 -3098.280375 -3097.7578   -3097.244075 -3096.7397
 -3096.24515  -3095.7609   -3095.2864   -3094.8211   -3094.36445
 -3093.915875 -3093.47535  -3093.042875 -3092.61845  -3092.202075
 -3091.7943   -3091.3967   -3091.010825 -3090.637725 -3090.27895
 -3089.936025 -3089.61     -3089.3019   -3089.012175 -3088.7408
 -3088.48775  -3088.252425 -3088.033725 -3087.830575 -3087.641375
 -3087.464025]","[-0.78 -0.77 -0.75 -0.74 -0.73 -0.72 -0.7  -0.69 -0.68 -0.67 -0.66 -0.65
 -0.64 -0.63 -0.62 -0.62 -0.61 -0.6  -0.59 -0.58 -0.57 -0.57 -0.56 -0.55
 -0.55 -0.54 -0.54 -0.53 -0.52 -0.52 -0.51 -0.51 -0.5  -0.5  -0.49 -0.49
 -0.48 -0.48 -0.47 -0.47 -0.46 -0.45 -0.45 -0.44 -0.44 -0.43 -0.42 -0.42
 -0.41 -0.41 -0.4 ]","[-1539.71475  -1539.162925 -1538.6167   -1538.07495  -1537.535575
 -1536.997    -1536.458175 -1535.917575 -1535.3752   -1534.831075
 -1534.284725 -1533.736175 -1533.185975 -1532.6352   -1532.084375
 -1531.533525 -1530.9832   -1530.43445  -1529.88885  -1529.34745
 -1528.810775 -1528.280375 -1527.7578   -1527.244075 -1526.7397
 -1526.24515  -1525.7609   -1525.2864   -1524.8211   -1524.36445
 -1523.915875 -1523.47535  -1523.042875 -1522.61845  -1522.202075
 -1521.7943   -1521.3967   -1521.010825 -1520.637725 -1520.27895
 -1519.936025 -1519.61     -1519.3019   -1519.012175 -1518.7408
 -1518.48775  -1518.252425 -1518.033725 -1517.830575 -1517.641375
 -1517.464025]","[-0.49 -0.48 -0.46 -0.45 -0.44 -0.43 -0.41 -0.4  -0.39 -0.38 -0.37 -0.36
 -0.35 -0.34 -0.33 -0.33 -0.32 -0.31 -0.3  -0.29 -0.28 -0.28 -0.27 -0.26
 -0.26 -0.25 -0.25 -0.24 -0.23 -0.23 -0.22 -0.22 -0.21 -0.21 -0.2  -0.2
 -0.19 -0.19 -0.18 -0.18 -0.17 -0.16 -0.16 -0.15 -0.15 -0.14 -0.13 -0.13
 -0.12 -0.12 -0.11]",0.0,6
