Vehicle_ID,ID,time,xloc,yloc,line_integral_values,maneuver
1008,1008,[1.  1.1 1.2 1.3 1.4 1.5 1.6 1.7 1.8 1.9],"[1800.11555  1801.182425 1802.24675  1803.307525 1804.36475  1805.418425
 1806.468525 1807.51505  1808.557525 1809.59595 ]",[162.35 162.37 162.38 162.4  162.41 162.42 162.44 162.45 162.46 162.47],0.19914349320662506,6
