Vehicle_ID,ID,time,xloc,yloc,line_integral_values,maneuver
488,488,"[2.1 2.2 2.3 2.4 2.5 2.6 2.7 2.8 2.9 3.  3.1 3.2 3.3 3.4 3.5 3.6 3.7 3.8
 3.9 4.  4.1 4.2 4.3 4.4 4.5 4.6 4.7 4.8 4.9 5. ]","[1085.4738   1086.313175 1087.157925 1088.0091   1088.866725 1089.730825
 1090.602425 1091.4815   1092.36705  1093.2591   1094.1576   1095.062025
 1095.971875 1096.886625 1097.806275 1098.7303   1099.657675 1100.5884
 1101.5225   1102.459475 1103.3993   1104.3415   1105.2861   1106.233625
 1107.184075 1108.137475 1109.09385  1110.0537   1111.01755  1111.9854  ]","[159.7  159.72 159.75 159.78 159.8  159.83 159.86 159.88 159.91 159.93
 159.96 159.99 160.01 160.04 160.07 160.09 160.12 160.14 160.17 160.19
 160.22 160.24 160.27 160.29 160.31 160.34 160.36 160.38 160.4  160.43]",0.24250143522162243,6
