ID,time,xloc,yloc,old_xloc,old_yloc,line_integral_values,maneuver
0,"[0.  0.1 0.2 0.3 0.4 0.5 0.6 0.7 0.8 0.9 1.  1.1 1.2 1.3 1.4 1.5 1.6 1.7
 1.8 1.9 2.  2.1 2.2 2.3 2.4 2.5 2.6 2.7 2.8 2.9 3.  3.1 3.2 3.3 3.4 3.5
 3.6 3.7 3.8 3.9 4.  4.1 4.2 4.3 4.4 4.5 4.6 4.7 4.8 4.9 5. ]","[-21949.71475  -21949.162925 -21948.6167   -21948.07495  -21947.535575
 -21946.997    -21946.458175 -21945.917575 -21945.3752   -21944.831075
 -21944.284725 -21943.736175 -21943.185975 -21942.6352   -21942.084375
 -21941.533525 -21940.9832   -21940.43445  -21939.88885  -21939.34745
 -21938.810775 -21938.280375 -21937.7578   -21937.244075 -21936.7397
 -21936.24515  -21935.7609   -21935.2864   -21934.8211   -21934.36445
 -21933.915875 -21933.47535  -21933.042875 -21932.61845  -21932.202075
 -21931.7943   -21931.3967   -21931.010825 -21930.637725 -21930.27895
 -21929.936025 -21929.61     -21929.3019   -21929.012175 -21928.7408
 -21928.48775  -21928.252425 -21928.033725 -21927.830575 -21927.641375
 -21927.464025]","[-4.5  -4.49 -4.47 -4.46 -4.45 -4.44 -4.42 -4.41 -4.4  -4.39 -4.38 -4.37
 -4.36 -4.35 -4.34 -4.34 -4.33 -4.32 -4.31 -4.3  -4.29 -4.29 -4.28 -4.27
 -4.27 -4.26 -4.26 -4.25 -4.24 -4.24 -4.23 -4.23 -4.22 -4.22 -4.21 -4.21
 -4.2  -4.2  -4.19 -4.19 -4.18 -4.17 -4.17 -4.16 -4.16 -4.15 -4.14 -4.14
 -4.13 -4.13 -4.12]","[-20379.71475  -20379.162925 -20378.6167   -20378.07495  -20377.535575
 -20376.997    -20376.458175 -20375.917575 -20375.3752   -20374.831075
 -20374.284725 -20373.736175 -20373.185975 -20372.6352   -20372.084375
 -20371.533525 -20370.9832   -20370.43445  -20369.88885  -20369.34745
 -20368.810775 -20368.280375 -20367.7578   -20367.244075 -20366.7397
 -20366.24515  -20365.7609   -20365.2864   -20364.8211   -20364.36445
 -20363.915875 -20363.47535  -20363.042875 -20362.61845  -20362.202075
 -20361.7943   -20361.3967   -20361.010825 -20360.637725 -20360.27895
 -20359.936025 -20359.61     -20359.3019   -20359.012175 -20358.7408
 -20358.48775  -20358.252425 -20358.033725 -20357.830575 -20357.641375
 -20357.464025]","[-3.82 -3.81 -3.79 -3.78 -3.77 -3.76 -3.74 -3.73 -3.72 -3.71 -3.7  -3.69
 -3.68 -3.67 -3.66 -3.66 -3.65 -3.64 -3.63 -3.62 -3.61 -3.61 -3.6  -3.59
 -3.59 -3.58 -3.58 -3.57 -3.56 -3.56 -3.55 -3.55 -3.54 -3.54 -3.53 -3.53
 -3.52 -3.52 -3.51 -3.51 -3.5  -3.49 -3.49 -3.48 -3.48 -3.47 -3.46 -3.46
 -3.45 -3.45 -3.44]",0.0,6
