Vehicle_ID,ID,time,xloc,yloc,line_integral_values,maneuver
2017,1062,[3.3 3.4 3.5 3.6 3.7 3.8 3.9 4.  4.1 4.2 4.3 4.4 4.5 4.6 4.7 4.8 4.9],"[1600.03465  1600.5617   1601.095875 1601.6377   1602.18715  1602.7442
 1603.309375 1603.883175 1604.465575 1605.0566   1605.65675  1606.266025
 1606.884925 1607.513925 1608.152525 1608.800725 1609.459525]","[157.83 157.85 157.86 157.88 157.89 157.91 157.92 157.94 157.95 157.97
 157.99 158.   158.02 158.03 158.05 158.07 158.08]",0.0,6
