Vehicle_ID,ID,time,xloc,yloc,line_integral_values,maneuver
1836,1836,"[2.5 2.6 2.7 2.8 2.9 3.  3.1 3.2 3.3 3.4 3.5 3.6 3.7 3.8 3.9 4.  4.1 4.2
 4.3 4.4 4.5 4.6 4.7 4.8 4.9 5. ]","[1585.12805  1585.7924   1586.459725 1587.13     1587.803225 1588.4789
 1589.15705  1589.838175 1590.522275 1591.20935  1591.8994   1592.59245
 1593.2885   1593.98755  1594.690125 1595.396225 1596.105825 1596.81895
 1597.5356   1598.256275 1598.981    1599.709775 1600.4431   1601.1815
 1601.925    1602.674075]","[157.66 157.66 157.67 157.68 157.68 157.69 157.7  157.71 157.71 157.72
 157.73 157.74 157.75 157.75 157.76 157.77 157.78 157.79 157.8  157.81
 157.82 157.83 157.84 157.85 157.86 157.87]",11.515436870460656,6
