Vehicle_ID,ID,time,xloc,yloc,line_integral_values,maneuver
788,899,[4.8 4.9 5. ],[1818.0105   1819.167875 1820.3262  ],[162.25 162.26 162.27],2.0217524668708484,6
