Vehicle_ID,ID,time,xloc,yloc,line_integral_values,maneuver
540,540,"[1.3 1.4 1.5 1.6 1.7 1.8 1.9 2.  2.1 2.2 2.3 2.4 2.5 2.6 2.7 2.8 2.9 3.
 3.1 3.2 3.3 3.4 3.5 3.6 3.7 3.8 3.9 4.  4.1 4.2 4.3 4.4 4.5 4.6 4.7 4.8
 4.9 5. ]","[1085.238    1086.495975 1087.762425 1089.037375 1090.321325 1091.614275
 1092.916225 1094.2272   1095.5477   1096.877725 1098.217275 1099.56635
 1100.92495  1102.29305  1103.67015  1105.056225 1106.45075  1107.853225
 1109.26365  1110.6815   1112.10675  1113.539425 1114.979025 1116.425025
 1117.87745  1119.3363   1120.80105  1122.271675 1123.747675 1125.228575
 1126.714375 1128.205075 1129.700675 1131.201175 1132.7061   1134.215475
 1135.729775 1137.2485  ]","[159.08 159.12 159.16 159.2  159.24 159.28 159.32 159.36 159.4  159.44
 159.48 159.52 159.56 159.6  159.63 159.67 159.71 159.75 159.79 159.82
 159.86 159.9  159.94 159.97 160.01 160.05 160.08 160.11 160.15 160.18
 160.21 160.24 160.27 160.3  160.33 160.36 160.39 160.41]",1.9798446954684856,6
