Vehicle_ID,ID,time,xloc,yloc,line_integral_values,maneuver
732,732,"[2.  2.1 2.2 2.3 2.4 2.5 2.6 2.7 2.8 2.9 3.  3.1 3.2 3.3 3.4 3.5 3.6 3.7
 3.8 3.9 4. ]","[1337.604725 1338.454525 1339.29735  1340.1332   1340.962075 1341.784475
 1342.6004   1343.409875 1344.2129   1345.009475 1345.8001   1346.584775
 1347.364    1348.1383   1348.9077   1349.6722   1350.4323   1351.1885
 1351.941325 1352.691275 1353.43835 ]","[158.84 158.83 158.81 158.8  158.79 158.77 158.76 158.75 158.74 158.73
 158.72 158.71 158.7  158.69 158.68 158.67 158.66 158.65 158.64 158.63
 158.62]",0.782094587017003,6
