ID,time,xloc,yloc,old_xloc,old_yloc,line_integral_values,maneuver
0,"[0.  0.1 0.2 0.3 0.4 0.5 0.6 0.7 0.8 0.9 1.  1.1 1.2 1.3 1.4 1.5 1.6 1.7
 1.8 1.9 2.  2.1 2.2]","[-28214.8211   -28214.36445  -28213.915875 -28213.47535  -28213.042875
 -28212.61845  -28212.202075 -28211.7943   -28211.3967   -28211.010825
 -28210.637725 -28210.27895  -28209.936025 -28209.61     -28209.3019
 -28209.012175 -28208.7408   -28208.48775  -28208.252425 -28208.033725
 -28207.830575 -28207.641375 -28207.464025]","[-3.36 -3.36 -3.35 -3.35 -3.34 -3.34 -3.33 -3.33 -3.32 -3.32 -3.31 -3.31
 -3.3  -3.29 -3.29 -3.28 -3.28 -3.27 -3.26 -3.26 -3.25 -3.25 -3.24]","[-26644.8211   -26644.36445  -26643.915875 -26643.47535  -26643.042875
 -26642.61845  -26642.202075 -26641.7943   -26641.3967   -26641.010825
 -26640.637725 -26640.27895  -26639.936025 -26639.61     -26639.3019
 -26639.012175 -26638.7408   -26638.48775  -26638.252425 -26638.033725
 -26637.830575 -26637.641375 -26637.464025]","[-4.34 -4.34 -4.33 -4.33 -4.32 -4.32 -4.31 -4.31 -4.3  -4.3  -4.29 -4.29
 -4.28 -4.27 -4.27 -4.26 -4.26 -4.25 -4.24 -4.24 -4.23 -4.23 -4.22]",0.0,6
