Vehicle_ID,ID,time,xloc,yloc,line_integral_values,maneuver
1961,1983,[2.6 2.7 2.8 2.9 3.  3.1 3.2 3.3],"[1800.89575  1802.0622   1803.227575 1804.391375 1805.5536   1806.71425
 1807.8728   1809.028775]",[161.75 161.77 161.78 161.8  161.82 161.84 161.85 161.87],0.15798488462351268,6
