Vehicle_ID,ID,time,xloc,yloc,line_integral_values,maneuver
2735,2735,[1.  1.1 1.2 1.3 1.4 1.5 1.6 1.7 1.8 1.9],"[1800.2547   1801.29795  1802.3373   1803.37325  1804.406325 1805.436525
 1806.463825 1807.48875  1808.5118   1809.532975]",[161.98 161.98 161.97 161.97 161.96 161.95 161.94 161.92 161.91 161.89],0.4765437422418217,6
