Vehicle_ID,ID,time,xloc,yloc,line_integral_values,maneuver
533,522,[4.5 4.6 4.7 4.8 4.9 5. ],"[1600.898925 1601.986    1603.0711   1604.1542   1605.235275 1606.3138
 1607.3898   1608.463275 1609.5337   1610.6016   1611.666975 1612.729825
 1613.790675 1614.849025 1615.904875 1616.958225 1618.009075 1619.057925
 1620.104275 1621.148125 1622.189975 1623.229825 1624.267175 1625.302025
 1626.33435  1627.36415  1628.39145  1629.415725]","[158.66 158.68 158.7  158.72 158.74 158.76 158.78 158.8  158.82 158.84
 158.86 158.88 158.9  158.91 158.93 158.95 158.96 158.98 159.   159.01
 159.03 159.05 159.06 159.08 159.1  159.11 159.13 159.14]",0.9192600402979807,6
