Vehicle_ID,ID,time,xloc,yloc,line_integral_values,maneuver
57,57,"[1.7 1.8 1.9 2.  2.1 2.2 2.3 2.4 2.5 2.6 2.7 2.8 2.9 3.  3.1 3.2 3.3 3.4
 3.5 3.6 3.7 3.8 3.9 4.  4.1 4.2 4.3 4.4 4.5 4.6 4.7 4.8 4.9 5. ]","[1910.6242   1911.58735  1912.549475 1913.510575 1914.470675 1915.430275
 1916.389375 1917.347475 1918.304575 1919.261175 1920.217275 1921.172375
 1922.12645  1923.079    1924.030025 1924.979525 1925.9275   1926.873925
 1927.818825 1928.762725 1929.705625 1930.64755  1931.5885   1932.52845
 1933.467925 1934.40695  1935.345    1936.28255  1937.219625 1938.155725
 1939.091325 1940.026425 1940.960525 1941.893625]","[161.25 161.2  161.15 161.1  161.05 161.   160.94 160.89 160.84 160.78
 160.72 160.67 160.61 160.55 160.49 160.43 160.37 160.31 160.25 160.19
 160.12 160.06 159.99 159.93 159.86 159.8  159.73 159.66 159.6  159.53
 159.46 159.39 159.32 159.25]",0.30615378887416556,6
