Vehicle_ID,ID,time,xloc,yloc,line_integral_values,maneuver
438,438,"[2.2 2.3 2.4 2.5 2.6 2.7 2.8 2.9 3.  3.1 3.2 3.3 3.4 3.5 3.6 3.7 3.8 3.9
 4.  4.1 4.2 4.3 4.4 4.5]","[1810.073775 1810.425    1810.758925 1811.07765  1811.383325 1811.6797
 1811.971525 1812.26405  1812.56305  1812.874275 1813.20445  1813.560275
 1813.947375 1814.36875  1814.825775 1815.318225 1815.843275 1816.395975
 1816.96885  1817.553925 1818.144275 1818.733625 1819.316825 1819.8919  ]","[162.35 162.35 162.35 162.36 162.36 162.37 162.37 162.38 162.38 162.39
 162.39 162.4  162.41 162.42 162.42 162.43 162.44 162.45 162.46 162.47
 162.47 162.48 162.49 162.5 ]",0.028325720692792378,6
