Vehicle_ID,ID,time,xloc,yloc,line_integral_values,maneuver
2150,2150,"[1.4 1.5 1.6 1.7 1.8 1.9 2.  2.1 2.2 2.3 2.4 2.5 2.6 2.7 2.8 2.9 3.  3.1
 3.2 3.3 3.4 3.5 3.6 3.7 3.8 3.9 4.  4.1 4.2 4.3 4.4 4.5 4.6 4.7 4.8 4.9
 5. ]","[1815.5547   1816.6925   1817.8278   1818.9606   1820.0909   1821.2187
 1822.344    1823.4668   1824.5876   1825.705875 1826.821125 1827.93335
 1829.042025 1830.146625 1831.246625 1832.3415   1833.43125  1834.515375
 1835.59335  1836.664675 1837.729375 1838.78745  1839.8384   1840.88225
 1841.9195   1842.950175 1843.973775 1844.9903   1846.000275 1847.003725
 1848.00015  1848.989525 1849.97185  1850.947125 1851.915375 1852.8766
 1853.830775]","[162.43 162.45 162.46 162.47 162.48 162.49 162.49 162.5  162.5  162.51
 162.51 162.52 162.52 162.52 162.52 162.52 162.52 162.52 162.52 162.52
 162.52 162.52 162.51 162.51 162.51 162.5  162.5  162.49 162.49 162.48
 162.47 162.47 162.46 162.45 162.44 162.43 162.42]",0.5754807653714586,6
