Vehicle_ID,ID,time,xloc,yloc,line_integral_values,maneuver
68,68,"[1.  1.1 1.2 1.3 1.4 1.5 1.6 1.7 1.8 1.9 2.  2.1 2.2 2.3 2.4 2.5 2.6 2.7
 2.8 2.9 3.  3.1 3.2 3.3 3.4 3.5 3.6 3.7 3.8 3.9 4.  4.1 4.2 4.3 4.4 4.5
 4.6 4.7 4.8 4.9 5. ]","[1805.396575 1805.9216   1806.44475  1806.966    1807.48535  1808.002775
 1808.518275 1809.03185  1809.54295  1810.051025 1810.55555  1811.056025
 1811.552425 1812.044225 1812.530925 1813.012025 1813.487525 1813.95795
 1814.42335  1814.88475  1815.3432   1815.799275 1816.254525 1816.710525
 1817.16885  1817.631025 1818.098075 1818.570525 1819.04935  1819.535025
 1820.027025 1820.5258   1821.0313   1821.543    1822.06085  1822.5843
 1823.11285  1823.646475 1824.185125 1824.728275 1825.275925]","[162.23 162.25 162.26 162.28 162.3  162.31 162.33 162.34 162.36 162.37
 162.39 162.41 162.42 162.43 162.45 162.46 162.48 162.49 162.5  162.51
 162.52 162.53 162.55 162.56 162.57 162.58 162.59 162.6  162.61 162.62
 162.63 162.64 162.65 162.66 162.66 162.67 162.68 162.69 162.7  162.71
 162.72]",2.531350008629764,6
