Vehicle_ID,ID,time,xloc,yloc,line_integral_values,maneuver
52,75,"[0.9 1.  1.1 1.2 1.3 1.4 1.5 1.6 1.7 1.8 1.9 2.  2.1 2.2 2.3 2.4 2.5 2.6
 2.7 2.8 2.9 3.  3.1 3.2 3.3 3.4 3.5 3.6 3.7 3.8 3.9 4.  4.1 4.2 4.3 4.4
 4.5 4.6 4.7 4.8 4.9 5. ]","[1600.14535  1600.562975 1600.98405  1601.4091   1601.83815  1602.2712
 1602.70825  1603.149275 1603.59375  1604.04065  1604.48945  1604.94015
 1605.392225 1605.84465  1606.2969   1606.748975 1607.2004   1607.651175
 1608.1013   1608.550275 1608.998125 1609.444875 1609.89055  1610.33515
 1610.77815  1611.219025 1611.657225 1612.09175  1612.5221   1612.9483
 1613.370875 1613.790375 1614.207875 1614.624425 1615.041625 1615.46105
 1615.883225 1616.308625 1616.7372   1617.168425 1617.60125  1618.0351
 1618.469425 1618.903175 1619.335825 1619.767375 1620.19785  1620.627275
 1621.056175 1621.4856  ]","[157.91 157.91 157.92 157.92 157.93 157.94 157.94 157.95 157.95 157.96
 157.97 157.97 157.98 157.99 158.   158.   158.01 158.02 158.03 158.04
 158.06 158.07 158.08 158.09 158.1  158.12 158.13 158.14 158.15 158.16
 158.17 158.18 158.2  158.21 158.22 158.24 158.25 158.26 158.28 158.29
 158.31 158.32 158.33 158.35 158.36 158.38 158.39 158.4  158.42 158.43]",0.5438856465786963,6
