Vehicle_ID,ID,time,xloc,yloc,line_integral_values,maneuver
1836,2290,[4.1 4.2 4.3 4.4 4.5 4.6 4.7 4.8 4.9 5. ],"[1980.61435  1981.309775 1981.999675 1982.68405  1983.3629   1984.03625
 1984.7041   1985.36695  1986.0248   1986.677675]",[155.73 155.67 155.61 155.54 155.48 155.41 155.35 155.29 155.22 155.16],0.00015292188471751608,6
