Vehicle_ID,ID,time,xloc,yloc,line_integral_values,maneuver
2015,2015,"[1.9 2.  2.1 2.2 2.3 2.4 2.5 2.6 2.7 2.8 2.9 3.  3.1 3.2 3.3 3.4 3.5 3.6
 3.7 3.8 3.9 4.  4.1 4.2 4.3 4.4 4.5 4.6 4.7 4.8 4.9 5. ]","[2105.271175 2106.0781   2106.883475 2107.687775 2108.4905   2109.291675
 2110.0918   2110.890375 2111.687425 2112.48345  2113.27795  2114.07095
 2114.86295  2115.65395  2116.44395  2117.23295  2118.02095  2118.80795
 2119.59395  2120.37895  2121.162925 2121.945375 2122.726325 2123.50575
 2124.28365  2125.060025 2125.834875 2126.608225 2127.380075 2128.150925
 2128.920275 2129.688125]","[144.21 144.14 144.08 144.02 143.95 143.89 143.82 143.76 143.7  143.63
 143.56 143.5  143.43 143.37 143.3  143.23 143.17 143.1  143.03 142.97
 142.9  142.84 142.77 142.7  142.64 142.57 142.51 142.44 142.38 142.31
 142.25 142.18]",6.92873408183684e-39,6
