Vehicle_ID,ID,time,xloc,yloc,line_integral_values,maneuver
2972,3050,[4.5 4.6 4.7 4.8 4.9 5. ],[1817.29935  1818.065725 1818.82805  1819.58685  1820.342125 1821.093875],[162.78 162.79 162.8  162.81 162.82 162.84],0.6154135048214929,6
