Vehicle_ID,ID,time,xloc,yloc,line_integral_values,maneuver
3050,2972,"[1.4 1.5 1.6 1.7 1.8 1.9 2.  2.1 2.2 2.3 2.4 2.5 2.6 2.7 2.8 2.9 3.  3.1
 3.2 3.3 3.4 3.5 3.6 3.7 3.8 3.9 4.  4.1 4.2 4.3 4.4 4.5 4.6 4.7 4.8 4.9
 5. ]","[1830.0695   1830.826075 1831.5807   1832.333375 1833.083575 1833.830775
 1834.57545  1835.3171   1836.055225 1836.790325 1837.5219   1838.249925
 1838.9744   1839.69535  1840.4133   1841.127725 1841.838625 1842.54655
 1843.2515   1843.953975 1844.654525 1845.354725 1846.05665  1846.761375
 1847.47045  1848.1849   1848.90575  1849.634525 1850.37275  1851.121975
 1851.88375  1852.660125 1853.45315  1854.26485  1855.097775 1855.953975
 1856.834975]","[162.57 162.58 162.58 162.59 162.6  162.61 162.61 162.62 162.62 162.63
 162.63 162.64 162.64 162.64 162.65 162.65 162.66 162.66 162.67 162.67
 162.68 162.68 162.68 162.68 162.69 162.69 162.68 162.68 162.68 162.67
 162.66 162.66 162.65 162.64 162.62 162.61 162.6 ]",2.597510443094715,6
