Vehicle_ID,ID,time,xloc,yloc,line_integral_values,maneuver
77,77,[3.4 3.5 3.6 3.7 3.8 3.9 4.  4.1 4.2 4.3 4.4 4.5 4.6 4.7 4.8 4.9 5. ],"[1815.351475 1815.820025 1816.295875 1816.778975 1817.268775 1817.7642
 1818.26365  1818.765525 1819.268225 1819.7702   1820.270925 1820.770425
 1821.268725 1821.76585  1822.261825 1822.756675 1823.25045 ]","[162.62 162.63 162.63 162.64 162.65 162.66 162.66 162.67 162.68 162.69
 162.69 162.7  162.71 162.71 162.72 162.73 162.73]",0.8822199580323772,6
