Vehicle_ID,ID,time,xloc,yloc,line_integral_values,maneuver
2090,2017,[0.  0.1 0.2 0.3 0.4 0.5 0.6 0.7 0.8 0.9 1.  1.1 1.2 1.3 1.4 1.5 1.6],"[1617.139075 1617.8764   1618.6187   1619.366475 1620.119725 1620.87795
 1621.640625 1622.40775  1623.179325 1623.95535  1624.735825 1625.52025
 1626.308625 1627.10095  1627.897225 1628.69695  1629.500125]","[158.23 158.25 158.27 158.29 158.3  158.32 158.34 158.36 158.38 158.4
 158.42 158.44 158.46 158.48 158.5  158.51 158.54]",0.0,6
