Vehicle_ID,ID,time,xloc,yloc,line_integral_values,maneuver
2484,2698,"[0.5 0.6 0.7 0.8 0.9 1.  1.1 1.2 1.3 1.4 1.5 1.6 1.7 1.8 1.9 2.  2.1 2.2
 2.3 2.4 2.5 2.6 2.7 2.8 2.9 3.  3.1 3.2 3.3 3.4 3.5 3.6 3.7 3.8 3.9 4.
 4.1 4.2 4.3 4.4 4.5 4.6 4.7 4.8 4.9 5. ]","[1830.055425 1830.91755  1831.772125 1832.61915  1833.45915  1834.29215
 1835.11815  1835.937675 1836.75075  1837.557375 1838.35805  1839.152775
 1839.94205  1840.725875 1841.50425  1842.277175 1843.04465  1843.807175
 1844.564775 1845.31795  1846.0672   1846.81255  1847.554    1848.29205
 1849.0267   1849.757925 1850.486225 1851.211625 1851.9341   1852.65365
 1853.370775 1854.085475 1854.79775  1855.5081   1856.21655  1856.9236
 1857.62925  1858.333475 1859.036775 1859.739175 1860.44065  1861.141175
 1861.84075  1862.539375 1863.23655  1863.93225 ]","[162.88 162.88 162.89 162.89 162.9  162.9  162.91 162.91 162.92 162.92
 162.92 162.92 162.92 162.92 162.93 162.92 162.92 162.92 162.92 162.92
 162.91 162.91 162.91 162.9  162.9  162.89 162.89 162.88 162.88 162.87
 162.86 162.85 162.84 162.84 162.83 162.82 162.81 162.8  162.79 162.78
 162.77 162.76 162.74 162.73 162.72 162.7 ]",3.0203991922559923,6
