Vehicle_ID,ID,time,xloc,yloc,line_integral_values,maneuver
77,77,"[2.  2.1 2.2 2.3 2.4 2.5 2.6 2.7 2.8 2.9 3.  3.1 3.2 3.3 3.4 3.5 3.6 3.7
 3.8 3.9 4.  4.1 4.2 4.3 4.4 4.5 4.6 4.7 4.8 4.9 5. ]","[1585.375575 1585.9777   1586.56435  1587.136025 1587.69275  1588.23505
 1588.763425 1589.2779   1589.779    1590.267725 1590.7446   1591.209625
 1591.6633   1592.10615  1592.538675 1592.96135  1593.3742   1593.777225
 1594.1709   1594.555725 1594.9317   1595.299325 1595.6591   1596.01105
 1596.355675 1596.693475 1597.02495  1597.3506   1597.67095  1597.9865
 1598.29725 ]","[157.92 157.93 157.94 157.96 157.97 157.99 158.   158.01 158.03 158.04
 158.06 158.07 158.08 158.09 158.11 158.12 158.13 158.14 158.15 158.16
 158.17 158.18 158.19 158.2  158.21 158.22 158.23 158.24 158.25 158.26
 158.27]",3.3087189004969537,6
