Vehicle_ID,ID,time,xloc,yloc,line_integral_values,maneuver
1008,1008,[4.1 4.2 4.3 4.4 4.5 4.6 4.7 4.8 4.9 5. ],"[1840.116425 1841.048275 1841.976625 1842.901475 1843.823325 1844.741675
 1845.656525 1846.568375 1847.477225 1848.382575]",[162.56 162.56 162.55 162.54 162.54 162.53 162.52 162.52 162.51 162.5 ],1.740997243030403,6
