Vehicle_ID,ID,time,xloc,yloc,line_integral_values,maneuver
972,942,"[0.8 0.9 1.  1.1 1.2 1.3 1.4 1.5 1.6 1.7 1.8 1.9 2.  2.1 2.2 2.3 2.4 2.5
 2.6 2.7 2.8 2.9 3.  3.1 3.2 3.3 3.4 3.5 3.6 3.7 3.8 3.9 4.  4.1 4.2 4.3
 4.4 4.5 4.6 4.7 4.8 4.9 5. ]","[1585.08465  1585.4066   1585.73105  1586.058    1586.38795  1586.7209
 1587.05685  1587.3958   1587.73775  1588.0827   1588.43065  1588.7816
 1589.135575 1589.492575 1589.8531   1590.217175 1590.584775 1590.9564
 1591.3326   1591.713375 1592.0982   1592.487575 1592.8815   1593.27995
 1593.682925 1594.089925 1594.500925 1594.915925 1595.334925 1595.757925
 1596.1844   1596.614325 1597.047725 1597.4841   1597.92395  1598.367275
 1598.813575 1599.26285  1599.7156   1600.17185  1600.6316   1601.09485
 1601.5616  ]","[157.24 157.25 157.26 157.26 157.27 157.28 157.28 157.29 157.3  157.31
 157.31 157.32 157.33 157.34 157.35 157.36 157.36 157.37 157.38 157.39
 157.4  157.41 157.42 157.43 157.44 157.45 157.46 157.47 157.48 157.49
 157.5  157.51 157.52 157.53 157.54 157.55 157.56 157.57 157.58 157.59
 157.6  157.62 157.63]",13.405435283260527,6
