Vehicle_ID,ID,time,xloc,yloc,old_xloc,old_yloc,line_integral_values,maneuver
83,82,"[0.4 0.5 0.6 0.7 0.8 0.9 1.  1.1 1.2 1.3 1.4 1.5 1.6 1.7 1.8 1.9 2.  2.1
 2.2 2.3 2.4 2.5 2.6 2.7 2.8 2.9 3.  3.1 3.2 3.3 3.4 3.5 3.6 3.7 3.8 3.9
 4.  4.1 4.2 4.3 4.4 4.5 4.6 4.7 4.8 4.9 5. ]","[30.677125 31.413025 32.129325 32.826575 33.5048   34.164525 34.805775
 35.428525 36.0333   36.6201   37.188925 37.7398   38.2732   38.78915
 39.288175 39.770775 40.236975 40.6878   41.123775 41.5454   41.9532
 42.347675 42.729325 43.098675 43.45675  43.804075 44.14115  44.468975
 44.788075 45.098975 45.402675 45.699675 45.99045  46.276    46.556325
 46.8314   47.101725 47.367775 47.629525 47.886975 48.141125 48.391975
 48.640025 48.885775 49.129225 49.370875 49.611225]","[1.38184615 1.39184615 1.41184615 1.42184615 1.43184615 1.44184615
 1.45184615 1.46184615 1.47184615 1.48184615 1.49184615 1.50184615
 1.51184615 1.51184615 1.52184615 1.53184615 1.53184615 1.54184615
 1.55184615 1.55184615 1.56184615 1.56184615 1.57184615 1.57184615
 1.58184615 1.58184615 1.59184615 1.59184615 1.60184615 1.60184615
 1.61184615 1.62184615 1.62184615 1.63184615 1.63184615 1.64184615
 1.64184615 1.65184615 1.65184615 1.66184615 1.66184615 1.66184615
 1.67184615 1.67184615 1.68184615 1.68184615 1.68184615]","[1600.677125 1601.413025 1602.129325 1602.826575 1603.5048   1604.164525
 1604.805775 1605.428525 1606.0333   1606.6201   1607.188925 1607.7398
 1608.2732   1608.78915  1609.288175 1609.770775 1610.236975 1610.6878
 1611.123775 1611.5454   1611.9532   1612.347675 1612.729325 1613.098675
 1613.45675  1613.804075 1614.14115  1614.468975 1614.788075 1615.098975
 1615.402675 1615.699675 1615.99045  1616.276    1616.556325 1616.8314
 1617.101725 1617.367775 1617.629525 1617.886975 1618.141125 1618.391975
 1618.640025 1618.885775 1619.129225 1619.370875 1619.611225]","[158.35 158.36 158.38 158.39 158.4  158.41 158.42 158.43 158.44 158.45
 158.46 158.47 158.48 158.48 158.49 158.5  158.5  158.51 158.52 158.52
 158.53 158.53 158.54 158.54 158.55 158.55 158.56 158.56 158.57 158.57
 158.58 158.59 158.59 158.6  158.6  158.61 158.61 158.62 158.62 158.63
 158.63 158.63 158.64 158.64 158.65 158.65 158.65]",3.1263645082958417e-11,6
