Vehicle_ID,ID,time,xloc,yloc,line_integral_values,maneuver
856,899,[2.5 2.6 2.7 2.8 2.9 3.  3.1 3.2],"[1811.0858   1812.23765  1813.3904   1814.54405  1815.6986   1816.854075
 1818.0105   1819.167875]",[162.18 162.2  162.21 162.22 162.23 162.24 162.25 162.26],0.05263455167819764,6
