Vehicle_ID,ID,time,xloc,yloc,old_xloc,old_yloc,line_integral_values,maneuver
61,52,"[0.  0.1 0.2 0.3 0.4 0.5 0.6 0.7 0.8 0.9 1.  1.1 1.2 1.3 1.4 1.5 1.6 1.7
 1.8 1.9 2.  2.1 2.2 2.3 2.4 2.5 2.6 2.7 2.8 2.9 3.  3.1 3.2 3.3 3.4 3.5
 3.6 3.7 3.8 3.9 4.  4.1 4.2 4.3 4.4]","[37.878325 38.3935   38.90865  39.4238   39.93945  40.4556   40.97175
 41.487875 42.00345  42.517425 43.029275 43.538475 44.044    44.545875
 45.044625 45.540825 46.03605  46.531375 47.02785  47.5265   48.02735
 48.53035  49.03545  49.542125 50.0493   50.555925 51.060425 51.56175
 52.059925 52.55545  53.048375 53.53875  54.0276   54.516    55.005525
 55.497225 55.991625 56.4892   56.9889   57.48965  57.9909   58.4916
 58.9912   59.489725 59.987725]","[1.48184615 1.50184615 1.52184615 1.54184615 1.56184615 1.58184615
 1.60184615 1.61184615 1.63184615 1.65184615 1.66184615 1.68184615
 1.69184615 1.71184615 1.72184615 1.74184615 1.75184615 1.77184615
 1.78184615 1.79184615 1.81184615 1.82184615 1.83184615 1.85184615
 1.86184615 1.87184615 1.88184615 1.89184615 1.90184615 1.91184615
 1.91184615 1.92184615 1.92184615 1.93184615 1.93184615 1.93184615
 1.94184615 1.94184615 1.94184615 1.94184615 1.95184615 1.95184615
 1.95184615 1.95184615 1.96184615]","[1607.878325 1608.3935   1608.90865  1609.4238   1609.93945  1610.4556
 1610.97175  1611.487875 1612.00345  1612.517425 1613.029275 1613.538475
 1614.044    1614.545875 1615.044625 1615.540825 1616.03605  1616.531375
 1617.02785  1617.5265   1618.02735  1618.53035  1619.03545  1619.542125
 1620.0493   1620.555925 1621.060425 1621.56175  1622.059925 1622.55545
 1623.048375 1623.53875  1624.0276   1624.516    1625.005525 1625.497225
 1625.991625 1626.4892   1626.9889   1627.48965  1627.9909   1628.4916
 1628.9912   1629.489725 1629.987725]","[158.45 158.47 158.49 158.51 158.53 158.55 158.57 158.58 158.6  158.62
 158.63 158.65 158.66 158.68 158.69 158.71 158.72 158.74 158.75 158.76
 158.78 158.79 158.8  158.82 158.83 158.84 158.85 158.86 158.87 158.88
 158.88 158.89 158.89 158.9  158.9  158.9  158.91 158.91 158.91 158.91
 158.92 158.92 158.92 158.92 158.93]",1.1562292291305526e-21,6
