Vehicle_ID,ID,time,xloc,yloc,line_integral_values,maneuver
52,57,[4.  4.1 4.2 4.3 4.4 4.5 4.6 4.7 4.8 4.9 5. ],"[1085.287475 1086.123725 1086.965075 1087.8115   1088.6635   1089.521075
 1090.383725 1091.25195  1092.125725 1093.00505  1093.889925]","[159.39 159.41 159.44 159.46 159.49 159.51 159.53 159.56 159.58 159.6
 159.63]",0.3426530413086312,6
