Vehicle_ID,ID,time,xloc,yloc,line_integral_values,maneuver
1983,1983,"[2.7 2.8 2.9 3.  3.1 3.2 3.3 3.4 3.5 3.6 3.7 3.8 3.9 4.  4.1 4.2 4.3 4.4
 4.5 4.6 4.7 4.8 4.9 5. ]","[1830.49695  1831.60225  1832.70455  1833.80435  1834.901625 1835.995875
 1837.087625 1838.176875 1839.2631   1840.3463   1841.427    1842.5052
 1843.580375 1844.652525 1845.721675 1846.7878   1847.8509   1848.910475
 1849.966525 1851.01955  1852.06955  1853.116025 1854.158975 1855.198925]","[162.22 162.24 162.26 162.28 162.3  162.31 162.33 162.34 162.36 162.37
 162.39 162.4  162.42 162.43 162.44 162.45 162.46 162.47 162.47 162.48
 162.49 162.49 162.49 162.49]",7.209901411551763,6
