Vehicle_ID,ID,time,xloc,yloc,line_integral_values,maneuver
856,899,[2.5 2.6 2.7 2.8 2.9 3.  3.1 3.2 3.3],"[1800.8074   1801.937225 1803.071075 1804.2084   1805.3487   1806.491975
 1807.637675 1808.7853   1809.93485 ]",[162.07 162.09 162.1  162.11 162.12 162.14 162.15 162.16 162.17],0.2361280496271952,6
