Vehicle_ID,ID,time,xloc,yloc,line_integral_values,maneuver
82,82,"[0.9 1.  1.1 1.2 1.3 1.4 1.5 1.6 1.7 1.8 1.9 2.  2.1 2.2 2.3 2.4 2.5 2.6
 2.7 2.8 2.9 3.  3.1 3.2 3.3 3.4 3.5 3.6 3.7 3.8 3.9 4.  4.1 4.2 4.3 4.4
 4.5 4.6 4.7 4.8 4.9 5. ]","[1805.2305   1805.85475  1806.46695  1807.066075 1807.6522   1808.22595
 1808.78895  1809.343325 1809.890725 1810.433275 1810.97255  1811.5101
 1812.046975 1812.5842   1813.12275  1813.663125 1814.2053   1814.748175
 1815.29065  1815.8306   1816.366425 1816.897075 1817.421    1817.937675
 1818.446625 1818.947875 1819.44195  1819.9289   1820.40875  1820.882025
 1821.34925  1821.810975 1822.2688   1822.7259   1823.18755  1823.658975
 1824.143825 1824.645175 1825.164475 1825.701075 1826.25275  1826.815725]","[162.23 162.24 162.25 162.26 162.27 162.28 162.29 162.29 162.3  162.31
 162.32 162.33 162.34 162.35 162.35 162.36 162.37 162.38 162.39 162.39
 162.4  162.41 162.42 162.43 162.43 162.44 162.45 162.46 162.46 162.47
 162.48 162.48 162.49 162.5  162.5  162.51 162.51 162.52 162.52 162.53
 162.53 162.53]",4.984557140628539,6
