ID,time,xloc,yloc,old_xloc,old_yloc,line_integral_values,maneuver
0,"[0.  0.1 0.2 0.3 0.4 0.5 0.6 0.7 0.8 0.9 1.  1.1 1.2 1.3 1.4 1.5 1.6 1.7
 1.8 1.9 2.  2.1 2.2 2.3 2.4 2.5 2.6 2.7 2.8 2.9 3.  3.1 3.2 3.3 3.4 3.5
 3.6 3.7 3.8 3.9 4.  4.1 4.2 4.3 4.4 4.5 4.6 4.7 4.8 4.9 5. ]","[-1539.71475  -1539.162925 -1538.6167   -1538.07495  -1537.535575
 -1536.997    -1536.458175 -1535.917575 -1535.3752   -1534.831075
 -1534.284725 -1533.736175 -1533.185975 -1532.6352   -1532.084375
 -1531.533525 -1530.9832   -1530.43445  -1529.88885  -1529.34745
 -1528.810775 -1528.280375 -1527.7578   -1527.244075 -1526.7397
 -1526.24515  -1525.7609   -1525.2864   -1524.8211   -1524.36445
 -1523.915875 -1523.47535  -1523.042875 -1522.61845  -1522.202075
 -1521.7943   -1521.3967   -1521.010825 -1520.637725 -1520.27895
 -1519.936025 -1519.61     -1519.3019   -1519.012175 -1518.7408
 -1518.48775  -1518.252425 -1518.033725 -1517.830575 -1517.641375
 -1517.464025]","[-0.49 -0.48 -0.46 -0.45 -0.44 -0.43 -0.41 -0.4  -0.39 -0.38 -0.37 -0.36
 -0.35 -0.34 -0.33 -0.33 -0.32 -0.31 -0.3  -0.29 -0.28 -0.28 -0.27 -0.26
 -0.26 -0.25 -0.25 -0.24 -0.23 -0.23 -0.22 -0.22 -0.21 -0.21 -0.2  -0.2
 -0.19 -0.19 -0.18 -0.18 -0.17 -0.16 -0.16 -0.15 -0.15 -0.14 -0.13 -0.13
 -0.12 -0.12 -0.11]","[30.28525  30.837075 31.3833   31.92505  32.464425 33.003    33.541825
 34.082425 34.6248   35.168925 35.715275 36.263825 36.814025 37.3648
 37.915625 38.466475 39.0168   39.56555  40.11115  40.65255  41.189225
 41.719625 42.2422   42.755925 43.2603   43.75485  44.2391   44.7136
 45.1789   45.63555  46.084125 46.52465  46.957125 47.38155  47.797925
 48.2057   48.6033   48.989175 49.362275 49.72105  50.063975 50.39
 50.6981   50.987825 51.2592   51.51225  51.747575 51.966275 52.169425
 52.358625 52.535975]","[0.   0.01 0.03 0.04 0.05 0.06 0.08 0.09 0.1  0.11 0.12 0.13 0.14 0.15
 0.16 0.16 0.17 0.18 0.19 0.2  0.21 0.21 0.22 0.23 0.23 0.24 0.24 0.25
 0.26 0.26 0.27 0.27 0.28 0.28 0.29 0.29 0.3  0.3  0.31 0.31 0.32 0.33
 0.33 0.34 0.34 0.35 0.36 0.36 0.37 0.37 0.38]",0.0,6
