Vehicle_ID,ID,time,xloc,yloc,line_integral_values,maneuver
488,488,"[3.2 3.3 3.4 3.5 3.6 3.7 3.8 3.9 4.  4.1 4.2 4.3 4.4 4.5 4.6 4.7 4.8 4.9
 5. ]","[1920.11285  1920.648775 1921.214875 1921.8073   1922.421175 1923.050575
 1923.6886   1924.328425 1924.9643   1925.5931   1926.212325 1926.8195
 1927.41365  1927.993825 1928.55965  1929.112825 1929.65555  1930.1905
 1930.71985 ]","[159.5  159.48 159.45 159.42 159.4  159.37 159.34 159.31 159.28 159.25
 159.23 159.2  159.17 159.14 159.11 159.08 159.05 159.01 158.98]",0.028229679858413688,6
