Vehicle_ID,ID,time,xloc,yloc,line_integral_values,maneuver
145,145,[1.  1.1 1.2 1.3 1.4 1.5 1.6 1.7 1.8],"[1810.6241   1811.703825 1812.787125 1813.8745   1814.965425 1816.059925
 1817.1585   1818.2611   1819.367725]",[162.27 162.28 162.29 162.29 162.3  162.31 162.31 162.32 162.32],0.1241845364874784,6
