Vehicle_ID,ID,time,xloc,yloc,line_integral_values,maneuver
3050,2972,"[1.9 2.  2.1 2.2 2.3 2.4 2.5 2.6 2.7 2.8 2.9 3.  3.1 3.2 3.3 3.4 3.5 3.6
 3.7 3.8 3.9 4.  4.1 4.2 4.3 4.4 4.5 4.6 4.7 4.8 4.9 5. ]","[1337.1418   1337.354375 1337.566    1337.7767   1337.986975 1338.1973
 1338.4077   1338.618175 1338.828725 1339.03935  1339.250025 1339.46075
 1339.672025 1339.883825 1340.09515  1340.306    1340.51685  1340.7277
 1340.93855  1341.1489   1341.358775 1341.568675 1341.778575 1341.988475
 1342.1989   1342.409875 1342.620875 1342.8324   1343.04445  1343.257025
 1343.47065  1343.685325]","[159.12 159.12 159.11 159.11 159.11 159.1  159.1  159.1  159.09 159.09
 159.08 159.08 159.07 159.07 159.06 159.05 159.05 159.04 159.04 159.03
 159.02 159.02 159.01 159.   159.   158.99 158.98 158.97 158.97 158.96
 158.95 158.95]",0.3952592359448483,6
