Vehicle_ID,ID,time,xloc,yloc,old_xloc,old_yloc,line_integral_values,maneuver
1062,1046,"[208.3 208.4 208.5 208.6 208.7 208.8 208.9 209.  209.1 209.2 209.3 209.4
 209.5 209.6 209.7 209.8 209.9 210.  210.1 210.2 210.3 210.4 210.5 210.6
 210.7 210.8 210.9 211.  211.1 211.2 211.3]","[1613.565325 1614.044375 1614.526925 1615.013    1615.5021   1615.9942
 1616.4898   1616.9889   1617.491    1617.9966   1618.5057   1619.017825
 1619.533475 1620.052625 1620.575275 1621.10145  1621.63115  1622.16485
 1622.702075 1623.242825 1623.787075 1624.334825 1624.886575 1625.441825
 1626.0006   1626.5634   1627.1302   1627.701025 1628.2759   1628.8553
 1629.439225]","[158.23 158.24 158.25 158.25 158.26 158.27 158.28 158.28 158.29 158.3
 158.3  158.31 158.32 158.33 158.33 158.34 158.35 158.36 158.37 158.38
 158.39 158.4  158.4  158.41 158.42 158.43 158.44 158.45 158.46 158.47
 158.48]","[1613.565325 1614.044375 1614.526925 1615.013    1615.5021   1615.9942
 1616.4898   1616.9889   1617.491    1617.9966   1618.5057   1619.017825
 1619.533475 1620.052625 1620.575275 1621.10145  1621.63115  1622.16485
 1622.702075 1623.242825 1623.787075 1624.334825 1624.886575 1625.441825
 1626.0006   1626.5634   1627.1302   1627.701025 1628.2759   1628.8553
 1629.439225]","[158.23 158.24 158.25 158.25 158.26 158.27 158.28 158.28 158.29 158.3
 158.3  158.31 158.32 158.33 158.33 158.34 158.35 158.36 158.37 158.38
 158.39 158.4  158.4  158.41 158.42 158.43 158.44 158.45 158.46 158.47
 158.48]",0.0,6
