Vehicle_ID,ID,time,xloc,yloc,old_xloc,old_yloc,line_integral_values,maneuver
856,0,[160.7 160.8 160.9 161.  161.1 161.2 161.3 161.4 161.5 161.6 161.7 161.8],"[1629.59205  1629.6133   1629.63565  1629.6596   1629.685675 1629.7144
 1629.7463   1629.781875 1629.8216   1629.866    1629.9151   1629.969375]","[158.49 158.49 158.49 158.49 158.5  158.5  158.5  158.5  158.5  158.5
 158.5  158.5 ]","[1629.59205  1629.6133   1629.63565  1629.6596   1629.685675 1629.7144
 1629.7463   1629.781875 1629.8216   1629.866    1629.9151   1629.969375]","[158.49 158.49 158.49 158.49 158.5  158.5  158.5  158.5  158.5  158.5
 158.5  158.5 ]",0.0,6
