Vehicle_ID,ID,time,xloc,yloc,line_integral_values,maneuver
145,0,"[0.  0.1 0.2 0.3 0.4 0.5 0.6 0.7 0.8 0.9 1.  1.1 1.2 1.3 1.4 1.5 1.6 1.7
 1.8 1.9 2.  2.1 2.2 2.3 2.4 2.5 2.6 2.7 2.8 2.9 3.  3.1 3.2 3.3 3.4 3.5
 3.6 3.7 3.8 3.9 4.  4.1 4.2 4.3 4.4 4.5 4.6 4.7 4.8 4.9 5. ]","[1838.02875  1838.97355  1839.91935  1840.86615  1841.813475 1842.7613
 1843.7096   1844.6584   1845.6077   1846.557475 1847.507725 1848.457975
 1849.408725 1850.359975 1851.311725 1852.263975 1853.216725 1854.170475
 1855.12475  1856.07955  1857.03535  1857.99165  1858.947925 1859.904675
 1860.861925 1861.81915  1862.77635  1863.733525 1864.690675 1865.6478
 1866.6049   1867.561475 1868.5175   1869.472975 1870.427425 1871.38085
 1872.333725 1873.28605  1874.23735  1875.18765  1876.137425 1877.086675
 1878.034925 1878.98215  1879.92835  1880.873525 1881.81765  1882.760725
 1883.70225  1884.641725 1885.578625]","[162.88 162.88 162.89 162.89 162.89 162.89 162.9  162.9  162.9  162.9
 162.9  162.9  162.9  162.9  162.9  162.9  162.9  162.89 162.89 162.88
 162.88 162.87 162.86 162.86 162.85 162.84 162.83 162.81 162.8  162.79
 162.78 162.76 162.75 162.73 162.71 162.69 162.68 162.66 162.64 162.61
 162.59 162.57 162.55 162.52 162.5  162.47 162.45 162.42 162.39 162.36
 162.34]",0.0,6
