Vehicle_ID,ID,time,xloc,yloc,line_integral_values,maneuver
540,537,[3.6 3.7 3.8 3.9 4.  4.1 4.2 4.3 4.4 4.5 4.6 4.7 4.8 4.9],"[1817.958375 1819.102875 1820.2503   1821.400175 1822.5525   1823.70775
 1824.865425 1826.02505  1827.187125 1828.35165  1829.5181   1830.686475
 1831.8563   1833.027575]","[162.56 162.58 162.6  162.62 162.64 162.66 162.68 162.69 162.71 162.73
 162.74 162.76 162.77 162.78]",0.5230295932886224,6
