Vehicle_ID,ID,time,xloc,yloc,line_integral_values,maneuver
2698,2484,[3.7 3.8 3.9 4.  4.1 4.2 4.3 4.4 4.5],"[1800.926475 1802.015125 1803.0961   1804.1689   1805.2325   1806.2869
 1807.3316   1808.3661   1809.3904  ]",[162.2  162.23 162.25 162.27 162.29 162.32 162.34 162.36 162.38],0.1794185582437959,6
