Vehicle_ID,ID,time,xloc,yloc,old_xloc,old_yloc,line_integral_values,maneuver
57,52,"[0.8 0.9 1.  1.1 1.2 1.3 1.4 1.5 1.6 1.7 1.8 1.9 2.  2.1 2.2 2.3 2.4 2.5
 2.6 2.7 2.8 2.9 3.  3.1 3.2 3.3 3.4 3.5 3.6 3.7 3.8 3.9 4.  4.1 4.2 4.3
 4.4 4.5 4.6 4.7 4.8 4.9 5. ]","[30.243975 30.748775 31.2526   31.756    32.259475 32.76355  33.26875
 33.775575 34.284525 34.795075 35.3067   35.819375 36.3331   36.84785
 37.3631   37.878325 38.3935   38.90865  39.4238   39.93945  40.4556
 40.97175  41.487875 42.00345  42.517425 43.029275 43.538475 44.044
 44.545875 45.044625 45.540825 46.03605  46.531375 47.02785  47.5265
 48.02735  48.53035  49.03545  49.542125 50.0493   50.555925 51.060425
 51.56175 ]","[1.19184615 1.21184615 1.23184615 1.25184615 1.26184615 1.28184615
 1.30184615 1.32184615 1.34184615 1.36184615 1.38184615 1.40184615
 1.42184615 1.44184615 1.46184615 1.48184615 1.50184615 1.52184615
 1.54184615 1.56184615 1.58184615 1.60184615 1.61184615 1.63184615
 1.65184615 1.66184615 1.68184615 1.69184615 1.71184615 1.72184615
 1.74184615 1.75184615 1.77184615 1.78184615 1.79184615 1.81184615
 1.82184615 1.83184615 1.85184615 1.86184615 1.87184615 1.88184615
 1.89184615]","[1600.243975 1600.748775 1601.2526   1601.756    1602.259475 1602.76355
 1603.26875  1603.775575 1604.284525 1604.795075 1605.3067   1605.819375
 1606.3331   1606.84785  1607.3631   1607.878325 1608.3935   1608.90865
 1609.4238   1609.93945  1610.4556   1610.97175  1611.487875 1612.00345
 1612.517425 1613.029275 1613.538475 1614.044    1614.545875 1615.044625
 1615.540825 1616.03605  1616.531375 1617.02785  1617.5265   1618.02735
 1618.53035  1619.03545  1619.542125 1620.0493   1620.555925 1621.060425
 1621.56175 ]","[158.16 158.18 158.2  158.22 158.23 158.25 158.27 158.29 158.31 158.33
 158.35 158.37 158.39 158.41 158.43 158.45 158.47 158.49 158.51 158.53
 158.55 158.57 158.58 158.6  158.62 158.63 158.65 158.66 158.68 158.69
 158.71 158.72 158.74 158.75 158.76 158.78 158.79 158.8  158.82 158.83
 158.84 158.85 158.86]",2.0072704797853584e-06,6
