Vehicle_ID,ID,time,xloc,yloc,line_integral_values,maneuver
2017,2017,[1.5 1.6 1.7 1.8 1.9 2.  2.1 2.2 2.3 2.4 2.5 2.6 2.7 2.8 2.9],"[1815.213975 1816.2634   1817.308775 1818.350625 1819.38895  1820.42325
 1821.454025 1822.481275 1823.504525 1824.52375  1825.53895  1826.550125
 1827.557275 1828.560425 1829.55955 ]","[162.25 162.26 162.27 162.29 162.3  162.31 162.33 162.34 162.35 162.36
 162.37 162.38 162.39 162.39 162.4 ]",0.03795091492085124,6
