Vehicle_ID,ID,time,xloc,yloc,line_integral_values,maneuver
2247,2247,"[1.8 1.9 2.  2.1 2.2 2.3 2.4 2.5 2.6 2.7 2.8 2.9 3.  3.1 3.2 3.3 3.4 3.5
 3.6 3.7 3.8 3.9 4.  4.1 4.2 4.3 4.4 4.5 4.6 4.7 4.8 4.9 5. ]","[1910.10885  1910.993375 1911.88095  1912.7721   1913.666825 1914.564575
 1915.46535  1916.36915  1917.27545  1918.18425  1919.09555  1920.00935
 1920.925625 1921.843875 1922.764125 1923.686875 1924.6121   1925.5398
 1926.47     1927.4022   1928.3369   1929.2741   1930.213275 1931.154425
 1932.09705  1933.0406   1933.985075 1934.929975 1935.87475  1936.8189
 1937.761925 1938.703275 1939.641925]","[160.99 160.94 160.89 160.83 160.78 160.72 160.66 160.6  160.54 160.48
 160.42 160.36 160.29 160.23 160.17 160.1  160.04 159.97 159.91 159.84
 159.77 159.71 159.64 159.57 159.5  159.43 159.36 159.29 159.22 159.15
 159.08 159.01 158.94]",0.5203827158724145,6
