Vehicle_ID,ID,time,xloc,yloc,old_xloc,old_yloc,line_integral_values,maneuver
2592,2247,"[250.7 250.8 250.9 251.  251.1 251.2 251.3 251.4 251.5 251.6 251.7 251.8
 251.9 252.  252.1 252.2 252.3 252.4 252.5 252.6 252.7 252.8]","[1606.565325 1607.62375  1608.688125 1609.758975 1610.8358   1611.918075
 1613.0063   1614.09995  1615.198525 1616.30205  1617.4105   1618.523875
 1619.641675 1620.7639   1621.89055  1623.021125 1624.155625 1625.293525
 1626.434325 1627.578025 1628.7241   1629.871525]","[158.06 158.08 158.11 158.13 158.15 158.17 158.2  158.22 158.24 158.27
 158.29 158.32 158.34 158.37 158.4  158.42 158.45 158.48 158.5  158.53
 158.56 158.58]","[1606.565325 1607.62375  1608.688125 1609.758975 1610.8358   1611.918075
 1613.0063   1614.09995  1615.198525 1616.30205  1617.4105   1618.523875
 1619.641675 1620.7639   1621.89055  1623.021125 1624.155625 1625.293525
 1626.434325 1627.578025 1628.7241   1629.871525]","[158.06 158.08 158.11 158.13 158.15 158.17 158.2  158.22 158.24 158.27
 158.29 158.32 158.34 158.37 158.4  158.42 158.45 158.48 158.5  158.53
 158.56 158.58]",0.0,6
