Vehicle_ID,ID,time,xloc,yloc,old_xloc,old_yloc,line_integral_values,maneuver
2290,1836,"[1.9 2.  2.1 2.2 2.3 2.4 2.5 2.6 2.7 2.8 2.9 3.  3.1 3.2 3.3 3.4 3.5 3.6
 3.7 3.8 3.9 4.  4.1 4.2 4.3 4.4 4.5 4.6 4.7 4.8 4.9 5. ]","[30.4431   31.1815   31.925    32.674075 33.428725 34.18895  34.95475
 35.726125 36.50355  37.287025 38.07655  38.871625 39.67225  40.478925
 41.29165  42.110925 42.93675  43.768625 44.60705  45.452525 46.30455
 47.163125 48.028725 48.90135  49.781025 50.667725 51.56095  52.4607
 53.36745  54.2807   55.20045  56.1267  ]","[0.87184615 0.88184615 0.89184615 0.90184615 0.91184615 0.92184615
 0.93184615 0.95184615 0.96184615 0.97184615 0.98184615 1.00184615
 1.01184615 1.03184615 1.04184615 1.06184615 1.08184615 1.09184615
 1.11184615 1.13184615 1.15184615 1.17184615 1.19184615 1.21184615
 1.23184615 1.25184615 1.27184615 1.29184615 1.31184615 1.33184615
 1.35184615 1.38184615]","[1600.4431   1601.1815   1601.925    1602.674075 1603.428725 1604.18895
 1604.95475  1605.726125 1606.50355  1607.287025 1608.07655  1608.871625
 1609.67225  1610.478925 1611.29165  1612.110925 1612.93675  1613.768625
 1614.60705  1615.452525 1616.30455  1617.163125 1618.028725 1618.90135
 1619.781025 1620.667725 1621.56095  1622.4607   1623.36745  1624.2807
 1625.20045  1626.1267  ]","[157.84 157.85 157.86 157.87 157.88 157.89 157.9  157.92 157.93 157.94
 157.95 157.97 157.98 158.   158.01 158.03 158.05 158.06 158.08 158.1
 158.12 158.14 158.16 158.18 158.2  158.22 158.24 158.26 158.28 158.3
 158.32 158.35]",0.0,6
