Vehicle_ID,ID,time,xloc,yloc,line_integral_values,maneuver
61,3,[4.8 4.9 5. ],[1980.78445  1981.76935  1982.751175],[156.06 155.96 155.87],0.000163540091657794,6
