Vehicle_ID,ID,time,xloc,yloc,line_integral_values,maneuver
2090,2735,[3.8 3.9 4.  4.1 4.2 4.3 4.4 4.5 4.6 4.7 4.8 4.9 5. ],"[1817.68735  1818.71095  1819.73725  1820.76675  1821.79945  1822.83585
 1823.87645  1824.921225 1825.970675 1827.025325 1828.08515  1829.150125
 1830.22075 ]","[161.65 161.61 161.56 161.52 161.47 161.41 161.36 161.3  161.24 161.18
 161.12 161.05 160.99]",0.47629168869119043,6
