Vehicle_ID,ID,time,xloc,yloc,old_xloc,old_yloc,line_integral_values,maneuver
788,0,"[158.5 158.6 158.7 158.8 158.9 159.  159.1 159.2 159.3 159.4 159.5 159.6
 159.7 159.8 159.9 160.  160.1 160.2 160.3 160.4 160.5 160.6 160.7 160.8
 160.9 161.  161.1 161.2 161.3 161.4 161.5 161.6 161.7 161.8]","[1628.9918   1628.991825 1628.99255  1628.99765  1629.010125 1629.03045
 1629.058575 1629.0929   1629.1318   1629.17415  1629.218375 1629.2624
 1629.305175 1629.346175 1629.3844   1629.41935  1629.45105  1629.47955
 1629.505375 1629.529075 1629.550725 1629.571375 1629.59205  1629.6133
 1629.63565  1629.6596   1629.685675 1629.7144   1629.7463   1629.781875
 1629.8216   1629.866    1629.9151   1629.969375]","[158.5  158.5  158.49 158.49 158.49 158.48 158.48 158.48 158.48 158.47
 158.47 158.47 158.47 158.47 158.47 158.47 158.47 158.48 158.48 158.48
 158.48 158.49 158.49 158.49 158.49 158.49 158.5  158.5  158.5  158.5
 158.5  158.5  158.5  158.5 ]","[1628.9918   1628.991825 1628.99255  1628.99765  1629.010125 1629.03045
 1629.058575 1629.0929   1629.1318   1629.17415  1629.218375 1629.2624
 1629.305175 1629.346175 1629.3844   1629.41935  1629.45105  1629.47955
 1629.505375 1629.529075 1629.550725 1629.571375 1629.59205  1629.6133
 1629.63565  1629.6596   1629.685675 1629.7144   1629.7463   1629.781875
 1629.8216   1629.866    1629.9151   1629.969375]","[158.5  158.5  158.49 158.49 158.49 158.48 158.48 158.48 158.48 158.47
 158.47 158.47 158.47 158.47 158.47 158.47 158.47 158.48 158.48 158.48
 158.48 158.49 158.49 158.49 158.49 158.49 158.5  158.5  158.5  158.5
 158.5  158.5  158.5  158.5 ]",0.0,6
