Vehicle_ID,ID,time,xloc,yloc,line_integral_values,maneuver
392,392,"[1.8 1.9 2.  2.1 2.2 2.3 2.4 2.5 2.6 2.7 2.8 2.9 3.  3.1 3.2 3.3 3.4 3.5
 3.6 3.7 3.8 3.9 4.  4.1 4.2 4.3 4.4 4.5 4.6 4.7 4.8 4.9 5. ]","[1805.10425  1805.399975 1805.696725 1805.99345  1806.2891   1806.583675
 1806.877175 1807.170125 1807.4631   1807.75715  1808.05435  1808.355775
 1808.662475 1808.9765   1809.2989   1809.6307   1809.9734   1810.3275
 1810.692975 1811.069775 1811.45785  1811.856125 1812.263475 1812.6783
 1813.09955  1813.5267   1813.958725 1814.3951   1814.8353   1815.278825
 1815.725175 1816.1738   1816.6242  ]","[162.53 162.53 162.53 162.53 162.53 162.53 162.53 162.53 162.53 162.53
 162.53 162.53 162.53 162.53 162.53 162.53 162.53 162.53 162.53 162.53
 162.53 162.53 162.53 162.53 162.53 162.53 162.53 162.53 162.53 162.53
 162.53 162.53 162.53]",6.526763490264314,6
