Vehicle_ID,ID,time,xloc,yloc,line_integral_values,maneuver
942,899,"[0.2 0.3 0.4 0.5 0.6 0.7 0.8 0.9 1.  1.1 1.2 1.3 1.4 1.5 1.6 1.7 1.8 1.9
 2.  2.1 2.2 2.3 2.4 2.5 2.6 2.7 2.8 2.9 3.  3.1 3.2 3.3 3.4 3.5]","[1840.203525 1841.37785  1842.55215  1843.726925 1844.902175 1846.077425
 1847.253175 1848.42995  1849.60775  1850.786575 1851.96645  1853.14785
 1854.330775 1855.51525  1856.701275 1857.888825 1859.0779   1860.2685
 1861.460625 1862.654275 1863.849425 1865.046075 1866.244225 1867.443375
 1868.644025 1869.8462   1871.0499   1872.2551   1873.4618   1874.670525
 1875.880775 1877.092525 1878.306275 1879.521525]","[162.47 162.48 162.48 162.49 162.49 162.5  162.5  162.5  162.5  162.5
 162.5  162.5  162.5  162.5  162.49 162.48 162.48 162.47 162.46 162.45
 162.43 162.42 162.4  162.38 162.36 162.34 162.32 162.3  162.27 162.24
 162.21 162.19 162.15 162.12]",2.9073603477654633,6
