Vehicle_ID,ID,time,xloc,yloc,old_xloc,old_yloc,line_integral_values,maneuver
2090,2017,"[221.3 221.4 221.5 221.6 221.7 221.8 221.9 222.  222.1 222.2 222.3 222.4
 222.5 222.6 222.7 222.8 222.9]","[1617.139075 1617.8764   1618.6187   1619.366475 1620.119725 1620.87795
 1621.640625 1622.40775  1623.179325 1623.95535  1624.735825 1625.52025
 1626.308625 1627.10095  1627.897225 1628.69695  1629.500125]","[158.23 158.25 158.27 158.29 158.3  158.32 158.34 158.36 158.38 158.4
 158.42 158.44 158.46 158.48 158.5  158.51 158.54]","[1617.139075 1617.8764   1618.6187   1619.366475 1620.119725 1620.87795
 1621.640625 1622.40775  1623.179325 1623.95535  1624.735825 1625.52025
 1626.308625 1627.10095  1627.897225 1628.69695  1629.500125]","[158.23 158.25 158.27 158.29 158.3  158.32 158.34 158.36 158.38 158.4
 158.42 158.44 158.46 158.48 158.5  158.51 158.54]",0.0,6
