Vehicle_ID,ID,time,xloc,yloc,old_xloc,old_yloc,line_integral_values,maneuver
1046,942,"[0.  0.1 0.2 0.3 0.4 0.5 0.6 0.7 0.8 0.9 1.  1.1 1.2 1.3 1.4 1.5 1.6 1.7
 1.8 1.9 2.  2.1 2.2 2.3 2.4 2.5 2.6 2.7 2.8 2.9 3.  3.1 3.2 3.3 3.4 3.5
 3.6 3.7]","[40.4701   40.9826   41.496025 42.0104   42.525725 43.042025 43.5593
 44.07755  44.597275 45.118475 45.640675 46.163875 46.688575 47.21475
 47.7419   48.269525 48.7976   49.326125 49.854575 50.38245  50.90975
 51.436475 51.962125 52.4867   53.0102   53.532625 54.053975 54.57375
 55.091975 55.60915  56.1248   56.638925 57.152025 57.6641   58.17515
 58.6852   59.194775 59.7044  ]","[0.91184615 0.93184615 0.94184615 0.96184615 0.97184615 0.99184615
 1.00184615 1.02184615 1.04184615 1.05184615 1.07184615 1.09184615
 1.10184615 1.12184615 1.13184615 1.15184615 1.16184615 1.18184615
 1.19184615 1.21184615 1.22184615 1.24184615 1.25184615 1.26184615
 1.28184615 1.29184615 1.31184615 1.32184615 1.34184615 1.35184615
 1.36184615 1.38184615 1.39184615 1.41184615 1.42184615 1.43184615
 1.45184615 1.46184615]","[1610.4701   1610.9826   1611.496025 1612.0104   1612.525725 1613.042025
 1613.5593   1614.07755  1614.597275 1615.118475 1615.640675 1616.163875
 1616.688575 1617.21475  1617.7419   1618.269525 1618.7976   1619.326125
 1619.854575 1620.38245  1620.90975  1621.436475 1621.962125 1622.4867
 1623.0102   1623.532625 1624.053975 1624.57375  1625.091975 1625.60915
 1626.1248   1626.638925 1627.152025 1627.6641   1628.17515  1628.6852
 1629.194775 1629.7044  ]","[157.88 157.9  157.91 157.93 157.94 157.96 157.97 157.99 158.01 158.02
 158.04 158.06 158.07 158.09 158.1  158.12 158.13 158.15 158.16 158.18
 158.19 158.21 158.22 158.23 158.25 158.26 158.28 158.29 158.31 158.32
 158.33 158.35 158.36 158.38 158.39 158.4  158.42 158.43]",3.369722594306168e-08,6
