Vehicle_ID,ID,time,xloc,yloc,line_integral_values,maneuver
2247,3926,[4.8 4.9 5. ],[1840.2827   1841.210125 1842.125125],[162.57 162.58 162.59],0.8667543412104528,6
