Vehicle_ID,ID,time,xloc,yloc,line_integral_values,maneuver
85,94,[4.1 4.2 4.3 4.4 4.5 4.6 4.7 4.8 4.9 5. ],"[1840.04405  1840.37925  1840.7287   1841.09115  1841.46435  1841.846075
 1842.234675 1842.629575 1843.032325 1843.4466  ]",[162.74 162.74 162.73 162.73 162.73 162.72 162.72 162.71 162.71 162.7 ],2.1059543535789245,6
