Vehicle_ID,ID,time,xloc,yloc,line_integral_values,maneuver
61,61,"[0.7 0.8 0.9 1.  1.1 1.2 1.3 1.4 1.5 1.6 1.7 1.8 1.9 2.  2.1 2.2 2.3 2.4
 2.5 2.6 2.7 2.8 2.9 3.  3.1 3.2 3.3 3.4 3.5 3.6 3.7 3.8 3.9 4.  4.1 4.2
 4.3 4.4 4.5 4.6 4.7 4.8 4.9 5. ]","[1805.16075  1805.94455  1806.73105  1807.52125  1808.315125 1809.11215
 1809.912325 1810.716125 1811.5235   1812.33395  1813.146975 1813.962525
 1814.7811   1815.602225 1816.425875 1817.25255  1818.08225  1818.914975
 1819.75075  1820.589575 1821.43145  1822.27685  1823.125775 1823.97825
 1824.83425  1825.69325  1826.55525  1827.42025  1828.287725 1829.15715
 1830.028525 1830.901325 1831.775025 1832.649625 1833.5246   1834.39945
 1835.273675 1836.147275 1837.020275 1837.8927   1838.76505  1839.636825
 1840.50805  1841.37925 ]","[161.88 161.9  161.91 161.93 161.95 161.96 161.98 162.   162.01 162.03
 162.04 162.06 162.07 162.09 162.1  162.11 162.12 162.13 162.14 162.15
 162.16 162.17 162.18 162.18 162.19 162.2  162.21 162.21 162.22 162.23
 162.24 162.24 162.25 162.25 162.26 162.26 162.27 162.27 162.27 162.27
 162.28 162.28 162.28 162.28]",24.647467528610676,6
