Vehicle_ID,ID,time,xloc,yloc,line_integral_values,maneuver
2484,2841,[4.1 4.2 4.3 4.4 4.5 4.6 4.7 4.8 4.9 5. ],"[1820.40365  1821.243    1822.075875 1822.9023   1823.722275 1824.5358
 1825.34285  1826.143425 1826.93805  1827.726725]",[162.24 162.25 162.25 162.26 162.26 162.26 162.26 162.26 162.26 162.26],0.8620665006786075,6
