Vehicle_ID,ID,time,xloc,yloc,line_integral_values,maneuver
788,899,[4.6 4.7 4.8 4.9 5. ],[1815.6986   1816.854075 1818.0105   1819.167875 1820.3262  ],[162.23 162.24 162.25 162.26 162.27],3.3183340920916673,6
