Vehicle_ID,ID,time,xloc,yloc,line_integral_values,maneuver
103,91,"[2.7 2.8 2.9 3.  3.1 3.2 3.3 3.4 3.5 3.6 3.7 3.8 3.9 4.  4.1 4.2 4.3 4.4
 4.5 4.6 4.7 4.8 4.9 5. ]","[1840.09385  1840.794475 1841.473325 1842.127825 1842.75545  1843.3558
 1843.93055  1844.4819   1845.013075 1845.5273   1846.02775  1846.51755
 1846.9983   1847.47155  1847.938775 1848.399925 1848.85445  1849.302275
 1849.742325 1850.1735   1850.5952   1851.005875 1851.4045   1851.791575]","[162.07 162.07 162.08 162.08 162.08 162.08 162.09 162.09 162.09 162.09
 162.1  162.1  162.1  162.1  162.11 162.11 162.11 162.12 162.12 162.13
 162.13 162.14 162.14 162.15]",20.523836301315797,6
