Vehicle_ID,ID,time,xloc,yloc,line_integral_values,maneuver
2509,2509,"[2.6 2.7 2.8 2.9 3.  3.1 3.2 3.3 3.4 3.5 3.6 3.7 3.8 3.9 4.  4.1 4.2 4.3
 4.4 4.5 4.6 4.7 4.8 4.9 5. ]","[1337.037425 1337.706875 1338.373675 1339.0384   1339.702075 1340.36525
 1341.02795  1341.690675 1342.35345  1343.01625  1343.67905  1344.34135
 1345.0021   1345.660225 1346.314675 1346.964925 1347.610475 1348.250325
 1348.885    1349.515575 1350.14315  1350.769325 1351.395675 1352.02375
 1352.654575]","[159.17 159.15 159.14 159.12 159.1  159.08 159.07 159.05 159.03 159.01
 158.99 158.98 158.96 158.94 158.92 158.91 158.89 158.88 158.86 158.85
 158.83 158.82 158.8  158.79 158.77]",2.1305556073592586,6
