Vehicle_ID,ID,time,xloc,yloc,line_integral_values,maneuver
61,61,"[1.9 2.  2.1 2.2 2.3 2.4 2.5 2.6 2.7 2.8 2.9 3.  3.1 3.2 3.3 3.4 3.5 3.6
 3.7 3.8 3.9 4.  4.1 4.2 4.3 4.4 4.5 4.6 4.7 4.8 4.9 5. ]","[1085.298875 1086.165175 1087.0371   1087.91465  1088.7978   1089.68705
 1090.5829   1091.48535  1092.394425 1093.310625 1094.233925 1095.164825
 1096.103325 1097.049425 1098.0031   1098.96435  1099.933175 1100.90905
 1101.89245  1102.883375 1103.88135  1104.88685  1105.899875 1106.920425
 1107.949    1108.985625 1110.0298   1111.0815   1112.141225 1113.209
 1114.2848   1115.368625]","[158.75 158.78 158.8  158.83 158.85 158.88 158.9  158.93 158.96 158.98
 159.01 159.03 159.06 159.09 159.12 159.14 159.17 159.2  159.23 159.25
 159.28 159.31 159.33 159.36 159.38 159.41 159.44 159.46 159.49 159.51
 159.54 159.56]",1.7515719936970635,6
