Vehicle_ID,ID,time,xloc,yloc,line_integral_values,maneuver
2247,3926,[3.8 3.9 4.  4.1 4.2 4.3 4.4 4.5 4.6 4.7 4.8 4.9 5. ],"[1830.6148   1831.58335  1832.557425 1833.534825 1834.51335  1835.49085
 1836.4647   1837.432775 1838.393    1839.343325 1840.2827   1841.210125
 1842.125125]","[162.38 162.41 162.43 162.45 162.48 162.49 162.51 162.53 162.54 162.56
 162.57 162.58 162.59]",4.998210025928331,6
