Vehicle_ID,ID,time,xloc,yloc,line_integral_values,maneuver
942,899,"[0.  0.1 0.2 0.3 0.4 0.5 0.6 0.7 0.8 0.9 1.  1.1 1.2 1.3 1.4 1.5 1.6 1.7
 1.8 1.9 2.  2.1 2.2 2.3 2.4 2.5 2.6 2.7 2.8 2.9 3.  3.1 3.2 3.3 3.4 3.5
 3.6 3.7 3.8 3.9 4.  4.1 4.2 4.3 4.4 4.5 4.6 4.7 4.8 4.9 5. ]","[1089.15685  1090.17685  1091.19685  1092.21685  1093.23685  1094.25685
 1095.27685  1096.29685  1097.31685  1098.33685  1099.35685  1100.37685
 1101.39685  1102.41685  1103.43685  1104.45685  1105.47685  1106.49685
 1107.51685  1108.53685  1109.55685  1110.57685  1111.59685  1112.61685
 1113.63685  1114.65685  1115.67685  1116.69685  1117.71685  1118.73685
 1119.75685  1120.77685  1121.797375 1122.818425 1123.839475 1124.860525
 1125.881575 1126.903125 1127.925175 1128.947225 1129.9693   1130.9919
 1132.015    1133.0381   1134.0612   1135.0848   1136.1089   1137.133
 1138.1576   1139.182725 1140.207875]","[158.23 158.26 158.29 158.32 158.35 158.38 158.41 158.44 158.47 158.5
 158.53 158.56 158.59 158.62 158.65 158.68 158.71 158.74 158.77 158.8
 158.83 158.86 158.89 158.92 158.95 158.98 159.01 159.04 159.07 159.1
 159.13 159.16 159.19 159.22 159.25 159.28 159.32 159.35 159.38 159.41
 159.44 159.48 159.51 159.54 159.57 159.61 159.64 159.68 159.71 159.75
 159.78]",4.373580398338616,6
