Vehicle_ID,ID,time,xloc,yloc,line_integral_values,maneuver
66,69,[2.6 2.7 2.8 2.9 3.  3.1 3.2 3.3 3.4 3.5 3.6 3.7 3.8],"[1337.584    1338.903525 1340.220525 1341.535    1342.846925 1344.156325
 1345.463225 1346.7676   1348.06945  1349.3688   1350.665625 1351.959925
 1353.251725]","[158.84 158.81 158.79 158.76 158.74 158.71 158.69 158.67 158.64 158.62
 158.6  158.58 158.55]",0.1591874302482538,6
