Vehicle_ID,ID,time,xloc,yloc,line_integral_values,maneuver
2290,1836,"[0.  0.1 0.2 0.3 0.4 0.5 0.6 0.7 0.8 0.9 1.  1.1 1.2 1.3 1.4 1.5 1.6 1.7
 1.8 1.9 2.  2.1 2.2 2.3 2.4 2.5 2.6 2.7 2.8 2.9 3.  3.1 3.2 3.3 3.4 3.5
 3.6 3.7 3.8 3.9 4.  4.1 4.2 4.3 4.4 4.5 4.6 4.7 4.8 4.9 5. ]","[1980.691125 1981.453975 1982.21225  1982.966475 1983.71615  1984.46075
 1985.200275 1985.93475  1986.664175 1987.388525 1988.1078   1988.821525
 1989.529175 1990.23075  1990.926775 1991.616725 1992.3001   1992.977425
 1993.6487   1994.31395  1994.973175 1995.626375 1996.27355  1996.9152
 1997.55135  1998.1815   1998.806175 1999.425375 2000.039075 2000.6478
 2001.25155  2001.850325 2002.44415  2003.033525 2003.618425 2004.19835
 2004.773825 2005.34535  2005.912925 2006.47655  2007.03675  2007.593525
 2008.146875 2008.697825 2009.246375 2009.792525 2010.336775 2010.879125
 2011.420075 2011.959625 2012.497775]","[155.77 155.7  155.63 155.55 155.48 155.41 155.34 155.27 155.2  155.13
 155.07 155.   154.93 154.86 154.8  154.73 154.66 154.6  154.53 154.47
 154.41 154.34 154.28 154.22 154.16 154.1  154.03 153.97 153.91 153.86
 153.8  153.74 153.68 153.62 153.57 153.51 153.45 153.4  153.34 153.29
 153.23 153.18 153.12 153.07 153.01 152.96 152.91 152.85 152.8  152.75
 152.69]",0.00021374086004572073,6
