Vehicle_ID,ID,time,xloc,yloc,line_integral_values,maneuver
82,82,[3.7 3.8 3.9 4.  4.1 4.2 4.3 4.4 4.5 4.6 4.7 4.8 4.9 5. ],"[1820.40875  1820.882025 1821.34925  1821.810975 1822.2688   1822.7259
 1823.18755  1823.658975 1824.143825 1824.645175 1825.164475 1825.701075
 1826.25275  1826.815725]","[162.46 162.47 162.48 162.48 162.49 162.5  162.5  162.51 162.51 162.52
 162.52 162.53 162.53 162.53]",1.3659226825663637,6
