Vehicle_ID,ID,time,xloc,yloc,old_xloc,old_yloc,line_integral_values,maneuver
732,0,"[154.5 154.6 154.7 154.8 154.9 155.  155.1 155.2 155.3 155.4 155.5 155.6
 155.7 155.8 155.9 156.  156.1 156.2 156.3 156.4 156.5 156.6 156.7 156.8
 156.9 157.  157.1 157.2 157.3 157.4 157.5 157.6 157.7 157.8 157.9 158.
 158.1 158.2 158.3 158.4 158.5 158.6 158.7 158.8 158.9 159.  159.1 159.2
 159.3 159.4]","[1627.765075 1627.884475 1627.9971   1628.103525 1628.2038   1628.297925
 1628.3859   1628.467725 1628.5429   1628.6104   1628.6692   1628.719325
 1628.76185  1628.79785  1628.828375 1628.854475 1628.8772   1628.8976
 1628.9157   1628.931975 1628.9469   1628.959975 1628.971175 1628.97995
 1628.986275 1628.99015  1628.991575 1628.9918   1628.9918   1628.9918
 1628.9918   1628.9918   1628.9918   1628.9918   1628.9918   1628.9918
 1628.9918   1628.9918   1628.9918   1628.9918   1628.9918   1628.991825
 1628.99255  1628.99765  1629.010125 1629.03045  1629.058575 1629.0929
 1629.1318   1629.17415 ]","[158.55 158.55 158.55 158.55 158.55 158.55 158.55 158.55 158.56 158.56
 158.56 158.56 158.56 158.56 158.56 158.56 158.56 158.56 158.56 158.56
 158.56 158.55 158.55 158.55 158.54 158.54 158.54 158.53 158.53 158.53
 158.52 158.52 158.52 158.52 158.51 158.51 158.51 158.51 158.5  158.5
 158.5  158.5  158.49 158.49 158.49 158.48 158.48 158.48 158.48 158.47]","[1627.765075 1627.884475 1627.9971   1628.103525 1628.2038   1628.297925
 1628.3859   1628.467725 1628.5429   1628.6104   1628.6692   1628.719325
 1628.76185  1628.79785  1628.828375 1628.854475 1628.8772   1628.8976
 1628.9157   1628.931975 1628.9469   1628.959975 1628.971175 1628.97995
 1628.986275 1628.99015  1628.991575 1628.9918   1628.9918   1628.9918
 1628.9918   1628.9918   1628.9918   1628.9918   1628.9918   1628.9918
 1628.9918   1628.9918   1628.9918   1628.9918   1628.9918   1628.991825
 1628.99255  1628.99765  1629.010125 1629.03045  1629.058575 1629.0929
 1629.1318   1629.17415 ]","[158.55 158.55 158.55 158.55 158.55 158.55 158.55 158.55 158.56 158.56
 158.56 158.56 158.56 158.56 158.56 158.56 158.56 158.56 158.56 158.56
 158.56 158.55 158.55 158.55 158.54 158.54 158.54 158.53 158.53 158.53
 158.52 158.52 158.52 158.52 158.51 158.51 158.51 158.51 158.5  158.5
 158.5  158.5  158.49 158.49 158.49 158.48 158.48 158.48 158.48 158.47]",0.0,6
