Vehicle_ID,ID,time,xloc,yloc,line_integral_values,maneuver
66,66,"[1.  1.1 1.2 1.3 1.4 1.5 1.6 1.7 1.8 1.9 2.  2.1 2.2 2.3 2.4 2.5 2.6 2.7
 2.8 2.9 3.  3.1 3.2 3.3 3.4 3.5 3.6 3.7 3.8 3.9 4.  4.1 4.2 4.3 4.4 4.5
 4.6 4.7 4.8 4.9 5. ]","[1805.053225 1805.55675  1806.058825 1806.55945  1807.059625 1807.559375
 1808.058725 1808.558675 1809.059225 1809.560375 1810.0626   1810.5654
 1811.068775 1811.5732   1812.078675 1812.585225 1813.093375 1813.603625
 1814.115975 1814.63095  1815.14905  1815.67025  1816.19455  1816.72195
 1817.25295  1817.78755  1818.32575  1818.86805  1819.414425 1819.9654
 1820.5215   1821.0827   1821.649525 1822.2225   1822.801625 1823.386875
 1823.978725 1824.577175 1825.182225 1825.793875 1826.4121  ]","[162.32 162.33 162.34 162.35 162.37 162.38 162.39 162.4  162.41 162.42
 162.43 162.44 162.45 162.46 162.47 162.48 162.49 162.5  162.51 162.52
 162.53 162.54 162.54 162.55 162.56 162.56 162.57 162.58 162.58 162.59
 162.59 162.6  162.6  162.61 162.62 162.62 162.63 162.63 162.64 162.65
 162.65]",15.753208833858507,6
