Vehicle_ID,ID,time,xloc,yloc,old_xloc,old_yloc,line_integral_values,maneuver
1062,1961,"[0.  0.1 0.2 0.3 0.4 0.5 0.6 0.7 0.8 0.9 1.  1.1 1.2 1.3 1.4 1.5 1.6 1.7
 1.8 1.9 2.  2.1 2.2 2.3 2.4 2.5 2.6 2.7 2.8 2.9 3.  3.1 3.2 3.3 3.4 3.5
 3.6 3.7 3.8 3.9 4.  4.1 4.2 4.3 4.4 4.5 4.6 4.7 4.8 4.9 5. ]","[30.3418   30.738475 31.135175 31.5319   31.9287   32.326075 32.7245
 33.123975 33.524525 33.92615  34.32935  34.734125 35.14045  35.54885
 35.959325 36.371875 36.787    37.2047   37.625    38.048375 38.474825
 38.904875 39.339025 39.777275 40.21965  40.66665  41.11875  41.576475
 42.03985  42.50885  42.984475 43.46675  43.95565  44.45165  44.95425
 45.46345  45.97975  46.503125 47.033575 47.570575 48.1141   48.664675
 49.2218   49.78545  50.356125 50.933825 51.51855  52.1098   52.707575
 53.312375 53.9242  ]","[0.96184615 0.97184615 0.98184615 1.00184615 1.01184615 1.02184615
 1.03184615 1.05184615 1.06184615 1.07184615 1.08184615 1.09184615
 1.10184615 1.11184615 1.12184615 1.14184615 1.15184615 1.16184615
 1.17184615 1.18184615 1.19184615 1.20184615 1.21184615 1.22184615
 1.24184615 1.25184615 1.26184615 1.27184615 1.29184615 1.30184615
 1.31184615 1.33184615 1.34184615 1.35184615 1.37184615 1.38184615
 1.39184615 1.40184615 1.41184615 1.42184615 1.44184615 1.45184615
 1.46184615 1.47184615 1.48184615 1.50184615 1.51184615 1.52184615
 1.54184615 1.55184615 1.57184615]","[1600.3418   1600.738475 1601.135175 1601.5319   1601.9287   1602.326075
 1602.7245   1603.123975 1603.524525 1603.92615  1604.32935  1604.734125
 1605.14045  1605.54885  1605.959325 1606.371875 1606.787    1607.2047
 1607.625    1608.048375 1608.474825 1608.904875 1609.339025 1609.777275
 1610.21965  1610.66665  1611.11875  1611.576475 1612.03985  1612.50885
 1612.984475 1613.46675  1613.95565  1614.45165  1614.95425  1615.46345
 1615.97975  1616.503125 1617.033575 1617.570575 1618.1141   1618.664675
 1619.2218   1619.78545  1620.356125 1620.933825 1621.51855  1622.1098
 1622.707575 1623.312375 1623.9242  ]","[157.93 157.94 157.95 157.97 157.98 157.99 158.   158.02 158.03 158.04
 158.05 158.06 158.07 158.08 158.09 158.11 158.12 158.13 158.14 158.15
 158.16 158.17 158.18 158.19 158.21 158.22 158.23 158.24 158.26 158.27
 158.28 158.3  158.31 158.32 158.34 158.35 158.36 158.37 158.38 158.39
 158.41 158.42 158.43 158.44 158.45 158.47 158.48 158.49 158.51 158.52
 158.54]",2.3862699691080527e-06,6
