Vehicle_ID,ID,time,xloc,yloc,line_integral_values,maneuver
3926,3926,"[1.3 1.4 1.5 1.6 1.7 1.8 1.9 2.  2.1 2.2 2.3 2.4 2.5 2.6 2.7 2.8 2.9 3.
 3.1 3.2 3.3 3.4 3.5 3.6 3.7 3.8 3.9 4.  4.1 4.2 4.3 4.4 4.5 4.6 4.7 4.8
 4.9 5. ]","[1815.1241   1816.20365  1817.259475 1818.29105  1819.2979   1820.281125
 1821.2439   1822.18995  1823.1235   1824.04925  1824.9719   1825.8956
 1826.823925 1827.758875 1828.7019   1829.653925 1830.6148   1831.58335
 1832.557425 1833.534825 1834.51335  1835.49085  1836.4647   1837.432775
 1838.393    1839.343325 1840.2827   1841.210125 1842.125125 1843.027725
 1843.917975 1844.79595  1845.6617   1846.515775 1847.359225 1848.1926
 1849.01645  1849.831325]","[161.7  161.76 161.82 161.88 161.93 161.98 162.02 162.07 162.11 162.15
 162.18 162.22 162.26 162.29 162.32 162.35 162.38 162.41 162.43 162.45
 162.48 162.49 162.51 162.53 162.54 162.56 162.57 162.58 162.59 162.6
 162.6  162.61 162.62 162.62 162.62 162.63 162.63 162.63]",13.315202843182725,6
