Vehicle_ID,ID,time,xloc,yloc,line_integral_values,maneuver
2090,2735,[3.  3.1 3.2 3.3 3.4 3.5 3.6 3.7 3.8 3.9],"[1800.2547   1801.29795  1802.3373   1803.37325  1804.406325 1805.436525
 1806.463825 1807.48875  1808.5118   1809.532975]",[161.98 161.98 161.97 161.97 161.96 161.95 161.94 161.92 161.91 161.89],0.4765437422418217,6
