Vehicle_ID,ID,time,xloc,yloc,old_xloc,old_yloc,line_integral_values,maneuver
2017,1983,"[0.  0.1 0.2 0.3 0.4 0.5 0.6 0.7 0.8 0.9 1.  1.1 1.2 1.3 1.4 1.5 1.6 1.7
 1.8 1.9 2.  2.1 2.2 2.3 2.4 2.5 2.6 2.7 2.8 2.9 3.  3.1 3.2 3.3 3.4 3.5
 3.6 3.7 3.8 3.9 4.  4.1 4.2 4.3 4.4]","[33.57365  34.029825 34.49015  34.95515  35.424825 35.899675 36.3802
 36.866375 37.3582   37.856175 38.3608   38.87205  39.389925 39.91495
 40.447625 40.987925 41.53585  42.0919   42.656075 43.228875 43.810275
 44.399775 44.997875 45.60455  46.219775 46.84355  47.475375 48.115225
 48.763075 49.418425 50.08075  50.750025 51.42625  52.108925 52.797525
 53.491525 54.190425 54.8942   55.60285  56.315875 57.032775 57.75305
 58.4767   59.203725 59.933625]","[0.78184615 0.79184615 0.81184615 0.82184615 0.83184615 0.84184615
 0.85184615 0.87184615 0.88184615 0.89184615 0.90184615 0.91184615
 0.93184615 0.94184615 0.95184615 0.97184615 0.98184615 1.00184615
 1.01184615 1.03184615 1.04184615 1.06184615 1.07184615 1.09184615
 1.10184615 1.12184615 1.13184615 1.14184615 1.16184615 1.17184615
 1.18184615 1.19184615 1.21184615 1.22184615 1.23184615 1.24184615
 1.25184615 1.27184615 1.28184615 1.29184615 1.30184615 1.32184615
 1.33184615 1.34184615 1.35184615]","[1603.57365  1604.029825 1604.49015  1604.95515  1605.424825 1605.899675
 1606.3802   1606.866375 1607.3582   1607.856175 1608.3608   1608.87205
 1609.389925 1609.91495  1610.447625 1610.987925 1611.53585  1612.0919
 1612.656075 1613.228875 1613.810275 1614.399775 1614.997875 1615.60455
 1616.219775 1616.84355  1617.475375 1618.115225 1618.763075 1619.418425
 1620.08075  1620.750025 1621.42625  1622.108925 1622.797525 1623.491525
 1624.190425 1624.8942   1625.60285  1626.315875 1627.032775 1627.75305
 1628.4767   1629.203725 1629.933625]","[157.75 157.76 157.78 157.79 157.8  157.81 157.82 157.84 157.85 157.86
 157.87 157.88 157.9  157.91 157.92 157.94 157.95 157.97 157.98 158.
 158.01 158.03 158.04 158.06 158.07 158.09 158.1  158.11 158.13 158.14
 158.15 158.16 158.18 158.19 158.2  158.21 158.22 158.24 158.25 158.26
 158.27 158.29 158.3  158.31 158.32]",1.5123785042015932e-07,6
