Vehicle_ID,ID,time,xloc,yloc,line_integral_values,maneuver
2698,2484,[4.2 4.3 4.4 4.5 4.6 4.7 4.8 4.9 5. ],"[1815.31015  1816.2579   1817.19455  1818.120625 1819.03615  1819.94115
 1820.83615  1821.72115  1822.596175]",[162.5  162.51 162.53 162.55 162.56 162.58 162.59 162.61 162.62],0.9593962595478985,6
