Vehicle_ID,ID,time,xloc,yloc,line_integral_values,maneuver
522,533,[4.  4.1 4.2 4.3 4.4 4.5 4.6 4.7 4.8 4.9 5. ],"[1830.272725 1830.7175   1831.165425 1831.615975 1832.0686   1832.5238
 1832.98315  1833.448225 1833.920075 1834.40025  1834.88925 ]","[162.22 162.2  162.18 162.16 162.14 162.13 162.11 162.1  162.09 162.07
 162.06]",2.812244049556128,6
