Vehicle_ID,ID,time,xloc,yloc,line_integral_values,maneuver
3,3,"[2.2 2.3 2.4 2.5 2.6 2.7 2.8 2.9 3.  3.1 3.2 3.3 3.4 3.5 3.6 3.7 3.8 3.9
 4.  4.1 4.2 4.3 4.4 4.5 4.6 4.7 4.8 4.9 5. ]","[1585.44845  1586.148275 1586.84505  1587.539825 1588.23265  1588.924025
 1589.61395  1590.301875 1590.986725 1591.66695  1592.3415   1593.0088
 1593.667275 1594.315375 1594.95105  1595.5738   1596.184175 1596.78225
 1597.369125 1597.9459   1598.514175 1599.075525 1599.630525 1600.180725
 1600.727125 1601.270225 1601.810025 1602.346    1602.8776  ]","[157.98 157.99 158.01 158.02 158.03 158.05 158.06 158.07 158.08 158.1
 158.11 158.12 158.13 158.14 158.15 158.16 158.17 158.19 158.2  158.21
 158.22 158.23 158.24 158.25 158.26 158.27 158.28 158.29 158.3 ]",5.574868400108504,6
