Vehicle_ID,ID,time,xloc,yloc,line_integral_values,maneuver
75,69,"[0.  0.1 0.2 0.3 0.4 0.5 0.6 0.7 0.8 0.9 1.  1.1 1.2 1.3 1.4 1.5 1.6 1.7
 1.8 1.9 2.  2.1 2.2 2.3 2.4 2.5 2.6 2.7 2.8 2.9 3.  3.1 3.2 3.3 3.4 3.5
 3.6 3.7 3.8 3.9 4.  4.1 4.2 4.3 4.4 4.5 4.6 4.7 4.8 4.9 5. ]","[1585.73315  1586.022025 1586.30245  1586.57495  1586.840575 1587.100875
 1587.3564   1587.6087   1587.859325 1588.109325 1588.359675 1588.609825
 1588.85975  1589.1094   1589.358225 1589.605675 1589.8512   1590.094775
 1590.335875 1590.57395  1590.809    1591.041075 1591.271225 1591.501
 1591.730925 1591.962025 1592.19535  1592.4309   1592.668625 1592.907975
 1593.148425 1593.38995  1593.632525 1593.87615  1594.12135  1594.369175
 1594.62015  1594.874775 1595.133575 1595.397075 1595.66575  1595.939575
 1596.218025 1596.501075 1596.7887   1597.080375 1597.3761   1597.676375
 1597.9812   1598.290075 1598.602975]","[157.59 157.6  157.6  157.61 157.61 157.62 157.63 157.63 157.64 157.65
 157.65 157.66 157.66 157.67 157.67 157.68 157.68 157.68 157.69 157.69
 157.69 157.7  157.7  157.71 157.71 157.72 157.72 157.73 157.73 157.74
 157.74 157.75 157.75 157.75 157.76 157.76 157.77 157.77 157.77 157.78
 157.78 157.78 157.78 157.79 157.79 157.79 157.79 157.79 157.8  157.8
 157.8 ]",12.02381272165433,6
