Vehicle_ID,ID,time,xloc,yloc,line_integral_values,maneuver
0,0,[1.9 2.  2.1 2.2 2.3 2.4 2.5 2.6 2.7 2.8 2.9 3.  3.1 3.2 3.3 3.4 3.5 3.6],"[1817.36595  1818.29775  1819.23105  1820.165325 1821.10055  1822.03675
 1822.973925 1823.91205  1824.85065  1825.789725 1826.72925  1827.669225
 1828.609675 1829.5501   1830.490975 1831.4323   1832.3736   1833.3149  ]","[162.68 162.69 162.71 162.72 162.73 162.74 162.75 162.76 162.77 162.78
 162.79 162.8  162.81 162.82 162.83 162.84 162.84 162.85]",0.7954853374277513,6
