Vehicle_ID,ID,time,xloc,yloc,old_xloc,old_yloc,line_integral_values,maneuver
0,3,"[0.8 0.9 1.  1.1 1.2 1.3 1.4 1.5 1.6 1.7 1.8 1.9 2.  2.1 2.2 2.3 2.4 2.5
 2.6 2.7 2.8 2.9 3.  3.1 3.2 3.3 3.4 3.5 3.6 3.7 3.8 3.9 4.  4.1 4.2 4.3
 4.4 4.5 4.6 4.7 4.8 4.9]","[1600.180725 1600.727125 1601.270225 1601.810025 1602.346    1602.8776
 1603.40425  1603.925925 1604.4421   1604.951725 1605.4543   1605.9498
 1606.437675 1606.9169   1607.386975 1607.8479   1608.2992   1608.741425
 1609.1756   1609.601775 1610.021525 1610.43695  1610.84965  1611.261675
 1611.6746   1612.090525 1612.512025 1612.941125 1613.378825 1613.825075
 1614.279275 1614.7403   1615.2065   1615.6747   1616.1422   1616.606875
 1617.066175 1617.51855  1617.964025 1618.4032   1618.837175 1619.268075]","[158.25 158.26 158.27 158.28 158.29 158.3  158.31 158.32 158.33 158.34
 158.35 158.35 158.36 158.37 158.37 158.38 158.39 158.4  158.4  158.41
 158.42 158.43 158.44 158.45 158.46 158.46 158.47 158.48 158.49 158.5
 158.5  158.51 158.51 158.52 158.53 158.53 158.54 158.55 158.56 158.56
 158.57 158.58]","[1600.180725 1600.727125 1601.270225 1601.810025 1602.346    1602.8776
 1603.40425  1603.925925 1604.4421   1604.951725 1605.4543   1605.9498
 1606.437675 1606.9169   1607.386975 1607.8479   1608.2992   1608.741425
 1609.1756   1609.601775 1610.021525 1610.43695  1610.84965  1611.261675
 1611.6746   1612.090525 1612.512025 1612.941125 1613.378825 1613.825075
 1614.279275 1614.7403   1615.2065   1615.6747   1616.1422   1616.606875
 1617.066175 1617.51855  1617.964025 1618.4032   1618.837175 1619.268075]","[158.25 158.26 158.27 158.28 158.29 158.3  158.31 158.32 158.33 158.34
 158.35 158.35 158.36 158.37 158.37 158.38 158.39 158.4  158.4  158.41
 158.42 158.43 158.44 158.45 158.46 158.46 158.47 158.48 158.49 158.5
 158.5  158.51 158.51 158.52 158.53 158.53 158.54 158.55 158.56 158.56
 158.57 158.58]",6.195866290022531e-06,6
