Vehicle_ID,ID,time,xloc,yloc,line_integral_values,maneuver
2017,2017,[1.1 1.2 1.3 1.4 1.5 1.6 1.7 1.8 1.9],"[1810.97995  1812.044025 1813.10455  1814.161025 1815.213975 1816.2634
 1817.308775 1818.350625 1819.38895 ]",[162.18 162.2  162.22 162.23 162.25 162.26 162.27 162.29 162.3 ],0.12453582503295361,6
