Vehicle_ID,ID,time,xloc,yloc,line_integral_values,maneuver
536,533,[4.3 4.4 4.5 4.6 4.7 4.8 4.9 5. ],"[1600.91395  1601.927175 1602.93235  1603.929475 1604.918075 1605.89815
 1606.869675 1607.83265  1608.7871   1609.732525 1610.6694   1611.59775
 1612.517075 1613.427875 1614.3307   1615.225575 1616.113    1616.994
 1617.869125 1618.7389   1619.603825 1620.464425 1621.321225 1622.174725
 1623.025925 1623.875325 1624.722925 1625.5687   1626.41265  1627.255275
 1628.09705  1628.93795  1629.777475]","[158.63 158.66 158.7  158.74 158.77 158.81 158.84 158.87 158.9  158.94
 158.97 159.   159.02 159.05 159.08 159.11 159.13 159.16 159.18 159.21
 159.24 159.26 159.29 159.31 159.34 159.36 159.38 159.41 159.43 159.45
 159.47 159.5  159.52]",0.06803516608049855,6
