Vehicle_ID,ID,time,xloc,yloc,line_integral_values,maneuver
2972,2484,"[2.4 2.5 2.6 2.7 2.8 2.9 3.  3.1 3.2 3.3 3.4 3.5 3.6 3.7 3.8 3.9 4.  4.1
 4.2 4.3 4.4 4.5 4.6 4.7 4.8 4.9 5. ]","[1600.72895  1601.6113   1602.506275 1603.414375 1604.335575 1605.26985
 1606.2167   1607.176125 1608.1486   1609.1336   1610.130625 1611.13965
 1612.16065  1613.193125 1614.23655  1615.290925 1616.35625  1617.432525
 1618.51925  1619.6159   1620.72245  1621.837875 1622.96115  1624.09225
 1625.230125 1626.37375  1627.522625 1628.67575  1629.832625]","[157.51 157.54 157.56 157.59 157.62 157.64 157.67 157.7  157.72 157.75
 157.78 157.81 157.84 157.87 157.9  157.93 157.96 157.99 158.02 158.05
 158.08 158.11 158.14 158.16 158.19 158.22 158.24 158.27 158.29]",0.8254333604694368,6
