Vehicle_ID,ID,time,xloc,yloc,line_integral_values,maneuver
899,732,"[0.  0.1 0.2 0.3 0.4 0.5 0.6 0.7 0.8 0.9 1.  1.1 1.2 1.3 1.4 1.5 1.6 1.7
 1.8 1.9 2.  2.1 2.2 2.3 2.4 2.5 2.6 2.7 2.8 2.9 3.  3.1 3.2 3.3 3.4 3.5
 3.6 3.7 3.8 3.9 4.  4.1 4.2 4.3 4.4 4.5 4.6 4.7 4.8 4.9 5. ]","[1600.16825  1600.358625 1600.55155  1600.747025 1600.94505  1601.1456
 1601.349175 1601.5558   1601.764975 1601.976675 1602.1914   1602.40915
 1602.6299   1602.85315  1603.078925 1603.307225 1603.538025 1603.771825
 1604.008125 1604.246925 1604.48875  1604.7336   1604.981475 1605.232875
 1605.4878   1605.746275 1606.0083   1606.27385  1606.543425 1606.81655
 1607.0932   1607.373875 1607.658075 1607.945775 1608.236975 1608.53115
 1608.827775 1609.12635  1609.42685  1609.72875  1610.03205  1610.33675
 1610.64185  1610.94735  1611.25325  1611.55905  1611.865275 1612.17195
 1612.478575 1612.78565 ]","[157.33 157.34 157.34 157.34 157.34 157.35 157.35 157.35 157.35 157.35
 157.35 157.35 157.35 157.35 157.35 157.35 157.35 157.35 157.34 157.34
 157.34 157.34 157.34 157.34 157.34 157.34 157.34 157.34 157.35 157.35
 157.35 157.35 157.35 157.36 157.36 157.36 157.36 157.37 157.37 157.38
 157.38 157.38 157.39 157.39 157.4  157.4  157.41 157.41 157.42 157.42]",0.0004571020661266304,6
