Vehicle_ID,ID,time,xloc,yloc,line_integral_values,maneuver
3926,2592,[2.4 2.5 2.6 2.7 2.8 2.9 3.  3.1 3.2 3.3 3.4],"[1800.4336   1801.379175 1802.3178   1803.249475 1804.174725 1805.094075
 1806.008025 1806.917075 1807.82125  1808.7216   1809.618625]","[161.81 161.82 161.84 161.85 161.87 161.88 161.9  161.91 161.93 161.94
 161.95]",0.4116081752862807,6
