Vehicle_ID,ID,time,xloc,yloc,line_integral_values,maneuver
2841,2841,[1.7 1.8 1.9 2.  2.1 2.2 2.3 2.4 2.5 2.6 2.7 2.8 2.9 3.  3.1 3.2 3.3 3.4],"[1815.2266   1816.107175 1816.980275 1817.8459   1818.705075 1819.557825
 1820.40365  1821.243    1822.075875 1822.9023   1823.722275 1824.5358
 1825.34285  1826.143425 1826.93805  1827.726725 1828.50945  1829.286225]","[162.2  162.21 162.22 162.23 162.23 162.24 162.24 162.25 162.25 162.26
 162.26 162.26 162.26 162.26 162.26 162.26 162.26 162.26]",0.10416688737571092,6
