Vehicle_ID,ID,time,xloc,yloc,line_integral_values,maneuver
1062,0,"[0.  0.1 0.2 0.3 0.4 0.5 0.6 0.7 0.8 0.9 1.  1.1 1.2 1.3 1.4 1.5 1.6 1.7
 1.8 1.9 2.  2.1 2.2 2.3 2.4 2.5 2.6 2.7 2.8 2.9 3.  3.1 3.2 3.3 3.4 3.5
 3.6 3.7 3.8 3.9 4.  4.1 4.2 4.3 4.4 4.5 4.6 4.7 4.8 4.9 5. ]","[2161.36395  2162.071875 2162.777825 2163.48175  2164.18315  2164.88205
 2165.578425 2166.27175  2166.96255  2167.65085  2168.336125 2169.018875
 2169.69965  2170.37845  2171.055275 2171.73015  2172.403575 2173.076075
 2173.74765  2174.418275 2175.088475 2175.75825  2176.427575 2177.09645
 2177.764875 2178.43285  2179.100375 2179.767925 2180.4355   2181.102625
 2181.7693   2182.436525 2183.1043   2183.772125 2184.4405   2185.109925
 2185.780425 2186.452    2187.12465  2187.798875 2188.475175 2189.153575
 2189.83405  2190.516575 2191.201175 2191.88785  2192.577075 2193.26885
 2193.962675 2194.658525 2195.3569  ]","[139.84 139.78 139.72 139.66 139.6  139.54 139.48 139.42 139.36 139.3
 139.24 139.18 139.12 139.06 139.   138.94 138.88 138.82 138.76 138.7
 138.64 138.58 138.52 138.46 138.41 138.35 138.29 138.24 138.18 138.13
 138.07 138.02 137.96 137.91 137.86 137.8  137.75 137.7  137.65 137.6
 137.55 137.5  137.45 137.4  137.35 137.31 137.26 137.21 137.16 137.12
 137.07]",0.0,6
