Vehicle_ID,ID,time,xloc,yloc,line_integral_values,maneuver
2698,2636,"[0.3 0.4 0.5 0.6 0.7 0.8 0.9 1.  1.1 1.2 1.3 1.4 1.5 1.6 1.7 1.8 1.9 2.
 2.1 2.2 2.3 2.4 2.5 2.6 2.7 2.8 2.9 3.  3.1 3.2 3.3 3.4 3.5 3.6 3.7 3.8
 3.9 4.  4.1 4.2 4.3 4.4 4.5 4.6 4.7 4.8 4.9 5. ]","[1840.03885  1840.94975  1841.849575 1842.738825 1843.6175   1844.485625
 1845.3437   1846.19125  1847.0283   1847.855325 1848.672325 1849.479325
 1850.276325 1851.063325 1851.840325 1852.607325 1853.364325 1854.11185
 1854.8499   1855.577975 1856.296575 1857.0062   1857.706875 1858.3991
 1859.0829   1859.758275 1860.4257   1861.0852   1861.7373   1862.381975
 1863.019225 1863.649575 1864.273025 1864.890075 1865.501225 1866.10595
 1866.70425  1867.29715  1867.88465  1868.46675  1869.04395  1869.61625
 1870.18415  1870.747675 1871.306825 1871.862575 1872.41495  1872.963975]","[162.36 162.36 162.36 162.36 162.36 162.36 162.36 162.36 162.36 162.36
 162.36 162.35 162.35 162.35 162.35 162.35 162.35 162.34 162.34 162.34
 162.34 162.33 162.33 162.33 162.32 162.32 162.31 162.31 162.3  162.3
 162.29 162.29 162.28 162.28 162.27 162.26 162.26 162.25 162.24 162.24
 162.23 162.22 162.21 162.2  162.2  162.19 162.17 162.16]",11.332186330632355,6
