Vehicle_ID,ID,time,xloc,yloc,line_integral_values,maneuver
94,94,"[1.4 1.5 1.6 1.7 1.8 1.9 2.  2.1 2.2 2.3 2.4 2.5 2.6 2.7 2.8 2.9 3.  3.1
 3.2 3.3 3.4 3.5 3.6 3.7 3.8 3.9 4.  4.1 4.2 4.3 4.4 4.5 4.6 4.7 4.8 4.9
 5. ]","[1585.088825 1586.163425 1587.23295  1588.297925 1589.35835  1590.413725
 1591.46405  1592.508825 1593.54805  1594.58225  1595.611425 1596.636075
 1597.656225 1598.671375 1599.681525 1600.68665  1601.686725 1602.681275
 1603.6698   1604.65225  1605.628625 1606.598425 1607.561125 1608.516225
 1609.4632   1610.40205  1611.3328   1612.255425 1613.169425 1614.074325
 1614.9701   1615.85625  1616.7328   1617.59975  1618.4566   1619.30385
 1620.141525]","[158.03 158.05 158.07 158.1  158.12 158.14 158.16 158.18 158.2  158.22
 158.24 158.26 158.28 158.3  158.32 158.34 158.36 158.38 158.4  158.42
 158.44 158.46 158.47 158.49 158.51 158.53 158.55 158.56 158.58 158.6
 158.61 158.63 158.65 158.66 158.68 158.7  158.71]",3.6461859836940005,6
