Vehicle_ID,ID,time,xloc,yloc,line_integral_values,maneuver
1836,2290,[4.7 4.8 4.9 5. ],[1817.6544   1818.65185  1819.647325 1820.640875],[162.89 162.9  162.91 162.92],0.47850628989513483,6
