Vehicle_ID,ID,time,xloc,yloc,line_integral_values,maneuver
522,510,"[2.8 2.9 3.  3.1 3.2 3.3 3.4 3.5 3.6 3.7 3.8 3.9 4.  4.1 4.2 4.3 4.4 4.5
 4.6 4.7 4.8 4.9 5. ]","[1085.408125 1086.167025 1086.9029   1087.6147   1088.3024   1088.96705
 1089.610775 1090.236275 1090.8483   1091.453125 1092.056525 1092.664725
 1093.2839   1093.918675 1094.5731   1095.25015  1095.9512   1096.676075
 1097.4236   1098.192525 1098.9806   1099.7846   1100.601775]","[159.18 159.21 159.23 159.25 159.28 159.3  159.32 159.34 159.36 159.38
 159.41 159.43 159.45 159.48 159.5  159.53 159.56 159.58 159.61 159.64
 159.66 159.69 159.72]",0.34620854417934205,6
