Vehicle_ID,ID,time,xloc,yloc,line_integral_values,maneuver
537,537,[1.  1.1 1.2 1.3 1.4 1.5 1.6 1.7 1.8],"[1800.20905  1801.281875 1802.359275 1803.44175  1804.5293   1805.621925
 1806.7201   1807.823825 1808.9326  ]",[162.17 162.19 162.22 162.25 162.27 162.3  162.32 162.35 162.37],0.24765149380840668,6
