Vehicle_ID,ID,time,xloc,yloc,old_xloc,old_yloc,line_integral_values,maneuver
2170,2090,"[1.3 1.4 1.5 1.6 1.7 1.8 1.9 2.  2.1 2.2 2.3 2.4 2.5 2.6 2.7 2.8 2.9 3.
 3.1 3.2 3.3 3.4 3.5 3.6 3.7 3.8 3.9 4.  4.1 4.2 4.3 4.4 4.5 4.6 4.7]","[30.585475 31.3139   32.049375 32.7919   33.541475 34.2981   35.061775
 35.8325   36.610775 37.3966   38.189475 38.9899   39.797875 40.613375
 41.4364   42.266975 43.105575 43.9517   44.80535  45.6665   46.535175
 47.411375 48.295075 49.186275 50.084975 50.991175 51.904375 52.825075
 53.753275 54.68845  55.6306   56.58025  57.5374   58.502075 59.474275]","[0.87184615 0.89184615 0.91184615 0.92184615 0.94184615 0.96184615
 0.98184615 1.00184615 1.02184615 1.04184615 1.06184615 1.08184615
 1.10184615 1.12184615 1.14184615 1.16184615 1.18184615 1.20184615
 1.22184615 1.24184615 1.27184615 1.29184615 1.31184615 1.33184615
 1.35184615 1.37184615 1.40184615 1.42184615 1.44184615 1.46184615
 1.48184615 1.51184615 1.53184615 1.55184615 1.58184615]","[1600.585475 1601.3139   1602.049375 1602.7919   1603.541475 1604.2981
 1605.061775 1605.8325   1606.610775 1607.3966   1608.189475 1608.9899
 1609.797875 1610.613375 1611.4364   1612.266975 1613.105575 1613.9517
 1614.80535  1615.6665   1616.535175 1617.411375 1618.295075 1619.186275
 1620.084975 1620.991175 1621.904375 1622.825075 1623.753275 1624.68845
 1625.6306   1626.58025  1627.5374   1628.502075 1629.474275]","[157.84 157.86 157.88 157.89 157.91 157.93 157.95 157.97 157.99 158.01
 158.03 158.05 158.07 158.09 158.11 158.13 158.15 158.17 158.19 158.21
 158.24 158.26 158.28 158.3  158.32 158.34 158.37 158.39 158.41 158.43
 158.45 158.48 158.5  158.52 158.55]",8.200198952987362e-297,6
