Vehicle_ID,ID,time,xloc,yloc,old_xloc,old_yloc,line_integral_values,maneuver
972,899,"[0.3 0.4 0.5 0.6 0.7 0.8 0.9 1.  1.1 1.2 1.3 1.4 1.5 1.6 1.7 1.8 1.9 2.
 2.1 2.2 2.3 2.4 2.5 2.6 2.7 2.8 2.9 3.  3.1 3.2 3.3 3.4 3.5 3.6 3.7 3.8
 3.9 4.  4.1 4.2 4.3 4.4 4.5 4.6 4.7 4.8 4.9 5. ]","[30.242475 30.686125 31.135275 31.589425 32.04855  32.51265  32.981725
 33.45525  33.93325  34.415725 34.90215  35.39305  35.888425 36.38775
 36.89105  37.398325 37.90955  38.4242   38.941775 39.462275 39.985175
 40.509975 41.036675 41.565275 42.09525  42.6261   43.157325 43.688425
 44.2194   44.75025  45.280975 45.811075 46.34005  46.8679   47.39465
 47.9203   48.444875 48.968375 49.4908   50.012175 50.531975 51.0502
 51.567375 52.083025 52.59715  53.109725 53.62075  54.130225]","[0.84184615 0.84184615 0.84184615 0.84184615 0.84184615 0.84184615
 0.84184615 0.84184615 0.83184615 0.83184615 0.83184615 0.83184615
 0.83184615 0.83184615 0.83184615 0.83184615 0.83184615 0.83184615
 0.83184615 0.84184615 0.84184615 0.84184615 0.84184615 0.85184615
 0.85184615 0.86184615 0.86184615 0.87184615 0.87184615 0.88184615
 0.89184615 0.90184615 0.91184615 0.92184615 0.93184615 0.94184615
 0.95184615 0.96184615 0.97184615 0.98184615 1.00184615 1.01184615
 1.02184615 1.03184615 1.05184615 1.06184615 1.07184615 1.09184615]","[1600.242475 1600.686125 1601.135275 1601.589425 1602.04855  1602.51265
 1602.981725 1603.45525  1603.93325  1604.415725 1604.90215  1605.39305
 1605.888425 1606.38775  1606.89105  1607.398325 1607.90955  1608.4242
 1608.941775 1609.462275 1609.985175 1610.509975 1611.036675 1611.565275
 1612.09525  1612.6261   1613.157325 1613.688425 1614.2194   1614.75025
 1615.280975 1615.811075 1616.34005  1616.8679   1617.39465  1617.9203
 1618.444875 1618.968375 1619.4908   1620.012175 1620.531975 1621.0502
 1621.567375 1622.083025 1622.59715  1623.109725 1623.62075  1624.130225]","[157.81 157.81 157.81 157.81 157.81 157.81 157.81 157.81 157.8  157.8
 157.8  157.8  157.8  157.8  157.8  157.8  157.8  157.8  157.8  157.81
 157.81 157.81 157.81 157.82 157.82 157.83 157.83 157.84 157.84 157.85
 157.86 157.87 157.88 157.89 157.9  157.91 157.92 157.93 157.94 157.95
 157.97 157.98 157.99 158.   158.02 158.03 158.04 158.06]",1.5322469355643727e-05,6
