Vehicle_ID,ID,time,xloc,yloc,line_integral_values,maneuver
899,899,[1.  1.1 1.2 1.3 1.4 1.5 1.6 1.7],"[1811.0858   1812.23765  1813.3904   1814.54405  1815.6986   1816.854075
 1818.0105   1819.167875]",[162.18 162.2  162.21 162.22 162.23 162.24 162.25 162.26],0.05263455167819764,6
