Vehicle_ID,ID,time,xloc,yloc,line_integral_values,maneuver
2170,2170,"[2.  2.1 2.2 2.3 2.4 2.5 2.6 2.7 2.8 2.9 3.  3.1 3.2 3.3 3.4 3.5 3.6 3.7
 3.8 3.9 4.  4.1 4.2 4.3 4.4 4.5 4.6 4.7 4.8 4.9 5. ]","[1980.3765   1981.165075 1981.950575 1982.733    1983.511875 1984.287175
 1985.0594   1985.828075 1986.592675 1987.3532   1988.109675 1988.862075
 1989.6099   1990.35315  1991.091825 1991.825425 1992.553925 1993.27685
 1993.9942   1994.70595  1995.4116   1996.111175 1996.804175 1997.490575
 1998.1704   1998.84315  1999.509325 2000.168925 2000.82145  2001.466925
 2002.10585 ]","[155.45 155.38 155.31 155.24 155.17 155.1  155.03 154.96 154.89 154.81
 154.74 154.67 154.6  154.53 154.46 154.39 154.32 154.25 154.18 154.11
 154.05 153.98 153.91 153.85 153.78 153.72 153.65 153.59 153.52 153.46
 153.4 ]",5.4738020000901776e-05,6
