Vehicle_ID,ID,time,xloc,yloc,line_integral_values,maneuver
2735,2735,"[0.6 0.7 0.8 0.9 1.  1.1 1.2 1.3 1.4 1.5 1.6 1.7 1.8 1.9 2.  2.1 2.2 2.3
 2.4 2.5 2.6 2.7 2.8 2.9 3.  3.1 3.2 3.3 3.4 3.5 3.6 3.7 3.8 3.9]","[1805.436525 1806.463825 1807.48875  1808.5118   1809.532975 1810.5528
 1811.571775 1812.5904   1813.608675 1814.6271   1815.646175 1816.665925
 1817.68735  1818.71095  1819.73725  1820.76675  1821.79945  1822.83585
 1823.87645  1824.921225 1825.970675 1827.025325 1828.08515  1829.150125
 1830.22075  1831.297525 1832.37995  1833.468    1834.56215  1835.6624
 1836.76875  1837.8812   1838.999725 1840.1243  ]","[161.95 161.94 161.92 161.91 161.89 161.87 161.84 161.82 161.79 161.76
 161.73 161.69 161.65 161.61 161.56 161.52 161.47 161.41 161.36 161.3
 161.24 161.18 161.12 161.05 160.99 160.92 160.85 160.78 160.71 160.64
 160.57 160.49 160.42 160.35]",0.9323063919532719,6
