Vehicle_ID,ID,time,xloc,yloc,line_integral_values,maneuver
2698,2698,"[2.1 2.2 2.3 2.4 2.5 2.6 2.7 2.8 2.9 3.  3.1 3.2 3.3 3.4 3.5 3.6 3.7 3.8
 3.9 4.  4.1 4.2 4.3 4.4 4.5 4.6 4.7 4.8 4.9 5. ]","[1910.0477   1910.8281   1911.611    1912.3969   1913.1858   1913.978225
 1914.7742   1915.573725 1916.377825 1917.18705  1918.0019   1918.8234
 1919.6521   1920.489025 1921.335725 1922.19325  1923.063175 1923.947525
 1924.847825 1925.76515  1926.701025 1927.656925 1928.63385  1929.632275
 1930.65215  1931.6929   1932.753925 1933.83465  1934.934    1936.050925]","[161.05 161.01 160.96 160.92 160.88 160.83 160.78 160.74 160.69 160.64
 160.59 160.54 160.49 160.43 160.38 160.32 160.26 160.2  160.14 160.08
 160.02 159.96 159.89 159.82 159.76 159.68 159.61 159.54 159.46 159.38]",0.6836020689036935,6
