Vehicle_ID,ID,time,xloc,yloc,line_integral_values,maneuver
2735,2735,[1.1 1.2 1.3 1.4 1.5 1.6 1.7 1.8 1.9 2. ],"[1810.5528   1811.571775 1812.5904   1813.608675 1814.6271   1815.646175
 1816.665925 1817.68735  1818.71095  1819.73725 ]",[161.87 161.84 161.82 161.79 161.76 161.73 161.69 161.65 161.61 161.56],0.9633051896882969,6
