Vehicle_ID,ID,time,xloc,yloc,line_integral_values,maneuver
1046,1961,[3.9 4.  4.1 4.2 4.3 4.4 4.5 4.6 4.7 4.8 4.9 5. ],"[1818.090125 1819.2564   1820.42165  1821.585875 1822.74905  1823.9112
 1825.072325 1826.232425 1827.3915   1828.54905  1829.705075 1830.85955 ]","[162.56 162.58 162.59 162.6  162.61 162.63 162.64 162.65 162.66 162.67
 162.68 162.7 ]",0.2488487940674399,6
