Vehicle_ID,ID,time,xloc,yloc,line_integral_values,maneuver
3,3,[1.2 1.3 1.4 1.5 1.6 1.7 1.8 1.9 2.  2.1 2.2],"[1800.127825 1801.039925 1801.9525   1802.865    1803.777425 1804.6898
 1805.6016   1806.512825 1807.423475 1808.33305  1809.24155 ]","[162.13 162.14 162.16 162.18 162.2  162.22 162.24 162.25 162.27 162.29
 162.31]",0.2288733462629584,6
