Vehicle_ID,ID,time,xloc,yloc,line_integral_values,maneuver
2972,2972,[3.7 3.8 3.9 4.  4.1 4.2 4.3 4.4 4.5 4.6 4.7 4.8 4.9 5. ],"[1830.0695   1830.826075 1831.5807   1832.333375 1833.083575 1833.830775
 1834.57545  1835.3171   1836.055225 1836.790325 1837.5219   1838.249925
 1838.9744   1839.69535 ]","[162.57 162.58 162.58 162.59 162.6  162.61 162.61 162.62 162.62 162.63
 162.63 162.64 162.64 162.64]",2.2518622655656353,6
