Vehicle_ID,ID,time,xloc,yloc,old_xloc,old_yloc,line_integral_values,maneuver
52,69,"[0.  0.1 0.2 0.3 0.4 0.5 0.6 0.7 0.8 0.9 1.  1.1 1.2 1.3 1.4 1.5 1.6 1.7
 1.8 1.9 2.  2.1 2.2 2.3 2.4 2.5 2.6 2.7 2.8 2.9 3.  3.1 3.2 3.3 3.4 3.5
 3.6 3.7 3.8 3.9 4.  4.1 4.2 4.3 4.4 4.5]","[40.08795  40.473125 40.8624   41.2563   41.6553   42.0589   42.467075
 42.8793   43.29505  43.7148   44.138575 44.5664   44.998775 45.4357
 45.877175 46.3237   46.77475  47.229775 47.68775  48.147625 48.60885
 49.070925 49.533325 49.995525 50.45705  50.9174   51.376575 51.8346
 52.2915   52.7473   53.202525 53.6572   54.1108   54.5633   55.013675
 55.4609   55.90495  56.345325 56.781525 57.213575 57.64205  58.068
 58.492475 58.917075 59.343375 59.7719  ]","[0.95184615 0.96184615 0.97184615 0.98184615 0.99184615 1.00184615
 1.01184615 1.01184615 1.02184615 1.03184615 1.04184615 1.05184615
 1.05184615 1.06184615 1.07184615 1.08184615 1.08184615 1.09184615
 1.10184615 1.11184615 1.12184615 1.13184615 1.14184615 1.15184615
 1.16184615 1.17184615 1.18184615 1.19184615 1.20184615 1.21184615
 1.22184615 1.23184615 1.24184615 1.25184615 1.25184615 1.26184615
 1.27184615 1.28184615 1.29184615 1.30184615 1.30184615 1.31184615
 1.32184615 1.34184615 1.35184615 1.36184615]","[1610.08795  1610.473125 1610.8624   1611.2563   1611.6553   1612.0589
 1612.467075 1612.8793   1613.29505  1613.7148   1614.138575 1614.5664
 1614.998775 1615.4357   1615.877175 1616.3237   1616.77475  1617.229775
 1617.68775  1618.147625 1618.60885  1619.070925 1619.533325 1619.995525
 1620.45705  1620.9174   1621.376575 1621.8346   1622.2915   1622.7473
 1623.202525 1623.6572   1624.1108   1624.5633   1625.013675 1625.4609
 1625.90495  1626.345325 1626.781525 1627.213575 1627.64205  1628.068
 1628.492475 1628.917075 1629.343375 1629.7719  ]","[157.92 157.93 157.94 157.95 157.96 157.97 157.98 157.98 157.99 158.
 158.01 158.02 158.02 158.03 158.04 158.05 158.05 158.06 158.07 158.08
 158.09 158.1  158.11 158.12 158.13 158.14 158.15 158.16 158.17 158.18
 158.19 158.2  158.21 158.22 158.22 158.23 158.24 158.25 158.26 158.27
 158.27 158.28 158.29 158.31 158.32 158.33]",0.7334766228386368,6
