Vehicle_ID,ID,time,xloc,yloc,line_integral_values,maneuver
82,91,"[0.8 0.9 1.  1.1 1.2 1.3 1.4 1.5 1.6 1.7 1.8 1.9 2.  2.1 2.2 2.3 2.4 2.5
 2.6 2.7 2.8 2.9 3.  3.1 3.2 3.3 3.4 3.5 3.6 3.7 3.8 3.9 4.  4.1 4.2 4.3
 4.4 4.5 4.6 4.7 4.8 4.9 5. ]","[1840.09385  1840.794475 1841.473325 1842.127825 1842.75545  1843.3558
 1843.93055  1844.4819   1845.013075 1845.5273   1846.02775  1846.51755
 1846.9983   1847.47155  1847.938775 1848.399925 1848.85445  1849.302275
 1849.742325 1850.1735   1850.5952   1851.005875 1851.4045   1851.791575
 1852.167625 1852.5332   1852.889375 1853.237725 1853.5798   1853.91665
 1854.2493   1854.578775 1854.906625 1855.234925 1855.56735  1855.909675
 1856.268125 1856.64735  1857.049875 1857.4771   1857.927825 1858.39925
 1858.887075]","[162.07 162.07 162.08 162.08 162.08 162.08 162.09 162.09 162.09 162.09
 162.1  162.1  162.1  162.1  162.11 162.11 162.11 162.12 162.12 162.13
 162.13 162.14 162.14 162.15 162.15 162.16 162.16 162.17 162.17 162.18
 162.18 162.19 162.2  162.2  162.21 162.22 162.23 162.23 162.24 162.25
 162.25 162.26 162.27]",3.0178183416313566,6
