Vehicle_ID,ID,time,xloc,yloc,line_integral_values,maneuver
85,85,[1.9 2.  2.1 2.2 2.3 2.4 2.5 2.6 2.7 2.8 2.9 3.  3.1],"[1800.613425 1801.35545  1802.107175 1802.867025 1803.63345  1804.404925
 1805.18045  1805.96005  1806.7438   1807.53175  1808.324425 1809.121375
 1809.9221  ]","[162.01 162.02 162.04 162.05 162.06 162.07 162.08 162.1  162.11 162.12
 162.13 162.14 162.16]",0.21376497718079204,6
