Vehicle_ID,ID,time,xloc,yloc,old_xloc,old_yloc,line_integral_values,maneuver
61,52,"[0.  0.1 0.2 0.3 0.4 0.5 0.6 0.7 0.8 0.9 1.  1.1 1.2 1.3 1.4 1.5 1.6 1.7
 1.8 1.9 2.  2.1 2.2 2.3 2.4 2.5 2.6 2.7 2.8 2.9 3.  3.1 3.2 3.3 3.4 3.5
 3.6 3.7 3.8 3.9 4.  4.1 4.2 4.3 4.4]","[1607.878325 1608.3935   1608.90865  1609.4238   1609.93945  1610.4556
 1610.97175  1611.487875 1612.00345  1612.517425 1613.029275 1613.538475
 1614.044    1614.545875 1615.044625 1615.540825 1616.03605  1616.531375
 1617.02785  1617.5265   1618.02735  1618.53035  1619.03545  1619.542125
 1620.0493   1620.555925 1621.060425 1621.56175  1622.059925 1622.55545
 1623.048375 1623.53875  1624.0276   1624.516    1625.005525 1625.497225
 1625.991625 1626.4892   1626.9889   1627.48965  1627.9909   1628.4916
 1628.9912   1629.489725 1629.987725]","[158.45 158.47 158.49 158.51 158.53 158.55 158.57 158.58 158.6  158.62
 158.63 158.65 158.66 158.68 158.69 158.71 158.72 158.74 158.75 158.76
 158.78 158.79 158.8  158.82 158.83 158.84 158.85 158.86 158.87 158.88
 158.88 158.89 158.89 158.9  158.9  158.9  158.91 158.91 158.91 158.91
 158.92 158.92 158.92 158.92 158.93]","[1607.878325 1608.3935   1608.90865  1609.4238   1609.93945  1610.4556
 1610.97175  1611.487875 1612.00345  1612.517425 1613.029275 1613.538475
 1614.044    1614.545875 1615.044625 1615.540825 1616.03605  1616.531375
 1617.02785  1617.5265   1618.02735  1618.53035  1619.03545  1619.542125
 1620.0493   1620.555925 1621.060425 1621.56175  1622.059925 1622.55545
 1623.048375 1623.53875  1624.0276   1624.516    1625.005525 1625.497225
 1625.991625 1626.4892   1626.9889   1627.48965  1627.9909   1628.4916
 1628.9912   1629.489725 1629.987725]","[158.45 158.47 158.49 158.51 158.53 158.55 158.57 158.58 158.6  158.62
 158.63 158.65 158.66 158.68 158.69 158.71 158.72 158.74 158.75 158.76
 158.78 158.79 158.8  158.82 158.83 158.84 158.85 158.86 158.87 158.88
 158.88 158.89 158.89 158.9  158.9  158.9  158.91 158.91 158.91 158.91
 158.92 158.92 158.92 158.92 158.93]",1.361562158659753e-08,6
