Vehicle_ID,ID,time,xloc,yloc,line_integral_values,maneuver
61,3,[4.2 4.3 4.4 4.5 4.6 4.7 4.8 4.9 5. ],"[1335.62295  1336.69695  1337.76035  1338.813175 1339.854925 1340.8861
 1341.9067   1342.916225 1343.9147  ]",[159.26 159.24 159.22 159.2  159.19 159.17 159.15 159.13 159.11],0.14752581072393048,6
