Vehicle_ID,ID,time,xloc,yloc,old_xloc,old_yloc,line_integral_values,maneuver
94,94,"[2.9 3.  3.1 3.2 3.3 3.4 3.5 3.6 3.7 3.8 3.9 4.  4.1 4.2 4.3 4.4 4.5 4.6
 4.7 4.8 4.9 5. ]","[30.68665  31.686725 32.681275 33.6698   34.65225  35.628625 36.598425
 37.561125 38.516225 39.4632   40.40205  41.3328   42.255425 43.169425
 44.074325 44.9701   45.85625  46.7328   47.59975  48.4566   49.30385
 50.141525]","[1.37184615 1.39184615 1.41184615 1.43184615 1.45184615 1.47184615
 1.49184615 1.50184615 1.52184615 1.54184615 1.56184615 1.58184615
 1.59184615 1.61184615 1.63184615 1.64184615 1.66184615 1.68184615
 1.69184615 1.71184615 1.73184615 1.74184615]","[1600.68665  1601.686725 1602.681275 1603.6698   1604.65225  1605.628625
 1606.598425 1607.561125 1608.516225 1609.4632   1610.40205  1611.3328
 1612.255425 1613.169425 1614.074325 1614.9701   1615.85625  1616.7328
 1617.59975  1618.4566   1619.30385  1620.141525]","[158.34 158.36 158.38 158.4  158.42 158.44 158.46 158.47 158.49 158.51
 158.53 158.55 158.56 158.58 158.6  158.61 158.63 158.65 158.66 158.68
 158.7  158.71]",0.0,6
