Vehicle_ID,ID,time,xloc,yloc,line_integral_values,maneuver
94,85,[4.1 4.2 4.3 4.4 4.5 4.6 4.7 4.8 4.9 5. ],"[1800.613425 1801.35545  1802.107175 1802.867025 1803.63345  1804.404925
 1805.18045  1805.96005  1806.7438   1807.53175 ]",[162.01 162.02 162.04 162.05 162.06 162.07 162.08 162.1  162.11 162.12],0.21376486197510264,6
