ID,time,xloc,yloc,old_xloc,old_yloc,line_integral_values,maneuver
0,"[0.  0.1 0.2 0.3 0.4 0.5 0.6 0.7 0.8 0.9 1.  1.1 1.2 1.3 1.4 1.5 1.6 1.7
 1.8 1.9 2.  2.1 2.2 2.3 2.4 2.5 2.6 2.7 2.8 2.9 3.  3.1 3.2 3.3 3.4 3.5
 3.6 3.7 3.8 3.9 4.  4.1 4.2 4.3 4.4 4.5 4.6 4.7 4.8 4.9 5. ]","[-14099.71475  -14099.162925 -14098.6167   -14098.07495  -14097.535575
 -14096.997    -14096.458175 -14095.917575 -14095.3752   -14094.831075
 -14094.284725 -14093.736175 -14093.185975 -14092.6352   -14092.084375
 -14091.533525 -14090.9832   -14090.43445  -14089.88885  -14089.34745
 -14088.810775 -14088.280375 -14087.7578   -14087.244075 -14086.7397
 -14086.24515  -14085.7609   -14085.2864   -14084.8211   -14084.36445
 -14083.915875 -14083.47535  -14083.042875 -14082.61845  -14082.202075
 -14081.7943   -14081.3967   -14081.010825 -14080.637725 -14080.27895
 -14079.936025 -14079.61     -14079.3019   -14079.012175 -14078.7408
 -14078.48775  -14078.252425 -14078.033725 -14077.830575 -14077.641375
 -14077.464025]","[-2.31 -2.3  -2.28 -2.27 -2.26 -2.25 -2.23 -2.22 -2.21 -2.2  -2.19 -2.18
 -2.17 -2.16 -2.15 -2.15 -2.14 -2.13 -2.12 -2.11 -2.1  -2.1  -2.09 -2.08
 -2.08 -2.07 -2.07 -2.06 -2.05 -2.05 -2.04 -2.04 -2.03 -2.03 -2.02 -2.02
 -2.01 -2.01 -2.   -2.   -1.99 -1.98 -1.98 -1.97 -1.97 -1.96 -1.95 -1.95
 -1.94 -1.94 -1.93]","[-12529.71475  -12529.162925 -12528.6167   -12528.07495  -12527.535575
 -12526.997    -12526.458175 -12525.917575 -12525.3752   -12524.831075
 -12524.284725 -12523.736175 -12523.185975 -12522.6352   -12522.084375
 -12521.533525 -12520.9832   -12520.43445  -12519.88885  -12519.34745
 -12518.810775 -12518.280375 -12517.7578   -12517.244075 -12516.7397
 -12516.24515  -12515.7609   -12515.2864   -12514.8211   -12514.36445
 -12513.915875 -12513.47535  -12513.042875 -12512.61845  -12512.202075
 -12511.7943   -12511.3967   -12511.010825 -12510.637725 -12510.27895
 -12509.936025 -12509.61     -12509.3019   -12509.012175 -12508.7408
 -12508.48775  -12508.252425 -12508.033725 -12507.830575 -12507.641375
 -12507.464025]","[-1.28 -1.27 -1.25 -1.24 -1.23 -1.22 -1.2  -1.19 -1.18 -1.17 -1.16 -1.15
 -1.14 -1.13 -1.12 -1.12 -1.11 -1.1  -1.09 -1.08 -1.07 -1.07 -1.06 -1.05
 -1.05 -1.04 -1.04 -1.03 -1.02 -1.02 -1.01 -1.01 -1.   -1.   -0.99 -0.99
 -0.98 -0.98 -0.97 -0.97 -0.96 -0.95 -0.95 -0.94 -0.94 -0.93 -0.92 -0.92
 -0.91 -0.91 -0.9 ]",0.0,6
