Vehicle_ID,ID,time,xloc,yloc,line_integral_values,maneuver
533,522,[4.1 4.2 4.3 4.4 4.5 4.6 4.7 4.8 4.9 5. ],"[1810.203025 1810.665125 1811.12725  1811.5873   1812.044225 1812.498025
 1812.948725 1813.3969   1813.84465  1814.29405 ]",[162.59 162.59 162.59 162.59 162.59 162.59 162.59 162.59 162.58 162.58],0.01444350403395128,6
