Vehicle_ID,ID,time,xloc,yloc,line_integral_values,maneuver
66,66,[3.4 3.5 3.6 3.7 3.8 3.9 4.  4.1 4.2 4.3 4.4 4.5 4.6 4.7 4.8 4.9 5. ],"[1817.25295  1817.78755  1818.32575  1818.86805  1819.414425 1819.9654
 1820.5215   1821.0827   1821.649525 1822.2225   1822.801625 1823.386875
 1823.978725 1824.577175 1825.182225 1825.793875 1826.4121  ]","[162.56 162.56 162.57 162.58 162.58 162.59 162.59 162.6  162.6  162.61
 162.62 162.62 162.63 162.63 162.64 162.65 162.65]",1.9282931463422972,6
