Vehicle_ID,ID,time,xloc,yloc,line_integral_values,maneuver
788,856,[3.6 3.7 3.8 3.9 4.  4.1 4.2 4.3 4.4 4.5 4.6 4.7 4.8 4.9 5. ],"[1337.69805  1338.43535  1339.16675  1339.892225 1340.61175  1341.32535
 1342.033525 1342.73625  1343.433025 1344.12435  1344.810225 1345.49065
 1346.165625 1346.83515  1347.4997  ]","[159.28 159.26 159.25 159.23 159.21 159.2  159.18 159.17 159.15 159.14
 159.12 159.11 159.09 159.08 159.06]",0.6248756291991855,6
