Vehicle_ID,ID,time,xloc,yloc,line_integral_values,maneuver
57,57,"[2.4 2.5 2.6 2.7 2.8 2.9 3.  3.1 3.2 3.3 3.4 3.5 3.6 3.7 3.8 3.9 4.  4.1
 4.2 4.3 4.4 4.5]","[1817.248325 1818.00125  1818.7567   1819.514675 1820.2752   1821.038275
 1821.803875 1822.5725   1823.344175 1824.118875 1824.8966   1825.67685
 1826.4591   1827.243825 1828.030525 1828.8187   1829.608825 1830.4004
 1831.193425 1831.9879   1832.783325 1833.5797  ]","[162.59 162.6  162.61 162.62 162.63 162.64 162.65 162.66 162.66 162.67
 162.68 162.69 162.7  162.71 162.72 162.73 162.73 162.74 162.75 162.76
 162.77 162.77]",1.6124076861566408,6
