Vehicle_ID,ID,time,xloc,yloc,line_integral_values,maneuver
2484,2484,"[1.7 1.8 1.9 2.  2.1 2.2 2.3 2.4 2.5 2.6 2.7 2.8 2.9 3.  3.1 3.2 3.3 3.4
 3.5 3.6 3.7]","[1817.19455  1818.120625 1819.03615  1819.94115  1820.83615  1821.72115
 1822.596175 1823.461725 1824.318325 1825.166    1826.00525  1826.836575
 1827.659975 1828.475475 1829.283575 1830.08475  1830.879    1831.66635
 1832.447325 1833.222425 1833.99165 ]","[162.53 162.55 162.56 162.58 162.59 162.61 162.62 162.63 162.65 162.66
 162.67 162.68 162.69 162.7  162.71 162.72 162.73 162.74 162.74 162.75
 162.76]",1.6252346103741289,6
