Vehicle_ID,ID,time,xloc,yloc,line_integral_values,maneuver
82,82,"[1.4 1.5 1.6 1.7 1.8 1.9 2.  2.1 2.2 2.3 2.4 2.5 2.6 2.7 2.8 2.9 3.  3.1
 3.2 3.3 3.4 3.5 3.6 3.7 3.8 3.9 4.  4.1 4.2 4.3 4.4 4.5 4.6 4.7 4.8 4.9
 5. ]","[1585.19715  1586.2452   1587.278475 1588.2965   1589.29925  1590.286225
 1591.25645  1592.2094   1593.14455  1594.060925 1594.958025 1595.83585
 1596.6939   1597.531675 1598.3487   1599.145    1599.921125 1600.677125
 1601.413025 1602.129325 1602.826575 1603.5048   1604.164525 1604.805775
 1605.428525 1606.0333   1606.6201   1607.188925 1607.7398   1608.2732
 1608.78915  1609.288175 1609.770775 1610.236975 1610.6878   1611.123775
 1611.5454  ]","[158.02 158.05 158.07 158.1  158.12 158.14 158.17 158.19 158.21 158.23
 158.24 158.26 158.28 158.29 158.31 158.32 158.34 158.35 158.36 158.38
 158.39 158.4  158.41 158.42 158.43 158.44 158.45 158.46 158.47 158.48
 158.48 158.49 158.5  158.5  158.51 158.52 158.52]",8.85469636764056,6
