Vehicle_ID,ID,time,xloc,yloc,line_integral_values,maneuver
2509,2509,[1.6 1.7 1.8 1.9 2.  2.1 2.2 2.3 2.4 2.5 2.6 2.7 2.8 2.9 3.  3.1],"[1817.0658   1818.170275 1819.2717   1820.370075 1821.4649   1822.556175
 1823.6444   1824.7296   1825.811775 1826.8904   1827.96495  1829.035425
 1830.10185  1831.1637   1832.22045  1833.2721  ]","[162.68 162.69 162.69 162.7  162.71 162.71 162.72 162.72 162.73 162.73
 162.74 162.74 162.75 162.75 162.75 162.75]",0.0035674883437628153,6
