Vehicle_ID,ID,time,xloc,yloc,line_integral_values,maneuver
2247,3926,[1.8 1.9 2.  2.1 2.2 2.3 2.4 2.5 2.6],"[1810.596175 1811.75635  1812.898625 1814.0219   1815.1241   1816.20365
 1817.259475 1818.29105  1819.2979  ]",[161.42 161.49 161.57 161.64 161.7  161.76 161.82 161.88 161.93],0.5466696933986679,6
