Vehicle_ID,ID,time,xloc,yloc,line_integral_values,maneuver
2040,1062,"[0.3 0.4 0.5 0.6 0.7 0.8 0.9 1.  1.1 1.2 1.3 1.4 1.5 1.6 1.7 1.8 1.9 2.
 2.1 2.2 2.3 2.4 2.5 2.6 2.7 2.8 2.9 3.  3.1 3.2 3.3 3.4 3.5 3.6 3.7 3.8
 3.9 4.  4.1 4.2 4.3 4.4 4.5]","[1600.03465  1600.5617   1601.095875 1601.6377   1602.18715  1602.7442
 1603.309375 1603.883175 1604.465575 1605.0566   1605.65675  1606.266025
 1606.884925 1607.513925 1608.152525 1608.800725 1609.459525 1610.128925
 1610.808425 1611.498    1612.19765  1612.907875 1613.62865  1614.35945
 1615.100275 1615.851125 1616.611475 1617.3808   1618.159075 1618.9463
 1619.74195  1620.545    1621.35545  1622.172775 1622.996475 1623.82655
 1624.662475 1625.50375  1626.349875 1627.20085  1628.056175 1628.91535
 1629.778375]","[157.83 157.85 157.86 157.88 157.89 157.91 157.92 157.94 157.95 157.97
 157.99 158.   158.02 158.03 158.05 158.07 158.08 158.1  158.12 158.13
 158.15 158.17 158.18 158.2  158.22 158.23 158.25 158.27 158.28 158.3
 158.32 158.33 158.35 158.37 158.38 158.4  158.42 158.43 158.45 158.46
 158.48 158.49 158.51]",0.0,6
