Vehicle_ID,ID,time,xloc,yloc,line_integral_values,maneuver
69,69,[1.4 1.5 1.6 1.7 1.8 1.9 2.  2.1 2.2 2.3 2.4 2.5 2.6],"[1337.584    1338.903525 1340.220525 1341.535    1342.846925 1344.156325
 1345.463225 1346.7676   1348.06945  1349.3688   1350.665625 1351.959925
 1353.251725]","[158.84 158.81 158.79 158.76 158.74 158.71 158.69 158.67 158.64 158.62
 158.6  158.58 158.55]",0.1591874302482538,6
