Vehicle_ID,ID,time,xloc,yloc,line_integral_values,maneuver
91,85,[0.  0.1 0.2 0.3 0.4 0.5 0.6 0.7 0.8 0.9 1. ],"[1802.107175 1802.867025 1803.63345  1804.404925 1805.18045  1805.96005
 1806.7438   1807.53175  1808.324425 1809.121375 1809.9221  ]","[162.04 162.05 162.06 162.07 162.08 162.1  162.11 162.12 162.13 162.14
 162.16]",0.2786732047505851,6
