Vehicle_ID,ID,time,xloc,yloc,old_xloc,old_yloc,line_integral_values,maneuver
533,522,[85.1 85.2 85.3 85.4 85.5],[1600.898925 1601.986    1603.0711   1604.1542   1605.235275],[158.66 158.68 158.7  158.72 158.74],[1600.898925 1601.986    1603.0711   1604.1542   1605.235275],[158.66 158.68 158.7  158.72 158.74],0.0,6
