Vehicle_ID,ID,time,xloc,yloc,line_integral_values,maneuver
77,77,"[2.2 2.3 2.4 2.5 2.6 2.7 2.8 2.9 3.  3.1 3.2 3.3 3.4 3.5 3.6 3.7 3.8 3.9
 4.  4.1 4.2 4.3]","[1810.011125 1810.45505  1810.897525 1811.338525 1811.77805  1812.21665
 1812.655375 1813.095775 1813.538375 1813.9842   1814.4343   1814.889725
 1815.351475 1815.820025 1816.295875 1816.778975 1817.268775 1817.7642
 1818.26365  1818.765525 1819.268225 1819.7702  ]","[162.53 162.53 162.54 162.55 162.56 162.56 162.57 162.58 162.59 162.6
 162.6  162.61 162.62 162.63 162.63 162.64 162.65 162.66 162.66 162.67
 162.68 162.69]",0.019029701565387695,6
