Vehicle_ID,ID,time,xloc,yloc,old_xloc,old_yloc,line_integral_values,maneuver
2170,2090,"[226.4 226.5 226.6 226.7 226.8 226.9 227.  227.1 227.2 227.3 227.4 227.5
 227.6 227.7 227.8 227.9 228.  228.1 228.2 228.3 228.4 228.5 228.6 228.7
 228.8 228.9 229.  229.1 229.2 229.3 229.4 229.5 229.6 229.7 229.8]","[1600.585475 1601.3139   1602.049375 1602.7919   1603.541475 1604.2981
 1605.061775 1605.8325   1606.610775 1607.3966   1608.189475 1608.9899
 1609.797875 1610.613375 1611.4364   1612.266975 1613.105575 1613.9517
 1614.80535  1615.6665   1616.535175 1617.411375 1618.295075 1619.186275
 1620.084975 1620.991175 1621.904375 1622.825075 1623.753275 1624.68845
 1625.6306   1626.58025  1627.5374   1628.502075 1629.474275]","[157.84 157.86 157.88 157.89 157.91 157.93 157.95 157.97 157.99 158.01
 158.03 158.05 158.07 158.09 158.11 158.13 158.15 158.17 158.19 158.21
 158.24 158.26 158.28 158.3  158.32 158.34 158.37 158.39 158.41 158.43
 158.45 158.48 158.5  158.52 158.55]","[1600.585475 1601.3139   1602.049375 1602.7919   1603.541475 1604.2981
 1605.061775 1605.8325   1606.610775 1607.3966   1608.189475 1608.9899
 1609.797875 1610.613375 1611.4364   1612.266975 1613.105575 1613.9517
 1614.80535  1615.6665   1616.535175 1617.411375 1618.295075 1619.186275
 1620.084975 1620.991175 1621.904375 1622.825075 1623.753275 1624.68845
 1625.6306   1626.58025  1627.5374   1628.502075 1629.474275]","[157.84 157.86 157.88 157.89 157.91 157.93 157.95 157.97 157.99 158.01
 158.03 158.05 158.07 158.09 158.11 158.13 158.15 158.17 158.19 158.21
 158.24 158.26 158.28 158.3  158.32 158.34 158.37 158.39 158.41 158.43
 158.45 158.48 158.5  158.52 158.55]",0.0,6
