Vehicle_ID,ID,time,xloc,yloc,line_integral_values,maneuver
2449,2150,[4.4 4.5 4.6 4.7 4.8 4.9 5. ],"[1980.341975 1981.02165  1981.699875 1982.37665  1983.05145  1983.724275
 1984.395125]",[155.47 155.41 155.35 155.29 155.23 155.17 155.11],8.038366864913266e-05,6
