Vehicle_ID,ID,time,xloc,yloc,old_xloc,old_yloc,line_integral_values,maneuver
66,77,"[0.  0.1 0.2 0.3 0.4 0.5 0.6 0.7 0.8 0.9 1.  1.1 1.2 1.3 1.4 1.5 1.6 1.7
 1.8 1.9 2.  2.1 2.2 2.3 2.4 2.5 2.6 2.7 2.8 2.9 3.  3.1 3.2 3.3 3.4 3.5
 3.6 3.7 3.8 3.9 4.  4.1 4.2 4.3 4.4 4.5 4.6 4.7 4.8 4.9 5. ]","[36.958425 37.204125 37.4498   37.694925 37.9395   38.183025 38.426
 38.668425 38.910325 39.151725 39.392625 39.63405  39.876025 40.11855
 40.36265  40.60885  40.85715  41.10755  41.36055  41.61615  41.874325
 42.13505  42.3973   42.660525 42.9242   43.187275 43.448675 43.70735
 43.96175  44.210325 44.45255  44.68795  44.916075 45.138    45.3548
 45.567575 45.777925 45.987425 46.19765  46.41015  46.62595  46.84555
 47.0689   47.29545  47.524675 47.756    47.989375 48.2243   48.46025
 48.6972   48.93515 ]","[1.49184615 1.50184615 1.50184615 1.50184615 1.51184615 1.51184615
 1.52184615 1.52184615 1.53184615 1.53184615 1.54184615 1.54184615
 1.55184615 1.55184615 1.56184615 1.56184615 1.57184615 1.57184615
 1.58184615 1.58184615 1.58184615 1.59184615 1.59184615 1.59184615
 1.60184615 1.60184615 1.60184615 1.60184615 1.61184615 1.61184615
 1.61184615 1.61184615 1.62184615 1.62184615 1.62184615 1.63184615
 1.63184615 1.63184615 1.64184615 1.64184615 1.64184615 1.65184615
 1.65184615 1.66184615 1.66184615 1.66184615 1.67184615 1.67184615
 1.67184615 1.68184615 1.68184615]","[1606.958425 1607.204125 1607.4498   1607.694925 1607.9395   1608.183025
 1608.426    1608.668425 1608.910325 1609.151725 1609.392625 1609.63405
 1609.876025 1610.11855  1610.36265  1610.60885  1610.85715  1611.10755
 1611.36055  1611.61615  1611.874325 1612.13505  1612.3973   1612.660525
 1612.9242   1613.187275 1613.448675 1613.70735  1613.96175  1614.210325
 1614.45255  1614.68795  1614.916075 1615.138    1615.3548   1615.567575
 1615.777925 1615.987425 1616.19765  1616.41015  1616.62595  1616.84555
 1617.0689   1617.29545  1617.524675 1617.756    1617.989375 1618.2243
 1618.46025  1618.6972   1618.93515 ]","[158.46 158.47 158.47 158.47 158.48 158.48 158.49 158.49 158.5  158.5
 158.51 158.51 158.52 158.52 158.53 158.53 158.54 158.54 158.55 158.55
 158.55 158.56 158.56 158.56 158.57 158.57 158.57 158.57 158.58 158.58
 158.58 158.58 158.59 158.59 158.59 158.6  158.6  158.6  158.61 158.61
 158.61 158.62 158.62 158.63 158.63 158.63 158.64 158.64 158.64 158.65
 158.65]",5.8384084910583504e-18,6
