Vehicle_ID,ID,time,xloc,yloc,line_integral_values,maneuver
85,438,"[0.  0.1 0.2 0.3 0.4 0.5 0.6 0.7 0.8 0.9 1.  1.1 1.2 1.3 1.4 1.5 1.6 1.7
 1.8 1.9 2.  2.1 2.2 2.3 2.4 2.5 2.6 2.7 2.8 2.9 3.  3.1 3.2 3.3 3.4 3.5
 3.6 3.7 3.8 3.9 4.  4.1 4.2 4.3 4.4 4.5 4.6 4.7 4.8 4.9 5. ]","[1830.7757   1831.639075 1832.514025 1833.39635  1834.281875 1835.16595
 1836.044425 1836.9132   1837.7687   1838.60945  1839.434025 1840.24155
 1841.0332   1841.810675 1842.575675 1843.329825 1844.074225 1844.808925
 1845.53395  1846.248775 1846.95025  1847.634175 1848.296375 1848.9332
 1849.54105  1850.116325 1850.6549   1851.153225 1851.609325 1852.021775
 1852.391225 1852.72045  1853.013275 1853.27505  1853.51215  1853.730925
 1853.9382   1854.141275 1854.347425 1854.562825 1854.79155  1855.03655
 1855.29915  1855.578125 1855.8717   1856.1776   1856.493075 1856.81645
 1857.14715  1857.486225 1857.83735 ]","[162.64 162.64 162.65 162.65 162.66 162.66 162.66 162.67 162.67 162.67
 162.67 162.67 162.67 162.67 162.67 162.67 162.67 162.67 162.67 162.67
 162.67 162.66 162.66 162.65 162.65 162.64 162.64 162.63 162.62 162.61
 162.61 162.6  162.59 162.58 162.57 162.56 162.56 162.55 162.54 162.54
 162.53 162.53 162.52 162.51 162.51 162.5  162.49 162.48 162.48 162.47
 162.46]",0.7572359418563614,6
