Vehicle_ID,ID,time,xloc,yloc,old_xloc,old_yloc,line_integral_values,maneuver
82,103,"[1.3 1.4 1.5 1.6 1.7 1.8 1.9 2.  2.1 2.2 2.3 2.4 2.5 2.6 2.7 2.8 2.9 3.
 3.1 3.2 3.3 3.4 3.5 3.6 3.7 3.8 3.9 4.  4.1 4.2 4.3 4.4 4.5 4.6 4.7 4.8
 4.9 5. ]","[30.569925 31.40825  32.229425 33.033975 33.821925 34.592775 35.34705
 36.085275 36.80695  37.5126   38.20275  38.877425 39.537125 40.18185
 40.81165  41.427025 42.028975 42.617525 43.1932   43.7565   44.307425
 44.846475 45.37415  45.890475 46.39595  46.891075 47.37585  47.85025
 48.314775 48.76995  49.215775 49.653275 50.08295  50.5048   50.91985
 51.328625 51.731625 52.129325]","[1.39184615 1.41184615 1.43184615 1.45184615 1.47184615 1.49184615
 1.51184615 1.53184615 1.55184615 1.56184615 1.58184615 1.60184615
 1.62184615 1.64184615 1.66184615 1.67184615 1.69184615 1.70184615
 1.72184615 1.73184615 1.75184615 1.76184615 1.77184615 1.79184615
 1.80184615 1.81184615 1.82184615 1.83184615 1.84184615 1.85184615
 1.86184615 1.87184615 1.88184615 1.89184615 1.90184615 1.91184615
 1.92184615 1.92184615]","[1600.569925 1601.40825  1602.229425 1603.033975 1603.821925 1604.592775
 1605.34705  1606.085275 1606.80695  1607.5126   1608.20275  1608.877425
 1609.537125 1610.18185  1610.81165  1611.427025 1612.028975 1612.617525
 1613.1932   1613.7565   1614.307425 1614.846475 1615.37415  1615.890475
 1616.39595  1616.891075 1617.37585  1617.85025  1618.314775 1618.76995
 1619.215775 1619.653275 1620.08295  1620.5048   1620.91985  1621.328625
 1621.731625 1622.129325]","[158.36 158.38 158.4  158.42 158.44 158.46 158.48 158.5  158.52 158.53
 158.55 158.57 158.59 158.61 158.63 158.64 158.66 158.67 158.69 158.7
 158.72 158.73 158.74 158.76 158.77 158.78 158.79 158.8  158.81 158.82
 158.83 158.84 158.85 158.86 158.87 158.88 158.89 158.89]",5.0237184559719667e-23,6
