Vehicle_ID,ID,time,xloc,yloc,line_integral_values,maneuver
536,536,[3.7 3.8 3.9 4.  4.1 4.2 4.3 4.4 4.5 4.6 4.7 4.8 4.9 5. ],"[1810.007    1810.2723   1810.537025 1810.8017   1811.066825 1811.3324
 1811.598425 1811.8654   1812.133325 1812.402225 1812.67315  1812.947625
 1813.226675 1813.510825]","[162.88 162.88 162.87 162.87 162.87 162.87 162.87 162.87 162.87 162.87
 162.87 162.88 162.88 162.88]",1.506006902473632,6
