Vehicle_ID,ID,time,xloc,yloc,line_integral_values,maneuver
83,83,[1.9 2.  2.1 2.2 2.3 2.4 2.5 2.6 2.7 2.8 2.9 3.  3.1 3.2 3.3 3.4 3.5],"[1800.308375 1800.871825 1801.432075 1801.98865  1802.541575 1803.092425
 1803.642825 1804.195425 1804.754425 1805.323525 1805.906375 1806.5055
 1807.12135  1807.753325 1808.39975  1809.0579   1809.724025]","[161.9  161.91 161.92 161.93 161.94 161.95 161.96 161.97 161.98 161.99
 162.   162.   162.01 162.01 162.02 162.03 162.03]",0.12122953104064409,6
