Vehicle_ID,ID,time,xloc,yloc,line_integral_values,maneuver
899,899,"[0.5 0.6 0.7 0.8 0.9 1.  1.1 1.2 1.3 1.4 1.5 1.6 1.7 1.8 1.9 2.  2.1 2.2
 2.3 2.4 2.5 2.6 2.7 2.8 2.9 3.  3.1 3.2 3.3 3.4 3.5 3.6 3.7 3.8 3.9 4.
 4.1 4.2 4.3 4.4 4.5 4.6 4.7 4.8 4.9 5. ]","[1805.3487   1806.491975 1807.637675 1808.7853   1809.93485  1811.0858
 1812.23765  1813.3904   1814.54405  1815.6986   1816.854075 1818.0105
 1819.167875 1820.3262   1821.486    1822.6473   1823.8096   1824.9734
 1826.138675 1827.305425 1828.473675 1829.643425 1830.81465  1831.98685
 1833.159525 1834.33265  1835.506225 1836.68025  1837.854725 1839.02915
 1840.203525 1841.37785  1842.55215  1843.726925 1844.902175 1846.077425
 1847.253175 1848.42995  1849.60775  1850.786575 1851.96645  1853.14785
 1854.330775 1855.51525  1856.701275 1857.888825]","[162.12 162.14 162.15 162.16 162.17 162.18 162.2  162.21 162.22 162.23
 162.24 162.25 162.26 162.27 162.28 162.3  162.31 162.32 162.33 162.34
 162.36 162.37 162.38 162.39 162.41 162.42 162.43 162.44 162.45 162.46
 162.47 162.48 162.48 162.49 162.49 162.5  162.5  162.5  162.5  162.5
 162.5  162.5  162.5  162.5  162.49 162.48]",22.89978351847526,6
