Vehicle_ID,ID,time,xloc,yloc,old_xloc,old_yloc,line_integral_values,maneuver
1983,972,"[203.2 203.3 203.4 203.5 203.6 203.7 203.8 203.9 204.  204.1 204.2 204.3
 204.4 204.5 204.6 204.7 204.8 204.9 205.  205.1 205.2 205.3 205.4 205.5
 205.6 205.7 205.8 205.9 206.  206.1 206.2 206.3]","[1614.494675 1614.9686   1615.4435   1615.9194   1616.3963   1616.8737
 1617.3516   1617.8305   1618.3104   1618.7913   1619.2732   1619.756125
 1620.240075 1620.725025 1621.210975 1621.697925 1622.1859   1622.6749
 1623.165425 1623.657475 1624.15105  1624.646675 1625.144325 1625.6435
 1626.144725 1626.6485   1627.154325 1627.6627   1628.174125 1628.688625
 1629.206225 1629.727425]","[158.37 158.38 158.39 158.4  158.41 158.42 158.43 158.44 158.44 158.45
 158.46 158.47 158.47 158.48 158.49 158.5  158.51 158.51 158.52 158.53
 158.54 158.55 158.56 158.57 158.58 158.59 158.59 158.6  158.61 158.62
 158.62 158.63]","[1614.494675 1614.9686   1615.4435   1615.9194   1616.3963   1616.8737
 1617.3516   1617.8305   1618.3104   1618.7913   1619.2732   1619.756125
 1620.240075 1620.725025 1621.210975 1621.697925 1622.1859   1622.6749
 1623.165425 1623.657475 1624.15105  1624.646675 1625.144325 1625.6435
 1626.144725 1626.6485   1627.154325 1627.6627   1628.174125 1628.688625
 1629.206225 1629.727425]","[158.37 158.38 158.39 158.4  158.41 158.42 158.43 158.44 158.44 158.45
 158.46 158.47 158.47 158.48 158.49 158.5  158.51 158.51 158.52 158.53
 158.54 158.55 158.56 158.57 158.58 158.59 158.59 158.6  158.61 158.62
 158.62 158.63]",0.0,6
