Vehicle_ID,ID,time,xloc,yloc,line_integral_values,maneuver
1836,1836,"[1.6 1.7 1.8 1.9 2.  2.1 2.2 2.3 2.4 2.5 2.6 2.7 2.8 2.9 3.  3.1 3.2 3.3
 3.4 3.5 3.6 3.7 3.8 3.9 4.  4.1 4.2 4.3 4.4 4.5 4.6 4.7 4.8 4.9 5. ]","[1817.123775 1818.140675 1819.148575 1820.1475   1821.137975 1822.1205
 1823.095075 1824.0617   1825.0209   1825.9732   1826.9186   1827.8576
 1828.7902   1829.7164   1830.6372   1831.552625 1832.462675 1833.367825
 1834.268075 1835.163425 1836.053875 1836.939925 1837.82155  1838.69875
 1839.571525 1840.439875 1841.3043   1842.164775 1843.021325 1843.87395
 1844.722625 1845.56735  1846.408625 1847.24645  1848.080825]","[162.61 162.62 162.62 162.63 162.64 162.64 162.65 162.65 162.66 162.66
 162.67 162.67 162.67 162.68 162.68 162.68 162.68 162.68 162.69 162.69
 162.69 162.69 162.69 162.68 162.68 162.68 162.68 162.67 162.67 162.66
 162.66 162.65 162.64 162.64 162.63]",1.4641745861728162,6
