Vehicle_ID,ID,time,xloc,yloc,line_integral_values,maneuver
438,438,[3.7 3.8 3.9 4.  4.1 4.2 4.3 4.4 4.5 4.6 4.7 4.8 4.9 5. ],"[1815.318225 1815.843275 1816.395975 1816.96885  1817.553925 1818.144275
 1818.733625 1819.316825 1819.8919   1820.46005  1821.025075 1821.591825
 1822.164625 1822.7493  ]","[162.43 162.44 162.45 162.46 162.47 162.47 162.48 162.49 162.5  162.51
 162.51 162.52 162.53 162.54]",1.3430925050919456,6
