Vehicle_ID,ID,time,xloc,yloc,line_integral_values,maneuver
68,68,"[2.1 2.2 2.3 2.4 2.5 2.6 2.7 2.8 2.9 3.  3.1 3.2 3.3 3.4 3.5 3.6 3.7 3.8
 3.9 4.  4.1 4.2 4.3 4.4 4.5 4.6 4.7 4.8 4.9 5. ]","[1910.31685  1911.051475 1911.78565  1912.518875 1913.250625 1913.98085
 1914.70905  1915.4347   1916.15725  1916.8762   1917.59105  1918.3018
 1919.00845  1919.711025 1920.409525 1921.10395  1921.79485  1922.48275
 1923.167675 1923.85015  1924.5312   1925.21085  1925.8891   1926.56645
 1927.2434   1927.919925 1928.595525 1929.2707   1929.945425 1930.6192  ]","[160.83 160.79 160.76 160.72 160.68 160.64 160.6  160.57 160.53 160.49
 160.45 160.41 160.37 160.33 160.29 160.25 160.2  160.16 160.12 160.08
 160.04 159.99 159.95 159.9  159.86 159.82 159.77 159.73 159.68 159.64]",0.22885050636775833,6
