ID,time,xloc,yloc,old_xloc,old_yloc,line_integral_values,maneuver
0,"[0.  0.1 0.2 0.3 0.4 0.5 0.6 0.7 0.8 0.9 1.  1.1 1.2 1.3 1.4 1.5 1.6 1.7
 1.8 1.9 2.  2.1 2.2 2.3 2.4 2.5 2.6 2.7 2.8 2.9 3.  3.1 3.2 3.3 3.4 3.5
 3.6 3.7 3.8 3.9 4.  4.1 4.2 4.3 4.4 4.5 4.6 4.7 4.8 4.9 5. ]","[-12529.71475  -12529.162925 -12528.6167   -12528.07495  -12527.535575
 -12526.997    -12526.458175 -12525.917575 -12525.3752   -12524.831075
 -12524.284725 -12523.736175 -12523.185975 -12522.6352   -12522.084375
 -12521.533525 -12520.9832   -12520.43445  -12519.88885  -12519.34745
 -12518.810775 -12518.280375 -12517.7578   -12517.244075 -12516.7397
 -12516.24515  -12515.7609   -12515.2864   -12514.8211   -12514.36445
 -12513.915875 -12513.47535  -12513.042875 -12512.61845  -12512.202075
 -12511.7943   -12511.3967   -12511.010825 -12510.637725 -12510.27895
 -12509.936025 -12509.61     -12509.3019   -12509.012175 -12508.7408
 -12508.48775  -12508.252425 -12508.033725 -12507.830575 -12507.641375
 -12507.464025]","[-1.28 -1.27 -1.25 -1.24 -1.23 -1.22 -1.2  -1.19 -1.18 -1.17 -1.16 -1.15
 -1.14 -1.13 -1.12 -1.12 -1.11 -1.1  -1.09 -1.08 -1.07 -1.07 -1.06 -1.05
 -1.05 -1.04 -1.04 -1.03 -1.02 -1.02 -1.01 -1.01 -1.   -1.   -0.99 -0.99
 -0.98 -0.98 -0.97 -0.97 -0.96 -0.95 -0.95 -0.94 -0.94 -0.93 -0.92 -0.92
 -0.91 -0.91 -0.9 ]","[-10959.71475  -10959.162925 -10958.6167   -10958.07495  -10957.535575
 -10956.997    -10956.458175 -10955.917575 -10955.3752   -10954.831075
 -10954.284725 -10953.736175 -10953.185975 -10952.6352   -10952.084375
 -10951.533525 -10950.9832   -10950.43445  -10949.88885  -10949.34745
 -10948.810775 -10948.280375 -10947.7578   -10947.244075 -10946.7397
 -10946.24515  -10945.7609   -10945.2864   -10944.8211   -10944.36445
 -10943.915875 -10943.47535  -10943.042875 -10942.61845  -10942.202075
 -10941.7943   -10941.3967   -10941.010825 -10940.637725 -10940.27895
 -10939.936025 -10939.61     -10939.3019   -10939.012175 -10938.7408
 -10938.48775  -10938.252425 -10938.033725 -10937.830575 -10937.641375
 -10937.464025]","[-1.09 -1.08 -1.06 -1.05 -1.04 -1.03 -1.01 -1.   -0.99 -0.98 -0.97 -0.96
 -0.95 -0.94 -0.93 -0.93 -0.92 -0.91 -0.9  -0.89 -0.88 -0.88 -0.87 -0.86
 -0.86 -0.85 -0.85 -0.84 -0.83 -0.83 -0.82 -0.82 -0.81 -0.81 -0.8  -0.8
 -0.79 -0.79 -0.78 -0.78 -0.77 -0.76 -0.76 -0.75 -0.75 -0.74 -0.73 -0.73
 -0.72 -0.72 -0.71]",0.0,6
