Vehicle_ID,ID,time,xloc,yloc,line_integral_values,maneuver
52,52,[1.5 1.6 1.7 1.8 1.9 2.  2.1 2.2 2.3 2.4 2.5 2.6 2.7 2.8 2.9 3. ],"[1337.04475  1338.185075 1339.318375 1340.44515  1341.5654   1342.678625
 1343.784825 1344.884    1345.97615  1347.0613   1348.13995  1349.2121
 1350.277225 1351.335325 1352.386425 1353.430525]","[159.71 159.68 159.66 159.63 159.6  159.58 159.55 159.53 159.5  159.47
 159.45 159.42 159.4  159.37 159.34 159.32]",9.422709574986174,6
