ID,time,xloc,yloc,old_xloc,old_yloc,line_integral_values,maneuver
0,"[0.  0.1 0.2 0.3 0.4 0.5 0.6 0.7 0.8 0.9 1.  1.1 1.2 1.3 1.4 1.5 1.6 1.7
 1.8 1.9 2.  2.1 2.2 2.3 2.4 2.5 2.6 2.7 2.8 2.9 3.  3.1 3.2 3.3 3.4 3.5
 3.6 3.7 3.8 3.9 4.  4.1 4.2 4.3 4.4 4.5 4.6 4.7 4.8 4.9 5. ]","[-15669.71475  -15669.162925 -15668.6167   -15668.07495  -15667.535575
 -15666.997    -15666.458175 -15665.917575 -15665.3752   -15664.831075
 -15664.284725 -15663.736175 -15663.185975 -15662.6352   -15662.084375
 -15661.533525 -15660.9832   -15660.43445  -15659.88885  -15659.34745
 -15658.810775 -15658.280375 -15657.7578   -15657.244075 -15656.7397
 -15656.24515  -15655.7609   -15655.2864   -15654.8211   -15654.36445
 -15653.915875 -15653.47535  -15653.042875 -15652.61845  -15652.202075
 -15651.7943   -15651.3967   -15651.010825 -15650.637725 -15650.27895
 -15649.936025 -15649.61     -15649.3019   -15649.012175 -15648.7408
 -15648.48775  -15648.252425 -15648.033725 -15647.830575 -15647.641375
 -15647.464025]","[-3.33 -3.32 -3.3  -3.29 -3.28 -3.27 -3.25 -3.24 -3.23 -3.22 -3.21 -3.2
 -3.19 -3.18 -3.17 -3.17 -3.16 -3.15 -3.14 -3.13 -3.12 -3.12 -3.11 -3.1
 -3.1  -3.09 -3.09 -3.08 -3.07 -3.07 -3.06 -3.06 -3.05 -3.05 -3.04 -3.04
 -3.03 -3.03 -3.02 -3.02 -3.01 -3.   -3.   -2.99 -2.99 -2.98 -2.97 -2.97
 -2.96 -2.96 -2.95]","[-14099.71475  -14099.162925 -14098.6167   -14098.07495  -14097.535575
 -14096.997    -14096.458175 -14095.917575 -14095.3752   -14094.831075
 -14094.284725 -14093.736175 -14093.185975 -14092.6352   -14092.084375
 -14091.533525 -14090.9832   -14090.43445  -14089.88885  -14089.34745
 -14088.810775 -14088.280375 -14087.7578   -14087.244075 -14086.7397
 -14086.24515  -14085.7609   -14085.2864   -14084.8211   -14084.36445
 -14083.915875 -14083.47535  -14083.042875 -14082.61845  -14082.202075
 -14081.7943   -14081.3967   -14081.010825 -14080.637725 -14080.27895
 -14079.936025 -14079.61     -14079.3019   -14079.012175 -14078.7408
 -14078.48775  -14078.252425 -14078.033725 -14077.830575 -14077.641375
 -14077.464025]","[-2.31 -2.3  -2.28 -2.27 -2.26 -2.25 -2.23 -2.22 -2.21 -2.2  -2.19 -2.18
 -2.17 -2.16 -2.15 -2.15 -2.14 -2.13 -2.12 -2.11 -2.1  -2.1  -2.09 -2.08
 -2.08 -2.07 -2.07 -2.06 -2.05 -2.05 -2.04 -2.04 -2.03 -2.03 -2.02 -2.02
 -2.01 -2.01 -2.   -2.   -1.99 -1.98 -1.98 -1.97 -1.97 -1.96 -1.95 -1.95
 -1.94 -1.94 -1.93]",0.0,6
