Vehicle_ID,ID,time,xloc,yloc,line_integral_values,maneuver
145,145,"[2.4 2.5 2.6 2.7 2.8 2.9 3.  3.1 3.2 3.3 3.4 3.5 3.6 3.7 3.8 3.9 4.  4.1
 4.2 4.3 4.4 4.5 4.6 4.7 4.8 4.9 5. ]","[1585.2485   1585.90165  1586.559575 1587.22275  1587.89115  1588.564725
 1589.242925 1589.924725 1590.6101   1591.298475 1591.9888   1592.68005
 1593.37115  1594.06105  1594.7487   1595.43305  1596.112575 1596.78625
 1597.4536   1598.114125 1598.76735  1599.413825 1600.0541   1600.68825
 1601.3168   1601.94025  1602.5581  ]","[157.64 157.65 157.67 157.68 157.69 157.71 157.72 157.73 157.74 157.75
 157.77 157.78 157.79 157.8  157.81 157.82 157.83 157.84 157.85 157.86
 157.87 157.88 157.88 157.89 157.9  157.91 157.91]",7.97138322278515,6
