Vehicle_ID,ID,time,xloc,yloc,line_integral_values,maneuver
856,856,"[1.4 1.5 1.6 1.7 1.8 1.9 2.  2.1 2.2 2.3 2.4 2.5 2.6 2.7 2.8 2.9 3.  3.1
 3.2 3.3 3.4 3.5 3.6 3.7 3.8 3.9 4.  4.1 4.2 4.3 4.4 4.5 4.6 4.7 4.8 4.9
 5. ]","[1910.727975 1911.82155  1912.908575 1913.989075 1915.06305  1916.130475
 1917.19085  1918.244175 1919.290475 1920.32975  1921.361975 1922.387175
 1923.405875 1924.418075 1925.4238   1926.424075 1927.4189   1928.4083
 1929.392775 1930.372825 1931.348475 1932.3197   1933.287    1934.250375
 1935.209325 1936.16385  1937.1144   1938.060975 1939.0036   1939.941775
 1940.875475 1941.8052   1942.730975 1943.652775 1944.5706   1945.48495
 1946.395825]","[161.01 160.96 160.9  160.84 160.78 160.72 160.66 160.6  160.54 160.48
 160.42 160.36 160.3  160.24 160.18 160.12 160.05 159.99 159.93 159.87
 159.8  159.74 159.67 159.61 159.55 159.48 159.42 159.35 159.29 159.22
 159.16 159.1  159.03 158.97 158.9  158.84 158.77]",0.1485605757563777,6
