Vehicle_ID,ID,time,xloc,yloc,line_integral_values,maneuver
2247,2509,"[0.  0.1 0.2 0.3 0.4 0.5 0.6 0.7 0.8 0.9 1.  1.1 1.2 1.3 1.4 1.5 1.6 1.7
 1.8 1.9 2.  2.1 2.2 2.3 2.4 2.5 2.6]","[1337.037425 1337.706875 1338.373675 1339.0384   1339.702075 1340.36525
 1341.02795  1341.690675 1342.35345  1343.01625  1343.67905  1344.34135
 1345.0021   1345.660225 1346.314675 1346.964925 1347.610475 1348.250325
 1348.885    1349.515575 1350.14315  1350.769325 1351.395675 1352.02375
 1352.654575 1353.28865  1353.925975]","[159.17 159.15 159.14 159.12 159.1  159.08 159.07 159.05 159.03 159.01
 158.99 158.98 158.96 158.94 158.92 158.91 158.89 158.88 158.86 158.85
 158.83 158.82 158.8  158.79 158.77 158.76 158.74]",2.449805819040328,6
