Vehicle_ID,ID,time,xloc,yloc,line_integral_values,maneuver
68,66,[4.3 4.4 4.5 4.6 4.7 4.8 4.9 5. ],"[1337.993325 1339.318525 1340.643225 1341.967425 1343.2906   1344.61275
 1345.9344   1347.25555 ]",[159.21 159.19 159.16 159.14 159.11 159.08 159.06 159.03],0.13752548089160332,6
