Vehicle_ID,ID,time,xloc,yloc,line_integral_values,maneuver
2972,2972,[1.2 1.3 1.4 1.5 1.6 1.7 1.8 1.9 2.  2.1 2.2 2.3],"[1810.18265  1811.018575 1811.851625 1812.6818   1813.5091   1814.333475
 1815.154925 1815.97345  1816.7885   1817.60005  1818.4081   1819.21165 ]","[162.26 162.28 162.29 162.3  162.32 162.33 162.35 162.36 162.37 162.38
 162.39 162.41]",0.08774467867585967,6
