Vehicle_ID,ID,time,xloc,yloc,line_integral_values,maneuver
1008,1008,[1.1 1.2 1.3 1.4 1.5 1.6 1.7 1.8 1.9 2. ],"[1810.630325 1811.66065  1812.68695  1813.70975  1814.72905  1815.74485
 1816.75765  1817.767475 1818.774325 1819.778175]",[162.49 162.5  162.51 162.52 162.53 162.54 162.55 162.55 162.56 162.57],0.053477300583759116,6
