Vehicle_ID,ID,time,xloc,yloc,line_integral_values,maneuver
94,85,[3.3 3.4 3.5 3.6 3.7 3.8 3.9 4.  4.1 4.2 4.3 4.4 4.5],"[1810.726075 1811.531725 1812.336425 1813.138125 1813.935325 1814.7265
 1815.50955  1816.280825 1817.035675 1817.76995  1818.48005  1819.1619
 1819.810875]","[162.17 162.18 162.19 162.2  162.21 162.22 162.23 162.24 162.25 162.26
 162.26 162.27 162.28]",0.1088079322613485,6
