Vehicle_ID,ID,time,xloc,yloc,line_integral_values,maneuver
788,732,"[0.  0.1 0.2 0.3 0.4 0.5 0.6 0.7 0.8 0.9 1.  1.1 1.2 1.3 1.4 1.5 1.6 1.7
 1.8 1.9 2.  2.1 2.2 2.3 2.4 2.5 2.6 2.7 2.8 2.9 3.  3.1 3.2 3.3 3.4 3.5
 3.6 3.7 3.8 3.9 4.  4.1 4.2 4.3 4.4 4.5 4.6 4.7 4.8 4.9 5. ]","[1586.663    1586.885975 1587.104725 1587.3208   1587.535225 1587.748
 1587.959575 1588.169375 1588.375825 1588.578325 1588.7758   1588.9667
 1589.149975 1589.325075 1589.4915   1589.64875  1589.796325 1589.93425
 1590.06305  1590.183275 1590.29545  1590.399625 1590.49635  1590.586625
 1590.670975 1590.749425 1590.822475 1590.890625 1590.953875 1591.012225
 1591.06565  1591.11415  1591.158275 1591.198525 1591.235375 1591.2688
 1591.297775 1591.321775 1591.340775 1591.354775 1591.363775 1591.3683
 1591.369575 1591.369575 1591.369575 1591.369575 1591.369575 1591.369575
 1591.369575 1591.369575 1591.369575]","[157.38 157.38 157.38 157.38 157.38 157.38 157.38 157.37 157.37 157.37
 157.37 157.37 157.37 157.36 157.36 157.36 157.36 157.36 157.36 157.35
 157.35 157.35 157.35 157.35 157.35 157.35 157.35 157.35 157.35 157.35
 157.36 157.36 157.36 157.36 157.36 157.37 157.37 157.37 157.37 157.38
 157.38 157.38 157.39 157.39 157.39 157.4  157.4  157.4  157.4  157.41
 157.41]",1.854219262281649,6
