Vehicle_ID,ID,time,xloc,yloc,line_integral_values,maneuver
2290,1008,"[3.  3.1 3.2 3.3 3.4 3.5 3.6 3.7 3.8 3.9 4.  4.1 4.2 4.3 4.4 4.5 4.6 4.7
 4.8 4.9 5. ]","[1815.74485  1816.75765  1817.767475 1818.774325 1819.778175 1820.77905
 1821.77695  1822.77185  1823.76375  1824.75265  1825.738575 1826.721
 1827.6999   1828.6758   1829.6482   1830.6171   1831.582475 1832.544325
 1833.502675 1834.457525 1835.409375]","[162.54 162.55 162.55 162.56 162.57 162.57 162.57 162.58 162.58 162.58
 162.58 162.59 162.59 162.59 162.59 162.59 162.58 162.58 162.58 162.58
 162.58]",0.5603730541073805,6
