Vehicle_ID,ID,time,xloc,yloc,line_integral_values,maneuver
2390,2390,"[2.2 2.3 2.4 2.5 2.6 2.7 2.8 2.9 3.  3.1 3.2 3.3 3.4 3.5 3.6 3.7 3.8 3.9
 4.  4.1 4.2 4.3 4.4 4.5 4.6 4.7 4.8 4.9 5. ]","[1980.032875 1980.6804   1981.323975 1981.9636   1982.599275 1983.231525
 1983.86035  1984.485725 1985.108175 1985.7277   1986.344275 1986.9579
 1987.568575 1988.1763   1988.781075 1989.3834   1989.983275 1990.5807
 1991.176175 1991.7692   1992.359775 1992.9484   1993.53505  1994.119725
 1994.701925 1995.28165  1995.8594   1996.43465  1997.0074  ]","[155.65 155.59 155.52 155.46 155.4  155.34 155.28 155.22 155.16 155.1
 155.04 154.98 154.92 154.86 154.8  154.75 154.69 154.63 154.57 154.52
 154.46 154.4  154.35 154.29 154.24 154.18 154.13 154.07 154.02]",0.0003677803621980987,6
