Vehicle_ID,ID,time,xloc,yloc,line_integral_values,maneuver
533,522,[2.6 2.7 2.8 2.9 3.  3.1 3.2 3.3 3.4 3.5 3.6 3.7 3.8],"[1337.6887   1338.9881   1340.290975 1341.5973   1342.9066   1344.218875
 1345.534125 1346.85235  1348.17355  1349.497725 1350.824875 1352.155025
 1353.48815 ]","[159.63 159.6  159.57 159.55 159.52 159.49 159.47 159.44 159.41 159.38
 159.35 159.32 159.3 ]",1.5536583838564486,6
