Vehicle_ID,ID,time,xloc,yloc,line_integral_values,maneuver
66,69,[4.1 4.2 4.3 4.4 4.5 4.6 4.7 4.8 4.9 5. ],"[1085.5039   1086.2954   1087.094975 1087.9026   1088.718275 1089.541975
 1090.373175 1091.211375 1092.057075 1092.91025 ]",[158.92 158.94 158.97 158.99 159.01 159.03 159.05 159.07 159.1  159.12],0.4922000874329711,6
