Vehicle_ID,ID,time,xloc,yloc,line_integral_values,maneuver
1046,972,"[0.3 0.4 0.5 0.6 0.7 0.8 0.9 1.  1.1 1.2 1.3 1.4 1.5 1.6 1.7 1.8 1.9 2.
 2.1 2.2 2.3 2.4 2.5 2.6 2.7 2.8 2.9 3.  3.1 3.2 3.3 3.4 3.5 3.6 3.7 3.8
 3.9 4.  4.1 4.2 4.3 4.4 4.5 4.6 4.7 4.8 4.9 5. ]","[1585.2043   1585.46035  1585.72     1585.98325  1586.2506   1586.522025
 1586.798025 1587.0786   1587.36325  1587.652475 1587.94625  1588.2446
 1588.547525 1588.855    1589.167525 1589.4851   1589.807725 1590.1354
 1590.468125 1590.805875 1591.14865  1591.49645  1591.849275 1592.207125
 1592.569975 1592.93785  1593.31075  1593.68815  1594.070025 1594.456375
 1594.847225 1595.24255  1595.641825 1596.045075 1596.4523   1596.86295
 1597.276525 1597.69355  1598.114025 1598.53745  1598.9633   1599.391575
 1599.8228   1600.256475 1600.6926   1601.131175 1601.572225 1602.015725]","[157.48 157.49 157.5  157.51 157.52 157.53 157.54 157.56 157.57 157.58
 157.59 157.6  157.62 157.63 157.64 157.66 157.67 157.68 157.7  157.71
 157.73 157.74 157.75 157.77 157.78 157.8  157.81 157.83 157.84 157.86
 157.87 157.89 157.9  157.91 157.93 157.94 157.96 157.97 157.99 158.
 158.01 158.03 158.04 158.06 158.07 158.08 158.1  158.11]",28.723232788900013,6
