Vehicle_ID,ID,time,xloc,yloc,old_xloc,old_yloc,line_integral_values,maneuver
510,510,"[2.9 3.  3.1 3.2 3.3 3.4 3.5 3.6 3.7 3.8 3.9 4.  4.1 4.2 4.3 4.4 4.5 4.6
 4.7 4.8 4.9]","[1600.5286   1601.570675 1602.610275 1603.6474   1604.68205  1605.714725
 1606.74545  1607.7742   1608.800975 1609.8258   1610.84915  1611.871025
 1612.89095  1613.909425 1614.926425 1615.94195  1616.956    1617.96805
 1618.9786   1619.987675 1620.994775]","[158.27 158.29 158.32 158.34 158.36 158.39 158.41 158.43 158.46 158.48
 158.5  158.52 158.55 158.57 158.59 158.61 158.64 158.66 158.69 158.71
 158.74]","[1600.5286   1601.570675 1602.610275 1603.6474   1604.68205  1605.714725
 1606.74545  1607.7742   1608.800975 1609.8258   1610.84915  1611.871025
 1612.89095  1613.909425 1614.926425 1615.94195  1616.956    1617.96805
 1618.9786   1619.987675 1620.994775]","[158.27 158.29 158.32 158.34 158.36 158.39 158.41 158.43 158.46 158.48
 158.5  158.52 158.55 158.57 158.59 158.61 158.64 158.66 158.69 158.71
 158.74]",0.0,6
