Vehicle_ID,ID,time,xloc,yloc,line_integral_values,maneuver
899,899,[1.4 1.5 1.6 1.7 1.8 1.9 2.  2.1 2.2 2.3 2.4 2.5 2.6],"[1815.6986   1816.854075 1818.0105   1819.167875 1820.3262   1821.486
 1822.6473   1823.8096   1824.9734   1826.138675 1827.305425 1828.473675
 1829.643425]","[162.23 162.24 162.25 162.26 162.27 162.28 162.3  162.31 162.32 162.33
 162.34 162.36 162.37]",0.016870723914314947,6
