Vehicle_ID,ID,time,xloc,yloc,line_integral_values,maneuver
2636,2636,"[1.4 1.5 1.6 1.7 1.8 1.9 2.  2.1 2.2 2.3 2.4 2.5 2.6 2.7 2.8 2.9 3.  3.1
 3.2 3.3 3.4 3.5 3.6 3.7 3.8 3.9 4.  4.1 4.2 4.3 4.4 4.5 4.6 4.7 4.8 4.9
 5. ]","[1980.096875 1981.30225  1982.50765  1983.7105   1984.907175 1986.095075
 1987.27165  1988.433825 1989.579025 1990.704175 1991.805725 1992.881175
 1993.92905  1994.9484   1995.938825 1996.900975 1997.836525 1998.74665
 1999.632975 2000.497125 2001.340725 2002.165375 2002.97215  2003.7626
 2004.53725  2005.2966   2006.041675 2006.772975 2007.489975 2008.19265
 2008.881475 2009.556425 2010.2175   2010.865225 2011.50065  2012.124825
 2012.7393  ]","[155.83 155.74 155.65 155.56 155.47 155.38 155.29 155.2  155.11 155.02
 154.93 154.84 154.76 154.67 154.59 154.5  154.42 154.34 154.26 154.19
 154.11 154.04 153.97 153.9  153.83 153.75 153.68 153.61 153.55 153.48
 153.41 153.34 153.27 153.21 153.14 153.08 153.01]",0.0003089313003886809,6
