Vehicle_ID,ID,time,xloc,yloc,old_xloc,old_yloc,line_integral_values,maneuver
3,61,"[1.1 1.2 1.3 1.4 1.5 1.6 1.7 1.8 1.9 2.  2.1 2.2 2.3 2.4 2.5 2.6 2.7 2.8
 2.9 3.  3.1 3.2 3.3 3.4 3.5 3.6 3.7 3.8 3.9 4.  4.1 4.2 4.3 4.4 4.5 4.6
 4.7 4.8 4.9]","[1600.301975 1600.93155  1601.5597   1602.186925 1602.8127   1603.436
 1604.05625  1604.672375 1605.28285  1605.88715  1606.485275 1607.07725
 1607.663125 1608.243975 1608.82135  1609.396325 1609.968925 1610.539125
 1611.1069   1611.671675 1612.232375 1612.78745  1613.33535  1613.8745
 1614.403325 1614.9208   1615.4264   1615.91915  1616.39965  1616.86895
 1617.327075 1617.774575 1618.212025 1618.639975 1619.05945  1619.4715
 1619.876675 1620.275525 1620.66905 ]","[157.55 157.56 157.58 157.59 157.61 157.62 157.64 157.65 157.67 157.68
 157.7  157.71 157.73 157.74 157.76 157.77 157.78 157.8  157.81 157.83
 157.84 157.86 157.87 157.88 157.89 157.91 157.92 157.93 157.94 157.95
 157.96 157.96 157.97 157.98 157.99 158.   158.01 158.02 158.02]","[1600.301975 1600.93155  1601.5597   1602.186925 1602.8127   1603.436
 1604.05625  1604.672375 1605.28285  1605.88715  1606.485275 1607.07725
 1607.663125 1608.243975 1608.82135  1609.396325 1609.968925 1610.539125
 1611.1069   1611.671675 1612.232375 1612.78745  1613.33535  1613.8745
 1614.403325 1614.9208   1615.4264   1615.91915  1616.39965  1616.86895
 1617.327075 1617.774575 1618.212025 1618.639975 1619.05945  1619.4715
 1619.876675 1620.275525 1620.66905 ]","[157.55 157.56 157.58 157.59 157.61 157.62 157.64 157.65 157.67 157.68
 157.7  157.71 157.73 157.74 157.76 157.77 157.78 157.8  157.81 157.83
 157.84 157.86 157.87 157.88 157.89 157.91 157.92 157.93 157.94 157.95
 157.96 157.96 157.97 157.98 157.99 158.   158.01 158.02 158.02]",7.613077339934823e-06,6
