Vehicle_ID,ID,time,xloc,yloc,line_integral_values,maneuver
540,540,[1.5 1.6 1.7 1.8 1.9 2.  2.1 2.2 2.3 2.4 2.5 2.6 2.7],"[1815.7924   1816.93025  1818.069525 1819.21075  1820.35395  1821.49915
 1822.64685  1823.797575 1824.95135  1826.108175 1827.26855  1828.432975
 1829.60095 ]","[162.56 162.57 162.58 162.59 162.59 162.6  162.61 162.61 162.62 162.62
 162.63 162.63 162.63]",0.004199701829164597,6
