Vehicle_ID,ID,time,xloc,yloc,line_integral_values,maneuver
972,899,"[0.3 0.4 0.5 0.6 0.7 0.8 0.9 1.  1.1 1.2 1.3 1.4 1.5 1.6 1.7 1.8 1.9 2.
 2.1 2.2 2.3 2.4 2.5 2.6 2.7 2.8 2.9 3.  3.1 3.2 3.3 3.4 3.5 3.6 3.7 3.8
 3.9 4.  4.1 4.2 4.3 4.4 4.5 4.6 4.7 4.8 4.9 5. ]","[1600.242475 1600.686125 1601.135275 1601.589425 1602.04855  1602.51265
 1602.981725 1603.45525  1603.93325  1604.415725 1604.90215  1605.39305
 1605.888425 1606.38775  1606.89105  1607.398325 1607.90955  1608.4242
 1608.941775 1609.462275 1609.985175 1610.509975 1611.036675 1611.565275
 1612.09525  1612.6261   1613.157325 1613.688425 1614.2194   1614.75025
 1615.280975 1615.811075 1616.34005  1616.8679   1617.39465  1617.9203
 1618.444875 1618.968375 1619.4908   1620.012175 1620.531975 1621.0502
 1621.567375 1622.083025 1622.59715  1623.109725 1623.62075  1624.130225
 1624.63765  1625.14355 ]","[157.81 157.81 157.81 157.81 157.81 157.81 157.81 157.81 157.8  157.8
 157.8  157.8  157.8  157.8  157.8  157.8  157.8  157.8  157.8  157.81
 157.81 157.81 157.81 157.82 157.82 157.83 157.83 157.84 157.84 157.85
 157.86 157.87 157.88 157.89 157.9  157.91 157.92 157.93 157.94 157.95
 157.97 157.98 157.99 158.   158.02 158.03 158.04 158.06 158.07 158.08]",0.48691283640607713,6
