Vehicle_ID,ID,time,xloc,yloc,line_integral_values,maneuver
2017,2040,[3.3 3.4 3.5 3.6 3.7 3.8 3.9 4.  4.1 4.2 4.3 4.4 4.5 4.6 4.7 4.8 4.9],"[1817.751575 1818.743925 1819.731775 1820.71565  1821.69605  1822.672975
 1823.64645  1824.616975 1825.58455  1826.548675 1827.509325 1828.467
 1829.4212   1830.3714   1831.317575 1832.259725 1833.19785 ]","[162.83 162.84 162.86 162.87 162.88 162.89 162.9  162.91 162.92 162.93
 162.93 162.94 162.95 162.95 162.96 162.96 162.96]",0.5494642777554044,6
