Vehicle_ID,ID,time,xloc,yloc,line_integral_values,maneuver
522,510,[4.5 4.6 4.7 4.8 4.9],[1600.5286   1601.570675 1602.610275 1603.6474   1604.68205 ],[158.27 158.29 158.32 158.34 158.36],0.0,6
