Vehicle_ID,ID,time,xloc,yloc,line_integral_values,maneuver
68,68,"[2.3 2.4 2.5 2.6 2.7 2.8 2.9 3.  3.1 3.2 3.3 3.4 3.5 3.6 3.7 3.8 3.9 4.
 4.1 4.2 4.3 4.4 4.5 4.6 4.7 4.8 4.9 5. ]","[1980.339225 1981.0217   1981.700525 1982.375175 1983.0446   1983.7078
 1984.363775 1985.012475 1985.652875 1986.283975 1986.905275 1987.51575
 1988.1149   1988.70275  1989.279275 1989.844475 1990.39835  1990.940875
 1991.471575 1991.990475 1992.49805  1992.9943   1993.479225 1993.952825
 1994.415125 1994.866125 1995.305825 1995.734225]","[155.38 155.32 155.26 155.2  155.14 155.08 155.02 154.96 154.91 154.85
 154.8  154.75 154.7  154.65 154.6  154.56 154.51 154.47 154.43 154.39
 154.36 154.32 154.29 154.26 154.23 154.2  154.17 154.15]",5.0138263086824e-05,6
