Vehicle_ID,ID,time,xloc,yloc,line_integral_values,maneuver
586,586,[4.  4.1 4.2 4.3 4.4 4.5 4.6 4.7 4.8 4.9 5. ],"[1815.06465  1815.318775 1815.56595  1815.809375 1816.0527   1816.298025
 1816.547425 1816.804    1817.0698   1817.34525  1817.62975 ]","[162.48 162.48 162.48 162.48 162.47 162.47 162.47 162.47 162.48 162.48
 162.48]",9.759984615354334,6
