Vehicle_ID,ID,time,xloc,yloc,line_integral_values,maneuver
537,537,"[1.5 1.6 1.7 1.8 1.9 2.  2.1 2.2 2.3 2.4 2.5 2.6 2.7 2.8 2.9 3.  3.1 3.2
 3.3 3.4 3.5 3.6 3.7 3.8 3.9 4.  4.1 4.2 4.3 4.4 4.5 4.6 4.7 4.8 4.9 5. ]","[1815.679675 1816.8173   1817.958375 1819.102875 1820.2503   1821.400175
 1822.5525   1823.70775  1824.865425 1826.02505  1827.187125 1828.35165
 1829.5181   1830.686475 1831.8563   1833.027575 1834.200275 1835.3744
 1836.549975 1837.726475 1838.9039   1840.081775 1841.2601   1842.43935
 1843.619025 1844.79915  1845.979725 1847.16075  1848.342225 1849.523675
 1850.7056   1851.888    1853.070875 1854.254225 1855.4381   1856.623   ]","[162.51 162.54 162.56 162.58 162.6  162.62 162.64 162.66 162.68 162.69
 162.71 162.73 162.74 162.76 162.77 162.78 162.8  162.81 162.82 162.83
 162.84 162.84 162.85 162.85 162.86 162.86 162.86 162.86 162.86 162.85
 162.85 162.85 162.84 162.83 162.83 162.82]",1.5050069199730813,6
