Vehicle_ID,ID,time,xloc,yloc,line_integral_values,maneuver
68,77,"[1.8 1.9 2.  2.1 2.2 2.3 2.4 2.5 2.6 2.7 2.8 2.9 3.  3.1 3.2 3.3 3.4 3.5
 3.6 3.7 3.8 3.9 4.  4.1 4.2 4.3 4.4 4.5 4.6 4.7 4.8 4.9]","[1600.065175 1600.34535  1600.62165  1600.894575 1601.164625 1601.431275
 1601.6945   1601.954275 1602.2101   1602.46195  1602.7098   1602.953675
 1603.1941   1603.431575 1603.666125 1603.8988   1604.1301   1604.360025
 1604.589625 1604.8194   1605.04985  1605.2815   1605.51485  1605.7504
 1605.98815  1606.228075 1606.470125 1606.71375  1606.958425 1607.204125
 1607.4498   1607.694925]","[158.31 158.32 158.33 158.33 158.34 158.34 158.35 158.35 158.36 158.37
 158.37 158.38 158.38 158.39 158.4  158.4  158.41 158.41 158.42 158.43
 158.43 158.44 158.44 158.44 158.45 158.45 158.46 158.46 158.46 158.47
 158.47 158.47]",0.0,6
