Vehicle_ID,ID,time,xloc,yloc,line_integral_values,maneuver
103,82,[3.  3.1 3.2 3.3 3.4 3.5 3.6 3.7 3.8 3.9 4.  4.1],"[1337.040775 1338.4979   1339.957    1341.4181   1342.881175 1344.346225
 1345.812775 1347.2808   1348.750775 1350.222225 1351.69465  1353.168525]","[159.29 159.26 159.22 159.19 159.16 159.12 159.09 159.05 159.02 158.98
 158.95 158.91]",0.8998047608458408,6
