Vehicle_ID,ID,time,xloc,yloc,line_integral_values,maneuver
2698,2636,"[0.  0.1 0.2 0.3 0.4 0.5 0.6 0.7 0.8 0.9 1.  1.1 1.2 1.3 1.4 1.5 1.6 1.7
 1.8 1.9 2.  2.1 2.2 2.3 2.4 2.5 2.6 2.7 2.8]","[1600.5011   1601.49705  1602.496    1603.498475 1604.504475 1605.513475
 1606.525475 1607.539975 1608.55695  1609.5769   1610.59985  1611.6258
 1612.65475  1613.686725 1614.721725 1615.759725 1616.800725 1617.84525
 1618.8933   1619.944875 1621.0005   1622.0607   1623.126    1624.1964
 1625.2724   1626.3545   1627.4422   1628.534975 1629.632775]","[158.16 158.18 158.2  158.22 158.24 158.26 158.27 158.29 158.31 158.33
 158.35 158.37 158.39 158.41 158.43 158.45 158.48 158.5  158.52 158.54
 158.56 158.58 158.6  158.62 158.64 158.66 158.68 158.7  158.72]",0.0,6
