Vehicle_ID,ID,time,xloc,yloc,line_integral_values,maneuver
1008,2390,[3.5 3.6 3.7 3.8 3.9 4.  4.1 4.2 4.3 4.4 4.5 4.6 4.7],"[2108.493225 2109.8537   2111.2171   2112.582925 2113.9512   2115.321925
 2116.6951   2118.071225 2119.450325 2120.832425 2122.218025 2123.60715
 2124.999825]","[143.98 143.86 143.75 143.64 143.53 143.42 143.31 143.2  143.09 142.98
 142.87 142.76 142.65]",3.4678245220172197e-12,6
