Vehicle_ID,ID,time,xloc,yloc,line_integral_values,maneuver
57,57,[1.5 1.6 1.7 1.8 1.9 2.  2.1 2.2 2.3 2.4 2.5 2.6 2.7 2.8 2.9 3. ],"[1337.160325 1338.287725 1339.4086   1340.52295  1341.6308   1342.732125
 1343.826425 1344.9137   1345.993925 1347.0666   1348.1312   1349.187725
 1350.236175 1351.276025 1352.306775 1353.32895 ]","[159.18 159.15 159.13 159.1  159.08 159.05 159.03 159.01 158.99 158.97
 158.94 158.92 158.9  158.88 158.86 158.84]",4.4739187377163665,6
