Vehicle_ID,ID,time,xloc,yloc,line_integral_values,maneuver
2017,2017,[1.  1.1 1.2 1.3 1.4 1.5 1.6 1.7 1.8 1.9],"[1800.179125 1801.270175 1802.35875  1803.445375 1804.530025 1805.6122
 1806.6914   1807.768075 1808.842225 1809.91285 ]",[162.01 162.03 162.05 162.07 162.08 162.1  162.12 162.13 162.15 162.17],0.3577836222675721,6
