Vehicle_ID,ID,time,xloc,yloc,line_integral_values,maneuver
2509,2150,"[0.  0.1 0.2 0.3 0.4 0.5 0.6 0.7 0.8 0.9 1.  1.1 1.2 1.3 1.4 1.5 1.6 1.7
 1.8 1.9 2.  2.1 2.2 2.3 2.4 2.5 2.6 2.7 2.8 2.9 3.  3.1 3.2 3.3 3.4 3.5
 3.6 3.7 3.8 3.9 4.  4.1 4.2 4.3 4.4 4.5 4.6 4.7 4.8 4.9 5. ]","[1830.146625 1831.246625 1832.3415   1833.43125  1834.515375 1835.59335
 1836.664675 1837.729375 1838.78745  1839.8384   1840.88225  1841.9195
 1842.950175 1843.973775 1844.9903   1846.000275 1847.003725 1848.00015
 1848.989525 1849.97185  1850.947125 1851.915375 1852.8766   1853.830775
 1854.777925 1855.71805  1856.65065  1857.575725 1858.493775 1859.404825
 1860.30885  1861.20585  1862.09585  1862.978875 1863.854925 1864.7245
 1865.5881   1866.445725 1867.297425 1868.1437   1868.98505  1869.821475
 1870.652975 1871.480075 1872.302775 1873.121075 1873.935975 1874.747475
 1875.555575 1876.360775 1877.163075]","[162.52 162.52 162.52 162.52 162.52 162.52 162.52 162.52 162.52 162.51
 162.51 162.51 162.5  162.5  162.49 162.49 162.48 162.47 162.47 162.46
 162.45 162.44 162.43 162.42 162.41 162.4  162.39 162.38 162.37 162.36
 162.35 162.34 162.32 162.31 162.3  162.28 162.27 162.25 162.24 162.22
 162.21 162.19 162.17 162.16 162.14 162.12 162.1  162.08 162.05 162.03
 162.01]",13.636140399327193,6
