Vehicle_ID,ID,time,xloc,yloc,line_integral_values,maneuver
2972,2972,[1.2 1.3 1.4 1.5 1.6 1.7 1.8 1.9 2.  2.1 2.2],"[1800.686525 1801.580275 1802.466475 1803.34565  1804.218325 1805.08505
 1805.945825 1806.801675 1807.653125 1808.500175 1809.34335 ]","[162.1  162.11 162.12 162.14 162.15 162.17 162.18 162.2  162.22 162.23
 162.25]",0.24375267070529952,6
