Vehicle_ID,ID,time,xloc,yloc,line_integral_values,maneuver
82,82,"[1.8 1.9 2.  2.1 2.2 2.3 2.4 2.5 2.6 2.7 2.8 2.9 3.  3.1 3.2 3.3 3.4 3.5
 3.6]","[1810.433275 1810.97255  1811.5101   1812.046975 1812.5842   1813.12275
 1813.663125 1814.2053   1814.748175 1815.29065  1815.8306   1816.366425
 1816.897075 1817.421    1817.937675 1818.446625 1818.947875 1819.44195
 1819.9289  ]","[162.31 162.32 162.33 162.34 162.35 162.35 162.36 162.37 162.38 162.39
 162.39 162.4  162.41 162.42 162.43 162.43 162.44 162.45 162.46]",0.043207653770797425,6
