Vehicle_ID,ID,time,xloc,yloc,old_xloc,old_yloc,line_integral_values,maneuver
66,77,"[0.  0.1 0.2 0.3 0.4 0.5 0.6 0.7 0.8 0.9 1.  1.1 1.2 1.3 1.4 1.5 1.6 1.7
 1.8 1.9 2.  2.1 2.2 2.3 2.4 2.5 2.6 2.7 2.8 2.9 3.  3.1 3.2 3.3 3.4 3.5
 3.6 3.7 3.8 3.9 4.  4.1 4.2 4.3 4.4 4.5 4.6 4.7 4.8 4.9]","[1606.958425 1607.204125 1607.4498   1607.694925 1607.9395   1608.183025
 1608.426    1608.668425 1608.910325 1609.151725 1609.392625 1609.63405
 1609.876025 1610.11855  1610.36265  1610.60885  1610.85715  1611.10755
 1611.36055  1611.61615  1611.874325 1612.13505  1612.3973   1612.660525
 1612.9242   1613.187275 1613.448675 1613.70735  1613.96175  1614.210325
 1614.45255  1614.68795  1614.916075 1615.138    1615.3548   1615.567575
 1615.777925 1615.987425 1616.19765  1616.41015  1616.62595  1616.84555
 1617.0689   1617.29545  1617.524675 1617.756    1617.989375 1618.2243
 1618.46025  1618.6972  ]","[158.46 158.47 158.47 158.47 158.48 158.48 158.49 158.49 158.5  158.5
 158.51 158.51 158.52 158.52 158.53 158.53 158.54 158.54 158.55 158.55
 158.55 158.56 158.56 158.56 158.57 158.57 158.57 158.57 158.58 158.58
 158.58 158.58 158.59 158.59 158.59 158.6  158.6  158.6  158.61 158.61
 158.61 158.62 158.62 158.63 158.63 158.63 158.64 158.64 158.64 158.65]","[1606.958425 1607.204125 1607.4498   1607.694925 1607.9395   1608.183025
 1608.426    1608.668425 1608.910325 1609.151725 1609.392625 1609.63405
 1609.876025 1610.11855  1610.36265  1610.60885  1610.85715  1611.10755
 1611.36055  1611.61615  1611.874325 1612.13505  1612.3973   1612.660525
 1612.9242   1613.187275 1613.448675 1613.70735  1613.96175  1614.210325
 1614.45255  1614.68795  1614.916075 1615.138    1615.3548   1615.567575
 1615.777925 1615.987425 1616.19765  1616.41015  1616.62595  1616.84555
 1617.0689   1617.29545  1617.524675 1617.756    1617.989375 1618.2243
 1618.46025  1618.6972  ]","[158.46 158.47 158.47 158.47 158.48 158.48 158.49 158.49 158.5  158.5
 158.51 158.51 158.52 158.52 158.53 158.53 158.54 158.54 158.55 158.55
 158.55 158.56 158.56 158.56 158.57 158.57 158.57 158.57 158.58 158.58
 158.58 158.58 158.59 158.59 158.59 158.6  158.6  158.6  158.61 158.61
 158.61 158.62 158.62 158.63 158.63 158.63 158.64 158.64 158.64 158.65]",1.8084801208911115e-10,6
