ID,time,xloc,yloc,old_xloc,old_yloc,line_integral_values,maneuver
0,"[0.  0.1 0.2 0.3 0.4 0.5 0.6 0.7 0.8 0.9 1.  1.1 1.2 1.3 1.4 1.5 1.6 1.7
 1.8 1.9 2.  2.1 2.2 2.3 2.4 2.5 2.6 2.7 2.8 2.9 3.  3.1 3.2 3.3 3.4 3.5
 3.6 3.7 3.8 3.9 4.  4.1 4.2 4.3 4.4 4.5 4.6 4.7 4.8 4.9 5. ]","[-23519.71475  -23519.162925 -23518.6167   -23518.07495  -23517.535575
 -23516.997    -23516.458175 -23515.917575 -23515.3752   -23514.831075
 -23514.284725 -23513.736175 -23513.185975 -23512.6352   -23512.084375
 -23511.533525 -23510.9832   -23510.43445  -23509.88885  -23509.34745
 -23508.810775 -23508.280375 -23507.7578   -23507.244075 -23506.7397
 -23506.24515  -23505.7609   -23505.2864   -23504.8211   -23504.36445
 -23503.915875 -23503.47535  -23503.042875 -23502.61845  -23502.202075
 -23501.7943   -23501.3967   -23501.010825 -23500.637725 -23500.27895
 -23499.936025 -23499.61     -23499.3019   -23499.012175 -23498.7408
 -23498.48775  -23498.252425 -23498.033725 -23497.830575 -23497.641375
 -23497.464025]","[-3.64 -3.63 -3.61 -3.6  -3.59 -3.58 -3.56 -3.55 -3.54 -3.53 -3.52 -3.51
 -3.5  -3.49 -3.48 -3.48 -3.47 -3.46 -3.45 -3.44 -3.43 -3.43 -3.42 -3.41
 -3.41 -3.4  -3.4  -3.39 -3.38 -3.38 -3.37 -3.37 -3.36 -3.36 -3.35 -3.35
 -3.34 -3.34 -3.33 -3.33 -3.32 -3.31 -3.31 -3.3  -3.3  -3.29 -3.28 -3.28
 -3.27 -3.27 -3.26]","[-21949.71475  -21949.162925 -21948.6167   -21948.07495  -21947.535575
 -21946.997    -21946.458175 -21945.917575 -21945.3752   -21944.831075
 -21944.284725 -21943.736175 -21943.185975 -21942.6352   -21942.084375
 -21941.533525 -21940.9832   -21940.43445  -21939.88885  -21939.34745
 -21938.810775 -21938.280375 -21937.7578   -21937.244075 -21936.7397
 -21936.24515  -21935.7609   -21935.2864   -21934.8211   -21934.36445
 -21933.915875 -21933.47535  -21933.042875 -21932.61845  -21932.202075
 -21931.7943   -21931.3967   -21931.010825 -21930.637725 -21930.27895
 -21929.936025 -21929.61     -21929.3019   -21929.012175 -21928.7408
 -21928.48775  -21928.252425 -21928.033725 -21927.830575 -21927.641375
 -21927.464025]","[-4.5  -4.49 -4.47 -4.46 -4.45 -4.44 -4.42 -4.41 -4.4  -4.39 -4.38 -4.37
 -4.36 -4.35 -4.34 -4.34 -4.33 -4.32 -4.31 -4.3  -4.29 -4.29 -4.28 -4.27
 -4.27 -4.26 -4.26 -4.25 -4.24 -4.24 -4.23 -4.23 -4.22 -4.22 -4.21 -4.21
 -4.2  -4.2  -4.19 -4.19 -4.18 -4.17 -4.17 -4.16 -4.16 -4.15 -4.14 -4.14
 -4.13 -4.13 -4.12]",0.0,6
