Vehicle_ID,ID,time,xloc,yloc,line_integral_values,maneuver
2104,2040,"[0.9 1.  1.1 1.2 1.3 1.4 1.5 1.6 1.7 1.8 1.9 2.  2.1 2.2 2.3 2.4 2.5 2.6
 2.7 2.8 2.9 3.  3.1 3.2 3.3 3.4 3.5 3.6 3.7 3.8 3.9 4.  4.1 4.2 4.3 4.4
 4.5 4.6 4.7 4.8 4.9 5. ]","[1830.3714   1831.317575 1832.259725 1833.19785  1834.131425 1835.06045
 1835.984925 1836.90435  1837.818725 1838.728575 1839.6339   1840.5342
 1841.43     1842.3218   1843.209625 1844.0935   1844.973925 1845.8509
 1846.724925 1847.596525 1848.465725 1849.333025 1850.1984   1851.06185
 1851.9239   1852.78455  1853.6438   1854.502125 1855.359525 1856.216025
 1857.0721   1857.92775  1858.783    1859.638325 1860.493725 1861.349225
 1862.2053   1863.06195  1863.9192   1864.777525 1865.636925 1866.4974  ]","[162.95 162.96 162.96 162.96 162.97 162.97 162.97 162.98 162.98 162.98
 162.98 162.98 162.98 162.98 162.98 162.98 162.98 162.97 162.97 162.97
 162.96 162.96 162.95 162.94 162.94 162.93 162.92 162.92 162.91 162.9
 162.9  162.89 162.88 162.87 162.86 162.85 162.84 162.83 162.82 162.81
 162.8  162.78]",1.6304516249727856,6
