Vehicle_ID,ID,time,xloc,yloc,line_integral_values,maneuver
66,69,[3.9 4.  4.1 4.2 4.3 4.4 4.5 4.6 4.7 4.8 4.9 5. ],"[1810.3194   1810.8275   1811.337225 1811.848575 1812.36155  1812.877175
 1813.395425 1813.9163   1814.440325 1814.967475 1815.497725 1816.031575]","[161.78 161.79 161.81 161.83 161.84 161.86 161.87 161.89 161.9  161.92
 161.93 161.95]",0.8317307927004995,6
