Vehicle_ID,ID,time,xloc,yloc,line_integral_values,maneuver
2104,0,"[0.  0.1 0.2 0.3 0.4 0.5 0.6 0.7 0.8 0.9 1.  1.1 1.2 1.3 1.4 1.5 1.6 1.7
 1.8 1.9 2.  2.1 2.2 2.3 2.4 2.5 2.6 2.7 2.8 2.9 3.  3.1 3.2 3.3 3.4 3.5
 3.6 3.7 3.8 3.9 4.  4.1 4.2 4.3 4.4 4.5 4.6 4.7 4.8 4.9 5. ]","[2200.3071   2201.023125 2201.741675 2202.46275  2203.186375 2203.913025
 2204.6427   2205.375425 2206.111175 2206.84995  2207.59125  2208.33505
 2209.08135  2209.829625 2210.57985  2211.33205  2212.086225 2212.84235
 2213.599925 2214.358975 2215.12     2215.883    2216.648    2217.415
 2218.184    2218.955025 2219.728075 2220.503625 2221.2817   2222.0623
 2222.845425 2223.631075 2224.41975  2225.21145  2226.006175 2226.80395
 2227.604775 2228.408625 2229.2155   2230.025925 2230.839875 2231.65735
 2232.478375 2233.302925 2234.131    2234.962625 2235.798275 2236.63795
 2237.481675 2238.32995  2239.1828  ]","[136.76 136.72 136.67 136.63 136.58 136.54 136.49 136.45 136.4  136.35
 136.3  136.25 136.2  136.15 136.1  136.05 136.   135.95 135.9  135.85
 135.79 135.74 135.69 135.63 135.58 135.52 135.46 135.41 135.35 135.29
 135.23 135.17 135.11 135.05 134.99 134.93 134.86 134.8  134.74 134.67
 134.61 134.55 134.48 134.41 134.35 134.28 134.21 134.15 134.08 134.01
 133.94]",0.0,6
