Vehicle_ID,ID,time,xloc,yloc,old_xloc,old_yloc,line_integral_values,maneuver
1046,942,"[195.5 195.6 195.7 195.8 195.9 196.  196.1 196.2 196.3 196.4 196.5 196.6
 196.7 196.8 196.9 197.  197.1 197.2 197.3 197.4 197.5 197.6 197.7 197.8
 197.9 198.  198.1 198.2 198.3 198.4 198.5 198.6 198.7 198.8 198.9 199.
 199.1 199.2]","[1610.4701   1610.9826   1611.496025 1612.0104   1612.525725 1613.042025
 1613.5593   1614.07755  1614.597275 1615.118475 1615.640675 1616.163875
 1616.688575 1617.21475  1617.7419   1618.269525 1618.7976   1619.326125
 1619.854575 1620.38245  1620.90975  1621.436475 1621.962125 1622.4867
 1623.0102   1623.532625 1624.053975 1624.57375  1625.091975 1625.60915
 1626.1248   1626.638925 1627.152025 1627.6641   1628.17515  1628.6852
 1629.194775 1629.7044  ]","[157.88 157.9  157.91 157.93 157.94 157.96 157.97 157.99 158.01 158.02
 158.04 158.06 158.07 158.09 158.1  158.12 158.13 158.15 158.16 158.18
 158.19 158.21 158.22 158.23 158.25 158.26 158.28 158.29 158.31 158.32
 158.33 158.35 158.36 158.38 158.39 158.4  158.42 158.43]","[1610.4701   1610.9826   1611.496025 1612.0104   1612.525725 1613.042025
 1613.5593   1614.07755  1614.597275 1615.118475 1615.640675 1616.163875
 1616.688575 1617.21475  1617.7419   1618.269525 1618.7976   1619.326125
 1619.854575 1620.38245  1620.90975  1621.436475 1621.962125 1622.4867
 1623.0102   1623.532625 1624.053975 1624.57375  1625.091975 1625.60915
 1626.1248   1626.638925 1627.152025 1627.6641   1628.17515  1628.6852
 1629.194775 1629.7044  ]","[157.88 157.9  157.91 157.93 157.94 157.96 157.97 157.99 158.01 158.02
 158.04 158.06 158.07 158.09 158.1  158.12 158.13 158.15 158.16 158.18
 158.19 158.21 158.22 158.23 158.25 158.26 158.28 158.29 158.31 158.32
 158.33 158.35 158.36 158.38 158.39 158.4  158.42 158.43]",0.0,6
