ID,time,xloc,yloc,old_xloc,old_yloc,line_integral_values,maneuver
0,"[0.  0.1 0.2 0.3 0.4 0.5 0.6 0.7 0.8 0.9 1.  1.1 1.2 1.3 1.4 1.5 1.6 1.7
 1.8 1.9 2.  2.1 2.2 2.3 2.4 2.5 2.6 2.7 2.8 2.9 3.  3.1 3.2 3.3 3.4 3.5
 3.6 3.7 3.8 3.9 4.  4.1 4.2 4.3 4.4 4.5 4.6 4.7 4.8 4.9 5. ]","[-20379.71475  -20379.162925 -20378.6167   -20378.07495  -20377.535575
 -20376.997    -20376.458175 -20375.917575 -20375.3752   -20374.831075
 -20374.284725 -20373.736175 -20373.185975 -20372.6352   -20372.084375
 -20371.533525 -20370.9832   -20370.43445  -20369.88885  -20369.34745
 -20368.810775 -20368.280375 -20367.7578   -20367.244075 -20366.7397
 -20366.24515  -20365.7609   -20365.2864   -20364.8211   -20364.36445
 -20363.915875 -20363.47535  -20363.042875 -20362.61845  -20362.202075
 -20361.7943   -20361.3967   -20361.010825 -20360.637725 -20360.27895
 -20359.936025 -20359.61     -20359.3019   -20359.012175 -20358.7408
 -20358.48775  -20358.252425 -20358.033725 -20357.830575 -20357.641375
 -20357.464025]","[-3.82 -3.81 -3.79 -3.78 -3.77 -3.76 -3.74 -3.73 -3.72 -3.71 -3.7  -3.69
 -3.68 -3.67 -3.66 -3.66 -3.65 -3.64 -3.63 -3.62 -3.61 -3.61 -3.6  -3.59
 -3.59 -3.58 -3.58 -3.57 -3.56 -3.56 -3.55 -3.55 -3.54 -3.54 -3.53 -3.53
 -3.52 -3.52 -3.51 -3.51 -3.5  -3.49 -3.49 -3.48 -3.48 -3.47 -3.46 -3.46
 -3.45 -3.45 -3.44]","[-18809.71475  -18809.162925 -18808.6167   -18808.07495  -18807.535575
 -18806.997    -18806.458175 -18805.917575 -18805.3752   -18804.831075
 -18804.284725 -18803.736175 -18803.185975 -18802.6352   -18802.084375
 -18801.533525 -18800.9832   -18800.43445  -18799.88885  -18799.34745
 -18798.810775 -18798.280375 -18797.7578   -18797.244075 -18796.7397
 -18796.24515  -18795.7609   -18795.2864   -18794.8211   -18794.36445
 -18793.915875 -18793.47535  -18793.042875 -18792.61845  -18792.202075
 -18791.7943   -18791.3967   -18791.010825 -18790.637725 -18790.27895
 -18789.936025 -18789.61     -18789.3019   -18789.012175 -18788.7408
 -18788.48775  -18788.252425 -18788.033725 -18787.830575 -18787.641375
 -18787.464025]","[-3.75 -3.74 -3.72 -3.71 -3.7  -3.69 -3.67 -3.66 -3.65 -3.64 -3.63 -3.62
 -3.61 -3.6  -3.59 -3.59 -3.58 -3.57 -3.56 -3.55 -3.54 -3.54 -3.53 -3.52
 -3.52 -3.51 -3.51 -3.5  -3.49 -3.49 -3.48 -3.48 -3.47 -3.47 -3.46 -3.46
 -3.45 -3.45 -3.44 -3.44 -3.43 -3.42 -3.42 -3.41 -3.41 -3.4  -3.39 -3.39
 -3.38 -3.38 -3.37]",0.0,6
