Vehicle_ID,ID,time,xloc,yloc,line_integral_values,maneuver
77,83,"[0.  0.1 0.2 0.3 0.4 0.5 0.6 0.7 0.8 0.9 1.  1.1 1.2 1.3 1.4 1.5 1.6 1.7
 1.8 1.9 2.  2.1 2.2 2.3 2.4 2.5 2.6 2.7 2.8 2.9 3.  3.1 3.2]","[1820.357175 1820.854325 1821.343475 1821.824625 1822.298825 1822.76765
 1823.231625 1823.690725 1824.1444   1824.591575 1825.03065  1825.460075
 1825.879325 1826.2884   1826.687375 1827.077325 1827.460325 1827.837975
 1828.211875 1828.584625 1828.9583   1829.33445  1829.7146   1830.09975
 1830.490925 1830.889125 1831.29585  1831.712625 1832.140475 1832.5809
 1833.034875 1833.502375 1833.9844  ]","[162.1  162.1  162.1  162.1  162.1  162.1  162.1  162.1  162.1  162.09
 162.09 162.1  162.1  162.1  162.1  162.1  162.1  162.11 162.11 162.11
 162.11 162.11 162.12 162.12 162.12 162.12 162.12 162.13 162.13 162.13
 162.13 162.13 162.13]",0.044418476109033274,6
