Vehicle_ID,ID,time,xloc,yloc,line_integral_values,maneuver
856,0,[0.  0.1 0.2 0.3 0.4 0.5 0.6 0.7 0.8 0.9 1.  1.1],"[1600.28525  1600.837075 1601.3833   1601.92505  1602.464425 1603.003
 1603.541825 1604.082425 1604.6248   1605.168925 1605.715275 1606.263825
 1606.814025 1607.3648   1607.915625 1608.466475 1609.0168   1609.56555
 1610.11115  1610.65255  1611.189225 1611.719625 1612.2422   1612.755925
 1613.2603   1613.75485  1614.2391   1614.7136   1615.1789   1615.63555
 1616.084125 1616.52465  1616.957125 1617.38155  1617.797925 1618.2057
 1618.6033   1618.989175 1619.362275 1619.72105  1620.063975 1620.39
 1620.6981   1620.987825 1621.2592   1621.51225  1621.747575 1621.966275
 1622.169425 1622.358625]","[158.07 158.08 158.1  158.11 158.12 158.13 158.15 158.16 158.17 158.18
 158.19 158.2  158.21 158.22 158.23 158.23 158.24 158.25 158.26 158.27
 158.28 158.28 158.29 158.3  158.3  158.31 158.31 158.32 158.33 158.33
 158.34 158.34 158.35 158.35 158.36 158.36 158.37 158.37 158.38 158.38
 158.39 158.4  158.4  158.41 158.41 158.42 158.43 158.43 158.44 158.44]",0.7865991804499874,6
