Vehicle_ID,ID,time,xloc,yloc,line_integral_values,maneuver
91,91,"[1.8 1.9 2.  2.1 2.2 2.3 2.4 2.5 2.6 2.7 2.8 2.9 3.  3.1 3.2 3.3 3.4 3.5
 3.6 3.7 3.8]","[1810.15615  1810.606425 1811.05315  1811.499475 1811.947975 1812.40015
 1812.856475 1813.317375 1813.781725 1814.248925 1814.7184   1815.1896
 1815.66355  1816.142375 1816.62975  1817.129825 1817.6462   1818.1804
 1818.732875 1819.304575 1819.89645 ]","[162.23 162.23 162.23 162.23 162.23 162.22 162.22 162.22 162.22 162.22
 162.21 162.21 162.2  162.2  162.19 162.18 162.18 162.17 162.17 162.16
 162.15]",0.0601410555041251,6
