Vehicle_ID,ID,time,xloc,yloc,line_integral_values,maneuver
1961,1961,[3.5 3.6 3.7 3.8 3.9 4.  4.1 4.2 4.3 4.4 4.5 4.6 4.7 4.8 4.9 5. ],"[1840.033725 1841.1709   1842.305525 1843.4376   1844.5671   1845.693525
 1846.8169   1847.937225 1849.054    1850.167225 1851.276875 1852.38245
 1853.483975 1854.58145  1855.674875 1856.76425 ]","[162.78 162.79 162.79 162.8  162.81 162.81 162.82 162.82 162.82 162.82
 162.82 162.82 162.82 162.82 162.81 162.81]",0.9804602829980898,6
