Vehicle_ID,ID,time,xloc,yloc,line_integral_values,maneuver
2841,2841,"[1.3 1.4 1.5 1.6 1.7 1.8 1.9 2.  2.1 2.2 2.3 2.4 2.5 2.6 2.7 2.8 2.9 3.
 3.1 3.2 3.3 3.4 3.5 3.6 3.7 3.8 3.9 4.  4.1 4.2 4.3 4.4 4.5 4.6 4.7 4.8
 4.9 5. ]","[1910.692725 1912.07705  1913.4797   1914.8991   1916.3342   1917.78345
 1919.24475  1920.7155   1922.1921   1923.6714   1925.14925  1926.621025
 1928.0831   1929.531875 1930.962775 1932.371725 1933.755175 1935.109625
 1936.4326   1937.722675 1938.979475 1940.2037   1941.396575 1942.559775
 1943.6955   1944.805425 1945.891175 1946.9549   1947.9982   1949.022125
 1950.028225 1951.01755  1951.9901   1952.94635  1953.8863   1954.8094
 1955.7156   1956.604875]","[159.94 159.87 159.8  159.72 159.65 159.57 159.5  159.42 159.34 159.26
 159.19 159.11 159.03 158.95 158.88 158.8  158.72 158.64 158.57 158.49
 158.42 158.35 158.28 158.21 158.14 158.08 158.02 157.95 157.89 157.83
 157.77 157.71 157.65 157.59 157.53 157.47 157.42 157.36]",0.003452077002678996,6
