Vehicle_ID,ID,time,xloc,yloc,line_integral_values,maneuver
2390,2390,[1.  1.1 1.2 1.3 1.4 1.5 1.6 1.7 1.8 1.9],"[1800.04985  1801.09015  1802.126875 1803.159525 1804.1881   1805.213125
 1806.2346   1807.25255  1808.2675   1809.279475]",[162.41 162.43 162.44 162.46 162.47 162.49 162.5  162.52 162.53 162.54],0.16854063798626676,6
