Vehicle_ID,ID,time,xloc,yloc,line_integral_values,maneuver
0,0,"[2.2 2.3 2.4 2.5 2.6 2.7 2.8 2.9 3.  3.1 3.2 3.3 3.4 3.5 3.6 3.7 3.8 3.9
 4.  4.1 4.2 4.3 4.4 4.5 4.6 4.7 4.8 4.9 5. ]","[1585.4664   1586.104725 1586.7339   1587.353925 1587.964825 1588.56715
 1589.161975 1589.750875 1590.3349   1590.915125 1591.493625 1592.072475
 1592.65325  1593.236975 1593.824625 1594.416675 1595.012575 1595.611225
 1596.2115   1596.811275 1597.4079   1597.99925  1598.583275 1599.158925
 1599.726225 1600.28525  1600.837075 1601.3833   1601.92505 ]","[157.71 157.72 157.74 157.75 157.76 157.78 157.79 157.8  157.82 157.83
 157.84 157.86 157.87 157.89 157.9  157.92 157.93 157.95 157.97 157.98
 158.   158.01 158.03 158.04 158.06 158.07 158.08 158.1  158.11]",6.862793609660445,6
