Vehicle_ID,ID,time,xloc,yloc,line_integral_values,maneuver
2150,2150,[1.6 1.7 1.8 1.9 2.  2.1 2.2 2.3 2.4 2.5 2.6 2.7 2.8 2.9 3. ],"[1817.8278   1818.9606   1820.0909   1821.2187   1822.344    1823.4668
 1824.5876   1825.705875 1826.821125 1827.93335  1829.042025 1830.146625
 1831.246625 1832.3415   1833.43125 ]","[162.46 162.47 162.48 162.49 162.49 162.5  162.5  162.51 162.51 162.52
 162.52 162.52 162.52 162.52 162.52]",0.004900219939129667,6
