Vehicle_ID,ID,time,xloc,yloc,line_integral_values,maneuver
64,57,[0.2 0.3 0.4 0.5 0.6 0.7 0.8 0.9 1.  1.1 1.2 1.3 1.4 1.5 1.6],"[1127.418375 1128.501575 1129.589775 1130.682975 1131.78165  1132.8858
 1133.994425 1135.107525 1136.2256   1137.34865  1138.476175 1139.60765
 1140.743575 1141.88395  1143.0283  ]","[160.43 160.45 160.47 160.49 160.51 160.53 160.55 160.57 160.59 160.61
 160.62 160.64 160.66 160.67 160.69]",0.29438369927806796,6
