Vehicle_ID,ID,time,xloc,yloc,line_integral_values,maneuver
788,788,"[2.7 2.8 2.9 3.  3.1 3.2 3.3 3.4 3.5 3.6 3.7 3.8 3.9 4.  4.1 4.2 4.3 4.4
 4.5 4.6 4.7 4.8 4.9 5. ]","[1830.49595  1831.640875 1832.786825 1833.933775 1835.081725 1836.23015
 1837.37855  1838.526925 1839.675225 1840.82295  1841.970125 1843.116725
 1844.26225  1845.406725 1846.55065  1847.69405  1848.83695  1849.97935
 1851.12125  1852.26315  1853.405575 1854.548525 1855.6915   1856.835   ]","[162.43 162.42 162.41 162.41 162.4  162.39 162.38 162.37 162.36 162.35
 162.34 162.33 162.32 162.31 162.29 162.28 162.27 162.26 162.24 162.23
 162.21 162.2  162.19 162.17]",6.4781546709912385,6
