Vehicle_ID,ID,time,xloc,yloc,line_integral_values,maneuver
3,61,"[0.  0.1 0.2 0.3 0.4 0.5 0.6 0.7 0.8 0.9 1.  1.1 1.2 1.3 1.4 1.5 1.6 1.7
 1.8 1.9 2.  2.1 2.2 2.3 2.4 2.5 2.6 2.7 2.8 2.9 3.  3.1 3.2 3.3 3.4 3.5
 3.6 3.7 3.8 3.9 4.  4.1 4.2 4.3 4.4 4.5 4.6 4.7 4.8 4.9 5. ]","[1830.028525 1830.901325 1831.775025 1832.649625 1833.5246   1834.39945
 1835.273675 1836.147275 1837.020275 1837.8927   1838.76505  1839.636825
 1840.50805  1841.37925  1842.250425 1843.121575 1843.993225 1844.865375
 1845.7375   1846.6096   1847.481175 1848.352225 1849.22275  1850.092725
 1850.962175 1851.8311   1852.6995   1853.567375 1854.434725 1855.301575
 1856.168425 1857.034775 1857.90065  1858.76655  1859.63245  1860.498875
 1861.365825 1862.232775 1863.099725 1863.966675 1864.833625 1865.700575
 1866.567525 1867.4345   1868.3015   1869.1685   1870.0355   1870.9025
 1871.7695   1872.637025 1873.505075]","[162.24 162.24 162.25 162.25 162.26 162.26 162.27 162.27 162.27 162.27
 162.28 162.28 162.28 162.28 162.28 162.28 162.28 162.28 162.28 162.28
 162.29 162.29 162.29 162.29 162.29 162.29 162.29 162.29 162.29 162.29
 162.29 162.29 162.28 162.28 162.28 162.28 162.27 162.27 162.26 162.26
 162.25 162.25 162.24 162.24 162.23 162.22 162.22 162.21 162.2  162.19
 162.18]",18.0803753300806,6
