Vehicle_ID,ID,time,xloc,yloc,line_integral_values,maneuver
2592,2592,[1.1 1.2 1.3 1.4 1.5 1.6 1.7 1.8 1.9 2.  2.1],"[1800.4336   1801.379175 1802.3178   1803.249475 1804.174725 1805.094075
 1806.008025 1806.917075 1807.82125  1808.7216   1809.618625]","[161.81 161.82 161.84 161.85 161.87 161.88 161.9  161.91 161.93 161.94
 161.95]",0.4116081752862807,6
