Vehicle_ID,ID,time,xloc,yloc,line_integral_values,maneuver
537,0,"[0.  0.1 0.2 0.3 0.4 0.5 0.6 0.7 0.8 0.9 1.  1.1 1.2 1.3 1.4 1.5 1.6 1.7
 1.8 1.9 2.  2.1 2.2 2.3 2.4 2.5 2.6 2.7 2.8 2.9 3.  3.1 3.2 3.3 3.4 3.5
 3.6 3.7 3.8 3.9 4.  4.1 4.2 4.3 4.4 4.5 4.6 4.7 4.8 4.9 5. ]","[1890.2162   1891.13355  1892.047325 1892.957025 1893.86315  1894.765725
 1895.66425  1896.558725 1897.44965  1898.337025 1899.22035  1900.099625
 1900.974875 1901.8456   1902.711775 1903.5734   1904.430475 1905.283
 1906.13045  1906.972825 1907.81015  1908.642425 1909.469675 1910.2919
 1911.109075 1911.921225 1912.728375 1913.530525 1914.328175 1915.12135
 1915.91005  1916.694775 1917.47605  1918.253875 1919.028275 1919.79975
 1920.5683   1921.333925 1922.0971   1922.85835  1923.6172   1924.373625
 1925.128625 1925.8822   1926.63435  1927.3851   1928.13495  1928.8844
 1929.63345  1930.382625 1931.132425]","[162.19 162.15 162.12 162.09 162.05 162.02 161.99 161.95 161.92 161.88
 161.85 161.81 161.78 161.74 161.71 161.67 161.63 161.6  161.56 161.53
 161.49 161.45 161.41 161.38 161.34 161.3  161.26 161.22 161.18 161.14
 161.1  161.06 161.02 160.98 160.94 160.9  160.86 160.82 160.78 160.74
 160.7  160.66 160.62 160.57 160.53 160.49 160.44 160.4  160.35 160.31
 160.26]",0.0,6
