Vehicle_ID,ID,time,xloc,yloc,line_integral_values,maneuver
2040,2104,"[2.7 2.8 2.9 3.  3.1 3.2 3.3 3.4 3.5 3.6 3.7 3.8 3.9 4.  4.1 4.2 4.3 4.4
 4.5 4.6 4.7 4.8 4.9 5. ]","[1805.095725 1806.176075 1807.251925 1808.32325  1809.38955  1810.450825
 1811.507075 1812.5583   1813.604475 1814.6456   1815.6812   1816.711275
 1817.7358   1818.754775 1819.7682   1820.775575 1821.776925 1822.77225
 1823.761525 1824.744775 1825.722    1826.693175 1827.658325 1828.61745 ]","[162.2  162.21 162.23 162.24 162.26 162.27 162.28 162.3  162.31 162.32
 162.34 162.35 162.36 162.38 162.39 162.41 162.42 162.44 162.45 162.47
 162.48 162.5  162.51 162.53]",2.8309318313536944,6
