Vehicle_ID,ID,time,xloc,yloc,line_integral_values,maneuver
899,899,[3.5 3.6 3.7 3.8 3.9 4.  4.1 4.2 4.3 4.4 4.5 4.6 4.7 4.8 4.9 5. ],"[1840.203525 1841.37785  1842.55215  1843.726925 1844.902175 1846.077425
 1847.253175 1848.42995  1849.60775  1850.786575 1851.96645  1853.14785
 1854.330775 1855.51525  1856.701275 1857.888825]","[162.47 162.48 162.48 162.49 162.49 162.5  162.5  162.5  162.5  162.5
 162.5  162.5  162.5  162.5  162.49 162.48]",1.477140746325127,6
