Vehicle_ID,ID,time,xloc,yloc,line_integral_values,maneuver
2104,2090,[2.8 2.9 3.  3.1 3.2 3.3 3.4 3.5 3.6 3.7 3.8],"[1810.0462   1811.04855  1812.042375 1813.0282   1814.00605  1814.9759
 1815.937775 1816.8917   1817.838175 1818.7777   1819.710275]","[162.04 162.05 162.05 162.06 162.07 162.08 162.09 162.1  162.11 162.12
 162.12]",0.23454904370419752,6
