Vehicle_ID,ID,time,xloc,yloc,line_integral_values,maneuver
82,103,"[2.4 2.5 2.6 2.7 2.8 2.9 3.  3.1 3.2 3.3 3.4 3.5 3.6 3.7 3.8 3.9 4.  4.1
 4.2 4.3 4.4 4.5 4.6 4.7 4.8 4.9 5. ]","[1830.177275 1830.6734   1831.162725 1831.6442   1832.116775 1832.579875
 1833.03295  1833.476525 1833.91065  1834.33585  1834.753675 1835.165175
 1835.5714   1835.973375 1836.3716   1836.766575 1837.15985  1837.5535
 1837.950675 1838.356125 1838.775075 1839.21215  1839.670375 1840.1507
 1840.651925 1841.17075  1841.703375]","[162.62 162.62 162.62 162.62 162.62 162.62 162.62 162.62 162.62 162.62
 162.62 162.61 162.61 162.61 162.61 162.61 162.61 162.61 162.61 162.61
 162.61 162.61 162.61 162.61 162.6  162.6  162.6 ]",4.481968676986391,6
