Vehicle_ID,ID,time,xloc,yloc,line_integral_values,maneuver
1983,1062,[4.8 4.9 5. ],[1980.384925 1981.127575 1981.86175 ],[155.67 155.6  155.54],0.0001512303378758029,6
