Vehicle_ID,ID,time,xloc,yloc,line_integral_values,maneuver
2484,2484,"[2.1 2.2 2.3 2.4 2.5 2.6 2.7 2.8 2.9 3.  3.1 3.2 3.3 3.4 3.5 3.6 3.7 3.8
 3.9 4.  4.1 4.2 4.3 4.4 4.5 4.6 4.7 4.8 4.9 5. ]","[1980.4223   1981.079225 1981.737325 1982.398125 1983.063625 1983.735325
 1984.4137   1985.099175 1985.791675 1986.4901   1987.193325 1987.90075
 1988.6113   1989.3234   1990.036475 1990.75     1991.463475 1992.177425
 1992.8929   1993.61045  1994.331125 1995.0565   1995.78815  1996.528125
 1997.278    1998.0388   1998.811525 1999.596675 2000.3942   2001.20455 ]","[155.96 155.9  155.84 155.78 155.71 155.65 155.59 155.53 155.47 155.41
 155.34 155.28 155.21 155.15 155.08 155.01 154.94 154.87 154.8  154.73
 154.66 154.6  154.53 154.46 154.39 154.32 154.25 154.18 154.11 154.03]",0.0008973574926766769,6
