Vehicle_ID,ID,time,xloc,yloc,line_integral_values,maneuver
68,68,"[2.2 2.3 2.4 2.5 2.6 2.7 2.8 2.9 3.  3.1 3.2 3.3 3.4 3.5 3.6 3.7 3.8 3.9
 4.  4.1 4.2 4.3 4.4 4.5 4.6 4.7 4.8 4.9 5. ]","[1085.5636   1086.331275 1087.105075 1087.885    1088.67055  1089.4617
 1090.25895  1091.0623   1091.871725 1092.6867   1093.507225 1094.333775
 1095.16585  1096.00295  1096.84505  1097.69265  1098.54575  1099.403825
 1100.266875 1101.134425 1102.00645  1102.882925 1103.763875 1104.6493
 1105.538675 1106.432    1107.329275 1108.2305   1109.135175]","[159.24 159.26 159.28 159.3  159.32 159.34 159.37 159.39 159.41 159.43
 159.45 159.47 159.5  159.52 159.54 159.56 159.58 159.6  159.62 159.64
 159.66 159.68 159.7  159.72 159.74 159.75 159.77 159.79 159.81]",0.420325902032749,6
