Vehicle_ID,ID,time,xloc,yloc,line_integral_values,maneuver
732,732,"[1.4 1.5 1.6 1.7 1.8 1.9 2.  2.1 2.2 2.3 2.4 2.5 2.6 2.7 2.8 2.9 3.  3.1
 3.2 3.3 3.4 3.5 3.6 3.7 3.8 3.9 4.  4.1 4.2 4.3 4.4 4.5 4.6 4.7 4.8 4.9
 5. ]","[1815.615375 1816.7538   1817.8926   1819.031325 1820.169975 1821.30905
 1822.4486   1823.58865  1824.7297   1825.87225  1827.016825 1828.16295
 1829.3106   1830.460275 1831.612    1832.76575  1833.9215   1835.07875
 1836.237    1837.396225 1838.5564   1839.717025 1840.877575 1842.037525
 1843.196375 1844.3541   1845.5102   1846.6642   1847.8166   1848.9674
 1850.116125 1851.2633   1852.408925 1853.553    1854.696025 1855.837525
 1856.9775  ]","[162.51 162.53 162.55 162.57 162.58 162.59 162.61 162.62 162.63 162.64
 162.65 162.66 162.67 162.68 162.69 162.7  162.7  162.71 162.71 162.72
 162.72 162.72 162.71 162.71 162.71 162.7  162.7  162.69 162.68 162.67
 162.66 162.65 162.64 162.63 162.61 162.6  162.59]",1.7355285739014623,6
