Vehicle_ID,ID,time,xloc,yloc,line_integral_values,maneuver
510,510,"[2.7 2.8 2.9 3.  3.1 3.2 3.3 3.4 3.5 3.6 3.7 3.8 3.9 4.  4.1 4.2 4.3 4.4
 4.5 4.6 4.7 4.8 4.9 5. ]","[1910.064725 1910.994725 1911.9112   1912.81015  1913.689675 1914.5495
 1915.390925 1916.216225 1917.02715  1917.824325 1918.60625  1919.36985
 1920.110975 1920.8255   1921.51035  1922.1641   1922.788475 1923.386225
 1923.960125 1924.513925 1925.05135  1925.5761   1926.0913   1926.599025]","[159.72 159.7  159.68 159.66 159.64 159.62 159.6  159.58 159.56 159.54
 159.52 159.5  159.48 159.46 159.44 159.42 159.4  159.38 159.36 159.34
 159.32 159.3  159.27 159.25]",0.010177651067046803,6
