Vehicle_ID,ID,time,xloc,yloc,line_integral_values,maneuver
488,488,"[1.5 1.6 1.7 1.8 1.9 2.  2.1 2.2 2.3 2.4 2.5 2.6 2.7 2.8 2.9 3.  3.1 3.2
 3.3 3.4 3.5 3.6 3.7 3.8 3.9 4.  4.1 4.2 4.3 4.4 4.5 4.6 4.7 4.8 4.9 5. ]","[1585.0434   1586.07685  1587.1118   1588.147775 1589.184775 1590.222775
 1591.261775 1592.3023   1593.34435  1594.3874   1595.43145  1596.4765
 1597.522525 1598.569025 1599.616    1600.663425 1601.7103   1602.7566
 1603.802325 1604.846975 1605.890525 1606.932475 1607.972325 1609.010575
 1610.047225 1611.0818   1612.1138   1613.1432   1614.17     1615.1937
 1616.2143   1617.2313   1618.2442   1619.252975 1620.2571   1621.2561  ]","[158.12 158.14 158.17 158.19 158.22 158.25 158.27 158.3  158.33 158.36
 158.39 158.42 158.45 158.48 158.51 158.54 158.57 158.6  158.63 158.66
 158.69 158.72 158.75 158.78 158.81 158.83 158.86 158.89 158.92 158.94
 158.97 158.99 159.02 159.04 159.06 159.09]",4.232440616789356,6
