Vehicle_ID,ID,time,xloc,yloc,line_integral_values,maneuver
0,0,[1.3 1.4 1.5 1.6 1.7 1.8 1.9 2.  2.1 2.2 2.3],"[1800.839625 1801.744475 1802.6518   1803.5611   1804.47185  1805.384025
 1806.29765  1807.212725 1808.12925  1809.046725 1809.96515 ]","[162.41 162.42 162.44 162.46 162.47 162.49 162.51 162.53 162.54 162.56
 162.57]",0.14616949171122307,6
