Vehicle_ID,ID,time,xloc,yloc,line_integral_values,maneuver
2636,2592,"[0.8 0.9 1.  1.1 1.2 1.3 1.4 1.5 1.6 1.7 1.8 1.9 2.  2.1 2.2 2.3 2.4 2.5
 2.6 2.7 2.8 2.9 3.  3.1 3.2 3.3 3.4 3.5 3.6 3.7 3.8 3.9 4.  4.1 4.2 4.3
 4.4 4.5 4.6 4.7 4.8 4.9 5. ]","[1840.02765  1840.835925 1841.636525 1842.42945  1843.214725 1843.99185
 1844.760325 1845.52015  1846.271825 1847.014875 1847.749325 1848.4752
 1849.192525 1849.9018   1850.603025 1851.296225 1851.981425 1852.6586
 1853.328275 1853.990475 1854.645175 1855.292875 1855.9331   1856.56585
 1857.191625 1857.81095  1858.423825 1859.03025  1859.630725 1860.225275
 1860.8139   1861.3971   1861.975925 1862.550375 1863.12095  1863.688175
 1864.25205  1864.813575 1865.37325  1865.9311   1866.487625 1867.043325
 1867.598225]","[162.29 162.3  162.3  162.3  162.3  162.3  162.3  162.3  162.3  162.29
 162.29 162.29 162.28 162.28 162.27 162.27 162.26 162.26 162.25 162.25
 162.24 162.23 162.22 162.22 162.21 162.2  162.19 162.18 162.17 162.15
 162.14 162.13 162.12 162.1  162.09 162.08 162.06 162.05 162.04 162.02
 162.01 162.   161.99]",8.027492651648819,6
