Vehicle_ID,ID,time,xloc,yloc,line_integral_values,maneuver
85,85,"[2.  2.1 2.2 2.3 2.4 2.5 2.6 2.7 2.8 2.9 3.  3.1 3.2 3.3 3.4 3.5 3.6 3.7
 3.8 3.9 4.  4.1 4.2 4.3 4.4 4.5 4.6 4.7 4.8 4.9 5. ]","[1180.5274   1181.3092   1182.090025 1182.869875 1183.64875  1184.42715
 1185.205075 1185.982025 1186.7585   1187.5345   1188.310025 1189.0851
 1189.8597   1190.634325 1191.408475 1192.18215  1192.955875 1193.729625
 1194.5034   1195.277725 1196.0526   1196.828025 1197.604    1198.380525
 1199.158625 1199.9383   1200.71955  1201.502875 1202.288275 1203.075775
 1203.86535 ]","[160.74 160.75 160.75 160.76 160.76 160.76 160.77 160.77 160.77 160.77
 160.78 160.78 160.78 160.78 160.78 160.79 160.79 160.79 160.79 160.8
 160.8  160.8  160.8  160.8  160.81 160.81 160.81 160.81 160.81 160.81
 160.82]",2.547317458549059,6
