Vehicle_ID,ID,time,xloc,yloc,line_integral_values,maneuver
85,85,"[1.4 1.5 1.6 1.7 1.8 1.9 2.  2.1 2.2 2.3 2.4 2.5 2.6 2.7 2.8 2.9 3.  3.1
 3.2 3.3 3.4 3.5 3.6 3.7 3.8 3.9 4.  4.1 4.2 4.3 4.4 4.5 4.6 4.7 4.8 4.9
 5. ]","[1585.537    1586.62265  1587.7022   1588.775675 1589.842575 1590.902375
 1591.955075 1593.000675 1594.039175 1595.070075 1596.092875 1597.107575
 1598.1142   1599.11275  1600.1027   1601.08405  1602.056825 1603.020525
 1603.975125 1604.920625 1605.85655  1606.7829   1607.69965  1608.6063
 1609.50235  1610.3878   1611.26265  1612.1264   1612.97905  1613.8201
 1614.649575 1615.467975 1616.2753   1617.071075 1617.8553   1618.62795
 1619.388525]","[157.57 157.59 157.62 157.65 157.67 157.7  157.72 157.75 157.78 157.81
 157.83 157.86 157.89 157.92 157.95 157.98 158.01 158.04 158.07 158.1
 158.13 158.16 158.19 158.22 158.25 158.28 158.31 158.34 158.37 158.39
 158.42 158.45 158.47 158.5  158.52 158.55 158.57]",1.5479254352285101,6
