Vehicle_ID,ID,time,xloc,yloc,line_integral_values,maneuver
540,540,"[1.5 1.6 1.7 1.8 1.9 2.  2.1 2.2 2.3 2.4 2.5 2.6 2.7 2.8 2.9 3.  3.1 3.2
 3.3 3.4 3.5 3.6 3.7 3.8 3.9 4.  4.1 4.2 4.3 4.4 4.5 4.6 4.7 4.8 4.9 5. ]","[1815.7924   1816.93025  1818.069525 1819.21075  1820.35395  1821.49915
 1822.64685  1823.797575 1824.95135  1826.108175 1827.26855  1828.432975
 1829.60095  1830.772475 1831.948025 1833.1271   1834.3092   1835.494275
 1836.682325 1837.87285  1839.065325 1840.25975  1841.456125 1842.65445
 1843.8547   1845.056375 1846.2595   1847.4646   1848.671175 1849.879225
 1851.089275 1852.301325 1853.515375 1854.731925 1855.950975 1857.172025]","[162.56 162.57 162.58 162.59 162.59 162.6  162.61 162.61 162.62 162.62
 162.63 162.63 162.63 162.63 162.64 162.64 162.64 162.64 162.64 162.64
 162.64 162.64 162.64 162.64 162.64 162.63 162.63 162.63 162.62 162.62
 162.61 162.61 162.6  162.59 162.58 162.57]",0.22598720624675073,6
