Vehicle_ID,ID,time,xloc,yloc,line_integral_values,maneuver
540,537,[2.9 3.  3.1 3.2 3.3 3.4 3.5 3.6 3.7],"[1800.20905  1801.281875 1802.359275 1803.44175  1804.5293   1805.621925
 1806.7201   1807.823825 1808.9326  ]",[162.17 162.19 162.22 162.25 162.27 162.3  162.32 162.35 162.37],0.24765149380840668,6
