Vehicle_ID,ID,time,xloc,yloc,line_integral_values,maneuver
1387,2094,"[0.2 0.3 0.4 0.5 0.6 0.7 0.8 0.9 1.  1.1 1.2 1.3 1.4 1.5 1.6 1.7 1.8 1.9
 2.  2.1 2.2 2.3 2.4 2.5 2.6 2.7 2.8 2.9 3.  3.1 3.2 3.3 3.4 3.5 3.6 3.7
 3.8 3.9 4.  4.1 4.2 4.3 4.4 4.5 4.6 4.7 4.8 4.9 5. ]","[2105.38765  2106.120325 2106.85445  2107.590025 2108.32705  2109.065525
 2109.80495  2110.545825 2111.288175 2112.0315   2112.7763   2113.5226
 2114.2704   2115.0197   2115.7705   2116.523325 2117.278175 2118.035025
 2118.7939   2119.5548   2120.3177   2121.082625 2121.849575 2122.618525
 2123.3895   2124.163    2124.939    2125.717025 2126.497575 2127.28115
 2128.0678   2128.858025 2129.651825 2130.449725 2131.2522   2132.05925
 2132.8709   2133.68715  2134.509    2135.33645  2136.1695   2137.00865
 2137.8534   2138.70375  2139.560175 2140.422675 2141.29175  2142.167375
 2143.04905 ]","[144.21 144.15 144.09 144.03 143.98 143.92 143.86 143.8  143.74 143.69
 143.63 143.57 143.51 143.45 143.39 143.33 143.27 143.21 143.15 143.09
 143.03 142.97 142.91 142.85 142.79 142.73 142.67 142.61 142.54 142.48
 142.42 142.35 142.29 142.22 142.16 142.1  142.03 141.97 141.9  141.83
 141.77 141.7  141.63 141.56 141.49 141.42 141.35 141.27 141.2 ]",7.165149028305293e-39,6
