Vehicle_ID,ID,time,xloc,yloc,line_integral_values,maneuver
788,788,[0.9 1.  1.1 1.2 1.3 1.4 1.5 1.6 1.7],"[1810.024225 1811.159275 1812.2953   1813.431775 1814.5682   1815.704575
 1816.8404   1817.975675 1819.1109  ]",[162.44 162.45 162.45 162.46 162.46 162.46 162.46 162.46 162.46],0.085775498268911,6
