Vehicle_ID,ID,time,xloc,yloc,line_integral_values,maneuver
732,0,"[0.  0.1 0.2 0.3 0.4 0.5 0.6 0.7 0.8 0.9 1.  1.1 1.2 1.3 1.4 1.5 1.6 1.7
 1.8 1.9 2.  2.1 2.2 2.3 2.4 2.5 2.6 2.7 2.8 2.9 3.  3.1 3.2 3.3 3.4 3.5
 3.6 3.7 3.8 3.9 4.  4.1 4.2 4.3 4.4 4.5 4.6 4.7 4.8 4.9 5. ]","[1914.328175 1915.12135  1915.91005  1916.694775 1917.47605  1918.253875
 1919.028275 1919.79975  1920.5683   1921.333925 1922.0971   1922.85835
 1923.6172   1924.373625 1925.128625 1925.8822   1926.63435  1927.3851
 1928.13495  1928.8844   1929.63345  1930.382625 1931.132425 1931.88335
 1932.635425 1933.389175 1934.1456   1934.904675 1935.666425 1936.43185
 1937.20095  1937.974225 1938.752175 1939.5348   1940.3226   1941.116075
 1941.915725 1942.72155  1943.53405  1944.35375  1945.180625 1946.01515
 1946.85785  1947.708725 1948.56775  1949.4349   1950.31015  1951.194
 1952.08645  1952.986975 1953.895575]","[161.18 161.14 161.1  161.06 161.02 160.98 160.94 160.9  160.86 160.82
 160.78 160.74 160.7  160.66 160.62 160.57 160.53 160.49 160.44 160.4
 160.35 160.31 160.26 160.21 160.16 160.12 160.06 160.01 159.96 159.91
 159.85 159.8  159.74 159.69 159.63 159.57 159.51 159.45 159.39 159.33
 159.26 159.2  159.13 159.06 158.99 158.92 158.85 158.78 158.71 158.63
 158.55]",0.0,6
