Vehicle_ID,ID,time,xloc,yloc,line_integral_values,maneuver
1046,1961,[3.8 3.9 4.  4.1 4.2 4.3 4.4 4.5 4.6 4.7 4.8 4.9 5. ],"[1910.082275 1911.0491   1912.016475 1912.9849   1913.953875 1914.9234
 1915.893975 1916.8656   1917.838275 1918.8125   1919.788275 1920.765625
 1921.74455 ]","[161.28 161.23 161.18 161.12 161.07 161.01 160.96 160.9  160.84 160.78
 160.72 160.65 160.59]",0.8545106823152774,6
