Vehicle_ID,ID,time,xloc,yloc,line_integral_values,maneuver
69,66,"[0.5 0.6 0.7 0.8 0.9 1.  1.1 1.2 1.3 1.4 1.5 1.6 1.7 1.8 1.9 2.  2.1 2.2
 2.3 2.4 2.5 2.6 2.7 2.8 2.9 3.  3.1 3.2 3.3 3.4 3.5 3.6 3.7 3.8 3.9 4.
 4.1 4.2 4.3 4.4 4.5 4.6 4.7 4.8 4.9 5. ]","[1980.650875 1981.37205  1982.0932   1982.813825 1983.5339   1984.253925
 1984.973425 1985.6919   1986.409825 1987.1272   1987.84355  1988.558875
 1989.27315  1989.9864   1990.698625 1991.410325 1992.12155  1992.8323
 1993.54305  1994.253825 1994.96465  1995.6755   1996.386375 1997.097275
 1997.808175 1998.5191   1999.23005  1999.941    2000.65195  2001.3634
 2002.075375 2002.787375 2003.4999   2004.212975 2004.926575 2005.6412
 2006.3574   2007.075175 2007.7945   2008.5159   2009.239375 2009.964925
 2010.69255  2011.42275  2012.155525 2012.89085 ]","[155.91 155.84 155.78 155.71 155.65 155.58 155.51 155.45 155.38 155.31
 155.25 155.18 155.11 155.04 154.97 154.9  154.84 154.77 154.7  154.63
 154.56 154.49 154.42 154.35 154.29 154.22 154.15 154.08 154.   153.93
 153.86 153.79 153.72 153.65 153.58 153.51 153.43 153.36 153.29 153.22
 153.14 153.07 153.   152.93 152.86 152.78]",0.0005937287846235634,6
