Vehicle_ID,ID,time,xloc,yloc,line_integral_values,maneuver
75,75,[1.5 1.6 1.7 1.8 1.9 2.  2.1 2.2 2.3 2.4 2.5 2.6 2.7],"[1810.27025  1811.008575 1811.753575 1812.505775 1813.266175 1814.034775
 1814.81155  1815.596475 1816.38955  1817.190725 1817.99945  1818.814725
 1819.636   ]","[161.5  161.47 161.44 161.41 161.38 161.34 161.31 161.27 161.23 161.19
 161.15 161.1  161.06]",1.0442755981464382,6
