Vehicle_ID,ID,time,xloc,yloc,line_integral_values,maneuver
69,69,"[1.8 1.9 2.  2.1 2.2 2.3 2.4 2.5 2.6 2.7 2.8 2.9 3.  3.1 3.2 3.3 3.4 3.5
 3.6 3.7]","[1800.003925 1800.535675 1801.065    1801.591875 1802.1163   1802.6388
 1803.159375 1803.6785   1804.1962   1804.712475 1805.227325 1805.74075
 1806.253225 1806.764225 1807.27375  1807.782325 1808.289975 1808.7972
 1809.3045   1809.8119  ]","[161.46 161.47 161.49 161.5  161.52 161.53 161.55 161.56 161.58 161.59
 161.61 161.63 161.65 161.66 161.68 161.7  161.71 161.73 161.75 161.76]",0.5656962486078174,6
