Vehicle_ID,ID,time,xloc,yloc,line_integral_values,maneuver
2698,2484,[3.5 3.6 3.7 3.8 3.9 4.  4.1 4.2 4.3 4.4 4.5 4.6 4.7 4.8 4.9 5. ],"[1980.4223   1981.079225 1981.737325 1982.398125 1983.063625 1983.735325
 1984.4137   1985.099175 1985.791675 1986.4901   1987.193325 1987.90075
 1988.6113   1989.3234   1990.036475 1990.75    ]","[155.96 155.9  155.84 155.78 155.71 155.65 155.59 155.53 155.47 155.41
 155.34 155.28 155.21 155.15 155.08 155.01]",0.0009562940070618681,6
