Vehicle_ID,ID,time,xloc,yloc,line_integral_values,maneuver
1008,0,"[0.  0.1 0.2 0.3 0.4 0.5 0.6 0.7 0.8 0.9 1.  1.1 1.2 1.3 1.4 1.5 1.6 1.7
 1.8 1.9 2.  2.1 2.2 2.3 2.4 2.5 2.6 2.7 2.8 2.9 3.  3.1 3.2 3.3 3.4 3.5
 3.6 3.7 3.8 3.9 4.  4.1 4.2 4.3 4.4 4.5 4.6 4.7 4.8 4.9 5. ]","[2334.650475 2335.881575 2337.111075 2338.338975 2339.564775 2340.788475
 2342.010075 2343.229575 2344.447    2345.661875 2346.874175 2348.0839
 2349.291075 2350.4957   2351.69725  2352.895725 2354.09115  2355.2835
 2356.47225  2357.6569   2358.83695  2360.0124   2361.183275 2362.349075
 2363.510275 2364.6669   2365.81845  2366.964925 2368.10635  2369.24275
 2370.374625 2371.502475 2372.62635  2373.74625  2374.862175 2375.97465
 2377.08365  2378.189175 2379.29175  2380.390875 2381.486525 2382.578675
 2383.666825 2384.75095  2385.8305   2386.90445  2387.972275 2389.03295
 2390.085425 2391.12865  2392.1616  ]","[125.49 125.37 125.26 125.14 125.02 124.9  124.79 124.67 124.55 124.43
 124.32 124.2  124.08 123.96 123.85 123.73 123.62 123.5  123.39 123.28
 123.17 123.06 122.95 122.84 122.73 122.62 122.52 122.41 122.3  122.2
 122.09 121.98 121.88 121.77 121.67 121.56 121.46 121.36 121.25 121.15
 121.05 120.95 120.85 120.75 120.65 120.56 120.46 120.37 120.28 120.19
 120.1 ]",0.0,6
