Vehicle_ID,ID,time,xloc,yloc,line_integral_values,maneuver
1046,1046,"[0.6 0.7 0.8 0.9 1.  1.1 1.2 1.3 1.4 1.5 1.6 1.7 1.8 1.9 2.  2.1 2.2 2.3
 2.4 2.5 2.6 2.7 2.8 2.9 3.  3.1 3.2 3.3 3.4 3.5 3.6 3.7 3.8 3.9 4.  4.1
 4.2 4.3 4.4 4.5 4.6 4.7 4.8 4.9 5. ]","[1806.16925  1807.3439   1808.51695  1809.6884   1810.85825  1812.026
 1813.191675 1814.355275 1815.5168   1816.676275 1817.8342   1818.9906
 1820.1455   1821.2994   1822.4518   1823.6027   1824.7526   1825.9015
 1827.0494   1828.1963   1829.3422   1830.4871   1831.6305   1832.771875
 1833.9112   1835.048475 1836.183175 1837.3148   1838.44335  1839.568825
 1840.691225 1841.81005  1842.925325 1844.03755  1845.146225 1846.25135
 1847.353425 1848.451975 1849.547    1850.639    1851.727475 1852.812425
 1853.894375 1854.973325 1856.049275]","[162.11 162.13 162.14 162.15 162.17 162.18 162.19 162.2  162.21 162.22
 162.23 162.24 162.24 162.25 162.26 162.27 162.27 162.28 162.28 162.29
 162.3  162.3  162.31 162.31 162.31 162.32 162.32 162.32 162.33 162.33
 162.33 162.33 162.33 162.33 162.33 162.33 162.33 162.33 162.33 162.33
 162.33 162.32 162.32 162.31 162.31]",10.26384535842465,6
