Vehicle_ID,ID,time,xloc,yloc,line_integral_values,maneuver
61,61,[1.4 1.5 1.6 1.7 1.8 1.9 2.  2.1 2.2 2.3 2.4 2.5 2.6],"[1800.495    1801.27175  1802.047625 1802.82365  1803.600825 1804.379675
 1805.16075  1805.94455  1806.73105  1807.52125  1808.315125 1809.11215
 1809.912325]","[161.79 161.81 161.82 161.84 161.85 161.87 161.88 161.9  161.91 161.93
 161.95 161.96 161.98]",0.2999866271148935,6
