Vehicle_ID,ID,time,xloc,yloc,line_integral_values,maneuver
0,145,[3.3 3.4 3.5 3.6 3.7 3.8 3.9 4.  4.1 4.2 4.3 4.4 4.5 4.6 4.7 4.8 4.9 5. ],"[1980.15185  1980.99465  1981.84095  1982.69075  1983.54405  1984.40085
 1985.261125 1986.124375 1986.9906   1987.859775 1988.7314   1989.604975
 1990.481    1991.359475 1992.2399   1993.122275 1994.0066   1994.892875]","[156.3  156.21 156.12 156.03 155.94 155.85 155.76 155.67 155.58 155.48
 155.39 155.3  155.21 155.11 155.02 154.93 154.84 154.75]",0.0035085476320631617,6
