Vehicle_ID,ID,time,xloc,yloc,line_integral_values,maneuver
2592,2592,[4.6 4.7 4.8 4.9 5. ],[1840.02765  1840.835925 1841.636525 1842.42945  1843.214725],[162.29 162.3  162.3  162.3  162.3 ],3.5686359995976744,6
