Vehicle_ID,ID,time,xloc,yloc,line_integral_values,maneuver
83,77,[4.8 4.9 5. ],[1585.375575 1585.9777   1586.56435 ],[157.92 157.93 157.94],2.898622965459824,6
