Vehicle_ID,ID,time,xloc,yloc,line_integral_values,maneuver
392,618,[2.8 2.9 3.  3.1 3.2 3.3 3.4 3.5 3.6 3.7 3.8 3.9 4.  4.1],"[1817.3008   1817.673125 1818.044325 1818.414425 1818.78345  1819.1519
 1819.51975  1819.8865   1820.25265  1820.6182   1820.982125 1821.3444
 1821.7045   1822.063   ]","[162.45 162.45 162.45 162.45 162.45 162.46 162.46 162.46 162.46 162.46
 162.46 162.46 162.46 162.46]",7.053449036707304,6
