Vehicle_ID,ID,time,xloc,yloc,line_integral_values,maneuver
2636,2636,[0.9 1.  1.1 1.2 1.3 1.4 1.5 1.6 1.7 1.8],"[1810.000875 1811.105775 1812.20715  1813.3045   1814.39835  1815.488675
 1816.575475 1817.658775 1818.738575 1819.815375]",[162.24 162.25 162.25 162.26 162.26 162.27 162.27 162.28 162.29 162.29],0.1510056065481495,6
