Vehicle_ID,ID,time,xloc,yloc,line_integral_values,maneuver
83,83,[3.7 3.8 3.9 4.  4.1 4.2 4.3 4.4 4.5 4.6 4.7 4.8 4.9 5. ],"[1600.12185  1600.5964   1601.05355  1601.494325 1601.919225 1602.328275
 1602.722    1603.101425 1603.467575 1603.82145  1604.163575 1604.494475
 1604.814675 1605.12515  1605.4264   1605.71895  1606.003775 1606.280875
 1606.551275 1606.815475 1607.073975 1607.327775 1607.5774   1607.82385
 1608.0676   1608.30915  1608.549    1608.787125 1609.024025 1609.2602
 1609.4956   1609.730725 1609.966075 1610.201625 1610.437375 1610.6738
 1610.9114   1611.150175 1611.390125 1611.63175  1611.875    1612.118825
 1612.3632   1612.6081   1612.8525   1613.095875 1613.3382   1613.58
 1613.821275 1614.061525]","[158.66 158.66 158.67 158.68 158.69 158.7  158.7  158.71 158.71 158.72
 158.73 158.73 158.74 158.74 158.74 158.75 158.75 158.76 158.76 158.77
 158.77 158.78 158.78 158.78 158.78 158.79 158.79 158.79 158.79 158.8
 158.8  158.8  158.81 158.81 158.81 158.82 158.82 158.82 158.83 158.83
 158.84 158.84 158.85 158.85 158.86 158.86 158.87 158.87 158.88 158.88]",5.389425640037602e-05,6
