Vehicle_ID,ID,time,xloc,yloc,line_integral_values,maneuver
488,488,"[2.5 2.6 2.7 2.8 2.9 3.  3.1 3.2 3.3 3.4 3.5 3.6 3.7 3.8 3.9 4.  4.1 4.2
 4.3 4.4 4.5 4.6 4.7 4.8]","[1817.737875 1818.493325 1819.24605  1819.99875  1820.754625 1821.5168
 1822.2858   1823.061075 1823.840975 1824.622275 1825.40075  1826.17165
 1826.92975  1827.6688   1828.383575 1829.06945  1829.722925 1830.344175
 1830.93545  1831.49955  1832.0408   1832.563475 1833.07185  1833.570675]","[162.54 162.53 162.53 162.52 162.52 162.51 162.5  162.5  162.49 162.48
 162.48 162.47 162.46 162.45 162.44 162.43 162.42 162.42 162.41 162.4
 162.39 162.38 162.37 162.36]",0.27258438327023765,6
