Vehicle_ID,ID,time,xloc,yloc,old_xloc,old_yloc,line_integral_values,maneuver
2484,2484,[4.4 4.5 4.6 4.7 4.8 4.9 5. ],[30.72895  31.6113   32.506275 33.414375 34.335575 35.26985  36.2167  ],"[0.54184615 0.57184615 0.59184615 0.62184615 0.65184615 0.67184615
 0.70184615]","[1600.72895  1601.6113   1602.506275 1603.414375 1604.335575 1605.26985
 1606.2167  ]",[157.51 157.54 157.56 157.59 157.62 157.64 157.67],0.0,6
