Vehicle_ID,ID,time,xloc,yloc,line_integral_values,maneuver
899,2015,[3.9 4.  4.1 4.2 4.3 4.4 4.5 4.6 4.7 4.8 4.9 5. ],"[1980.2176   1981.096175 1981.975175 1982.85405  1983.7328   1984.61145
 1985.489475 1986.36635  1987.241575 1988.11465  1988.985075 1989.85235 ]","[155.76 155.68 155.6  155.52 155.44 155.35 155.27 155.19 155.11 155.03
 154.95 154.87]",0.0002912071743072353,6
