Vehicle_ID,ID,time,xloc,yloc,old_xloc,old_yloc,line_integral_values,maneuver
69,68,"[0.2 0.3 0.4 0.5 0.6 0.7 0.8 0.9 1.  1.1 1.2 1.3 1.4 1.5 1.6 1.7 1.8 1.9
 2.  2.1 2.2 2.3 2.4 2.5 2.6 2.7 2.8 2.9 3.  3.1 3.2 3.3 3.4 3.5 3.6 3.7
 3.8 3.9 4.  4.1 4.2 4.3 4.4 4.5 4.6 4.7 4.8 4.9 5. ]","[30.1766   30.365975 30.549775 30.727475 30.898025 31.05985  31.21245
 31.35585  31.4906   31.617775 31.73845  31.854225 31.9667   32.07745
 32.188525 32.301475 32.417325 32.536575 32.6592   32.78515  32.914875
 33.048325 33.184975 33.324825 33.46835  33.6155   33.766275 33.9212
 34.07975  34.2419   34.407625 34.5764   34.7482   34.922475 35.099225
 35.279    35.46235  35.650325 35.843975 36.04485  36.2545   36.473975
 36.703775 36.943325 37.19205  37.4494   37.714325 37.98625  38.2641  ]","[0.87184615 0.87184615 0.87184615 0.87184615 0.87184615 0.87184615
 0.87184615 0.87184615 0.87184615 0.87184615 0.87184615 0.87184615
 0.88184615 0.88184615 0.88184615 0.88184615 0.88184615 0.88184615
 0.89184615 0.89184615 0.89184615 0.90184615 0.90184615 0.90184615
 0.91184615 0.91184615 0.92184615 0.92184615 0.93184615 0.93184615
 0.94184615 0.95184615 0.95184615 0.96184615 0.97184615 0.98184615
 0.98184615 0.99184615 1.00184615 1.01184615 1.02184615 1.03184615
 1.04184615 1.05184615 1.06184615 1.07184615 1.07184615 1.08184615
 1.09184615]","[1600.1766   1600.365975 1600.549775 1600.727475 1600.898025 1601.05985
 1601.21245  1601.35585  1601.4906   1601.617775 1601.73845  1601.854225
 1601.9667   1602.07745  1602.188525 1602.301475 1602.417325 1602.536575
 1602.6592   1602.78515  1602.914875 1603.048325 1603.184975 1603.324825
 1603.46835  1603.6155   1603.766275 1603.9212   1604.07975  1604.2419
 1604.407625 1604.5764   1604.7482   1604.922475 1605.099225 1605.279
 1605.46235  1605.650325 1605.843975 1606.04485  1606.2545   1606.473975
 1606.703775 1606.943325 1607.19205  1607.4494   1607.714325 1607.98625
 1608.2641  ]","[157.84 157.84 157.84 157.84 157.84 157.84 157.84 157.84 157.84 157.84
 157.84 157.84 157.85 157.85 157.85 157.85 157.85 157.85 157.86 157.86
 157.86 157.87 157.87 157.87 157.88 157.88 157.89 157.89 157.9  157.9
 157.91 157.92 157.92 157.93 157.94 157.95 157.95 157.96 157.97 157.98
 157.99 158.   158.01 158.02 158.03 158.04 158.04 158.05 158.06]",9.745669881064247e-07,6
