Vehicle_ID,ID,time,xloc,yloc,line_integral_values,maneuver
52,52,"[2.7 2.8 2.9 3.  3.1 3.2 3.3 3.4 3.5 3.6 3.7 3.8 3.9 4.  4.1 4.2 4.3 4.4
 4.5 4.6 4.7 4.8 4.9 5. ]","[1820.132575 1820.959075 1821.7911   1822.62815  1823.4707   1824.318775
 1825.171875 1826.029975 1826.89305  1827.7611   1828.633625 1829.5101
 1830.390525 1831.274875 1832.162625 1833.0533   1833.9469   1834.8429
 1835.7413   1836.6421   1837.544825 1838.449975 1839.35755  1840.267075]","[162.16 162.18 162.19 162.21 162.22 162.23 162.25 162.26 162.27 162.28
 162.29 162.3  162.3  162.31 162.31 162.32 162.32 162.32 162.32 162.32
 162.32 162.31 162.31 162.3 ]",2.522633705828667,6
