Vehicle_ID,ID,time,xloc,yloc,line_integral_values,maneuver
856,856,"[2.2 2.3 2.4 2.5 2.6 2.7 2.8 2.9 3.  3.1 3.2 3.3 3.4 3.5 3.6 3.7 3.8 3.9
 4.  4.1 4.2 4.3 4.4 4.5 4.6]","[1337.69805  1338.43535  1339.16675  1339.892225 1340.61175  1341.32535
 1342.033525 1342.73625  1343.433025 1344.12435  1344.810225 1345.49065
 1346.165625 1346.83515  1347.4997   1348.158775 1348.8129   1349.462575
 1350.1073   1350.7471   1351.382475 1352.0139   1352.641375 1353.264925
 1353.88455 ]","[159.28 159.26 159.25 159.23 159.21 159.2  159.18 159.17 159.15 159.14
 159.12 159.11 159.09 159.08 159.06 159.05 159.03 159.02 159.01 158.99
 158.98 158.97 158.95 158.94 158.93]",2.787444771370591,6
