Vehicle_ID,ID,time,xloc,yloc,line_integral_values,maneuver
537,537,[1.7 1.8 1.9 2.  2.1 2.2 2.3 2.4 2.5 2.6 2.7 2.8 2.9 3. ],"[1817.958375 1819.102875 1820.2503   1821.400175 1822.5525   1823.70775
 1824.865425 1826.02505  1827.187125 1828.35165  1829.5181   1830.686475
 1831.8563   1833.027575]","[162.56 162.58 162.6  162.62 162.64 162.66 162.68 162.69 162.71 162.73
 162.74 162.76 162.77 162.78]",0.0010222272594822778,6
