Vehicle_ID,ID,time,xloc,yloc,old_xloc,old_yloc,line_integral_values,maneuver
1836,1836,[4.7 4.8 4.9 5. ],[30.4431   31.1815   31.925    32.674075],[0.87184615 0.88184615 0.89184615 0.90184615],[1600.4431   1601.1815   1601.925    1602.674075],[157.84 157.85 157.86 157.87],0.0,6
