Vehicle_ID,ID,time,xloc,yloc,line_integral_values,maneuver
3050,2972,"[0.  0.1 0.2 0.3 0.4 0.5 0.6 0.7 0.8 0.9 1.  1.1 1.2 1.3 1.4 1.5 1.6 1.7
 1.8 1.9]","[1819.21165  1820.010675 1820.805675 1821.59615  1822.3821   1823.16405
 1823.942525 1824.71755  1825.489125 1826.25775  1827.02395  1827.788225
 1828.550575 1829.311    1830.0695   1830.826075 1831.5807   1832.333375
 1833.083575 1833.830775]","[162.41 162.42 162.43 162.44 162.45 162.46 162.48 162.49 162.5  162.51
 162.52 162.54 162.55 162.56 162.57 162.58 162.58 162.59 162.6  162.61]",0.0045965179569278595,6
