Vehicle_ID,ID,time,xloc,yloc,line_integral_values,maneuver
2592,2592,"[0.6 0.7 0.8 0.9 1.  1.1 1.2 1.3 1.4 1.5 1.6 1.7 1.8 1.9 2.  2.1 2.2 2.3
 2.4 2.5 2.6 2.7 2.8 2.9 3.  3.1 3.2 3.3 3.4 3.5 3.6 3.7 3.8 3.9 4.  4.1
 4.2 4.3 4.4 4.5 4.6 4.7 4.8 4.9 5. ]","[1805.094075 1806.008025 1806.917075 1807.82125  1808.7216   1809.618625
 1810.512825 1811.404725 1812.294825 1813.183625 1814.071125 1814.958325
 1815.845225 1816.7318   1817.618025 1818.503875 1819.389325 1820.274375
 1821.159    1822.042675 1822.924875 1823.805575 1824.684775 1825.561975
 1826.437675 1827.31135  1828.182475 1829.05155  1829.918075 1830.78155
 1831.641975 1832.49935  1833.353675 1834.204425 1835.051075 1835.893625
 1836.731575 1837.564425 1838.39165  1839.212725 1840.02765  1840.835925
 1841.636525 1842.42945  1843.214725]","[161.88 161.9  161.91 161.93 161.94 161.95 161.97 161.98 162.   162.01
 162.02 162.04 162.05 162.06 162.08 162.09 162.1  162.11 162.12 162.14
 162.15 162.16 162.17 162.18 162.19 162.2  162.2  162.21 162.22 162.23
 162.24 162.25 162.25 162.26 162.27 162.27 162.28 162.28 162.29 162.29
 162.29 162.3  162.3  162.3  162.3 ]",18.07803426657554,6
