Vehicle_ID,ID,time,xloc,yloc,line_integral_values,maneuver
2735,2090,"[0.  0.1 0.2 0.3 0.4 0.5 0.6 0.7 0.8 0.9 1.  1.1 1.2 1.3 1.4 1.5 1.6 1.7
 1.8 1.9 2.  2.1 2.2 2.3 2.4 2.5 2.6 2.7 2.8 2.9 3.  3.1 3.2 3.3 3.4 3.5
 3.6 3.7 3.8 3.9 4.  4.1 4.2 4.3 4.4 4.5 4.6 4.7 4.8 4.9 5. ]","[1819.710275 1820.6359   1821.554575 1822.4663   1823.371575 1824.2704
 1825.1628   1826.049275 1826.9293   1827.802875 1828.6705   1829.532175
 1830.3884   1831.239175 1832.084    1832.923375 1833.7573   1834.585775
 1835.4093   1836.2284   1837.043075 1837.853325 1838.659675 1839.462125
 1840.261175 1841.056825 1841.849075 1842.638925 1843.426375 1844.211425
 1844.994575 1845.775825 1846.5552   1847.3332   1848.1103   1848.886525
 1849.662375 1850.43835  1851.214475 1851.991225 1852.7686   1853.547125
 1854.3273   1855.1091   1855.893025 1856.6791   1857.467825 1858.2597
 1859.054725 1859.8534   1860.655725]","[162.12 162.13 162.14 162.15 162.16 162.17 162.18 162.19 162.2  162.21
 162.22 162.23 162.23 162.24 162.25 162.25 162.26 162.26 162.26 162.27
 162.27 162.27 162.28 162.28 162.28 162.29 162.29 162.29 162.3  162.3
 162.3  162.3  162.3  162.3  162.31 162.31 162.31 162.31 162.31 162.31
 162.31 162.3  162.3  162.3  162.3  162.3  162.29 162.29 162.29 162.28
 162.28]",0.37069108627930075,6
