Vehicle_ID,ID,time,xloc,yloc,line_integral_values,maneuver
103,103,[1.4 1.5 1.6 1.7 1.8 1.9 2.  2.1 2.2 2.3 2.4 2.5 2.6],"[1810.23695  1811.06515  1811.895025 1812.724475 1813.5514   1814.372725
 1815.1864   1815.99195  1816.788925 1817.5774   1818.35745  1819.129125
 1819.891925]","[162.5  162.51 162.51 162.52 162.53 162.53 162.54 162.54 162.55 162.55
 162.56 162.56 162.56]",0.04533714462718198,6
