Vehicle_ID,ID,time,xloc,yloc,line_integral_values,maneuver
2040,1062,"[0.5 0.6 0.7 0.8 0.9 1.  1.1 1.2 1.3 1.4 1.5 1.6 1.7 1.8 1.9 2.  2.1 2.2
 2.3 2.4 2.5 2.6 2.7 2.8 2.9 3.  3.1 3.2 3.3 3.4 3.5 3.6 3.7 3.8 3.9 4.
 4.1 4.2 4.3 4.4 4.5 4.6]","[1840.377475 1841.3667   1842.352875 1843.335525 1844.31465  1845.29075
 1846.26385  1847.23395  1848.20155  1849.167175 1850.13085  1851.092575
 1852.05235  1853.010675 1853.968075 1854.92455  1855.8801   1856.834725
 1857.7884   1858.741625 1859.6944   1860.646225 1861.5971   1862.5475
 1863.497425 1864.4469   1865.396425 1866.3455   1867.294625 1868.2443
 1869.19405  1870.144375 1871.095775 1872.048775 1873.003375 1873.959575
 1874.917875 1875.87825  1876.8412   1877.80675  1878.7749   1879.74615 ]","[162.66 162.66 162.66 162.66 162.66 162.65 162.65 162.65 162.64 162.64
 162.63 162.63 162.62 162.61 162.6  162.59 162.58 162.57 162.56 162.54
 162.53 162.52 162.5  162.49 162.47 162.45 162.43 162.41 162.39 162.37
 162.35 162.32 162.3  162.27 162.24 162.22 162.19 162.16 162.13 162.1
 162.07 162.04]",1.9628931403305145,6
