Vehicle_ID,ID,time,xloc,yloc,line_integral_values,maneuver
1961,1961,[1.6 1.7 1.8 1.9 2.  2.1 2.2 2.3 2.4 2.5 2.6 2.7 2.8 2.9],"[1818.090125 1819.2564   1820.42165  1821.585875 1822.74905  1823.9112
 1825.072325 1826.232425 1827.3915   1828.54905  1829.705075 1830.85955
 1832.0125   1833.163925]","[162.56 162.58 162.59 162.6  162.61 162.63 162.64 162.65 162.66 162.67
 162.68 162.7  162.71 162.72]",0.25012309442773883,6
