Vehicle_ID,ID,time,xloc,yloc,line_integral_values,maneuver
69,69,"[2.2 2.3 2.4 2.5 2.6 2.7 2.8 2.9 3.  3.1 3.2 3.3 3.4 3.5 3.6 3.7 3.8 3.9
 4.  4.1 4.2 4.3 4.4 4.5 4.6 4.7 4.8 4.9 5. ]","[1085.5039   1086.2954   1087.094975 1087.9026   1088.718275 1089.541975
 1090.373175 1091.211375 1092.057075 1092.91025  1093.7699   1094.636025
 1095.5091   1096.388625 1097.2741   1098.16605  1099.064475 1099.96885
 1100.879175 1101.79545  1102.7177   1103.645925 1104.5801   1105.52025
 1106.465875 1107.41695  1108.373475 1109.33495  1110.301375]","[158.92 158.94 158.97 158.99 159.01 159.03 159.05 159.07 159.1  159.12
 159.14 159.16 159.19 159.21 159.23 159.26 159.28 159.3  159.33 159.35
 159.38 159.4  159.42 159.45 159.47 159.5  159.52 159.55 159.57]",0.7303569114703026,6
