Vehicle_ID,ID,time,xloc,yloc,line_integral_values,maneuver
2150,2449,"[0.2 0.3 0.4 0.5 0.6 0.7 0.8 0.9 1.  1.1 1.2 1.3 1.4 1.5 1.6 1.7 1.8 1.9
 2.  2.1 2.2 2.3 2.4 2.5 2.6 2.7 2.8 2.9 3.  3.1 3.2 3.3 3.4 3.5 3.6 3.7
 3.8 3.9 4.  4.1 4.2 4.3 4.4 4.5 4.6 4.7 4.8 4.9 5. ]","[1585.045975 1585.805725 1586.5715   1587.343325 1588.1217   1588.906625
 1589.6981   1590.496625 1591.3022   1592.11535  1592.936075 1593.76385
 1594.599175 1595.44205  1596.292475 1597.150425 1598.0154   1598.8874
 1599.7664   1600.652375 1601.544825 1602.443775 1603.3492   1604.2611
 1605.179475 1606.104325 1607.036175 1607.974525 1608.919375 1609.87125
 1610.83065  1611.797575 1612.771525 1613.7525   1614.7405   1615.7355
 1616.7375   1617.7465   1618.762475 1619.784925 1620.81385  1621.849225
 1622.89055  1623.937325 1624.98955  1626.0472   1627.109775 1628.1773
 1629.24975 ]","[157.31 157.34 157.36 157.38 157.41 157.43 157.46 157.48 157.5  157.53
 157.55 157.57 157.6  157.62 157.64 157.66 157.69 157.71 157.73 157.75
 157.77 157.79 157.82 157.84 157.86 157.88 157.9  157.92 157.94 157.96
 157.98 158.01 158.03 158.05 158.07 158.09 158.11 158.13 158.15 158.17
 158.19 158.21 158.23 158.25 158.27 158.29 158.31 158.33 158.35]",27.789886307743927,6
