Vehicle_ID,ID,time,xloc,yloc,old_xloc,old_yloc,line_integral_values,maneuver
2972,2484,"[263.6 263.7 263.8 263.9 264.  264.1 264.2 264.3 264.4 264.5 264.6 264.7
 264.8 264.9 265.  265.1 265.2 265.3 265.4 265.5 265.6 265.7 265.8 265.9
 266.  266.1]","[1600.72895  1601.6113   1602.506275 1603.414375 1604.335575 1605.26985
 1606.2167   1607.176125 1608.1486   1609.1336   1610.130625 1611.13965
 1612.16065  1613.193125 1614.23655  1615.290925 1616.35625  1617.432525
 1618.51925  1619.6159   1620.72245  1621.837875 1622.96115  1624.09225
 1625.230125 1626.37375 ]","[157.51 157.54 157.56 157.59 157.62 157.64 157.67 157.7  157.72 157.75
 157.78 157.81 157.84 157.87 157.9  157.93 157.96 157.99 158.02 158.05
 158.08 158.11 158.14 158.16 158.19 158.22]","[1600.72895  1601.6113   1602.506275 1603.414375 1604.335575 1605.26985
 1606.2167   1607.176125 1608.1486   1609.1336   1610.130625 1611.13965
 1612.16065  1613.193125 1614.23655  1615.290925 1616.35625  1617.432525
 1618.51925  1619.6159   1620.72245  1621.837875 1622.96115  1624.09225
 1625.230125 1626.37375 ]","[157.51 157.54 157.56 157.59 157.62 157.64 157.67 157.7  157.72 157.75
 157.78 157.81 157.84 157.87 157.9  157.93 157.96 157.99 158.02 158.05
 158.08 158.11 158.14 158.16 158.19 158.22]",0.0,6
