Vehicle_ID,ID,time,xloc,yloc,line_integral_values,maneuver
52,52,"[1.4 1.5 1.6 1.7 1.8 1.9 2.  2.1 2.2 2.3 2.4 2.5 2.6 2.7 2.8 2.9 3.  3.1
 3.2 3.3 3.4 3.5 3.6 3.7 3.8 3.9 4.  4.1 4.2 4.3 4.4 4.5 4.6 4.7 4.8 4.9
 5. ]","[1335.8974   1337.04475  1338.185075 1339.318375 1340.44515  1341.5654
 1342.678625 1343.784825 1344.884    1345.97615  1347.0613   1348.13995
 1349.2121   1350.277225 1351.335325 1352.386425 1353.430525 1354.467625
 1355.497725 1356.520825 1357.536925 1358.546525 1359.549625 1360.545725
 1361.535325 1362.518425 1363.49505  1364.4652   1365.428875 1366.3866
 1367.33835  1368.284125 1369.22445  1370.159325 1371.088225 1372.01165
 1372.929625]","[159.73 159.71 159.68 159.66 159.63 159.6  159.58 159.55 159.53 159.5
 159.47 159.45 159.42 159.4  159.37 159.34 159.32 159.29 159.27 159.24
 159.22 159.19 159.17 159.14 159.12 159.09 159.07 159.04 159.02 159.
 158.97 158.95 158.93 158.9  158.88 158.86 158.84]",0.20655881197925505,6
