Vehicle_ID,ID,time,xloc,yloc,line_integral_values,maneuver
2592,2592,"[1.7 1.8 1.9 2.  2.1 2.2 2.3 2.4 2.5 2.6 2.7 2.8 2.9 3.  3.1 3.2 3.3 3.4
 3.5 3.6 3.7 3.8 3.9 4.  4.1 4.2 4.3 4.4 4.5 4.6 4.7 4.8 4.9 5. ]","[1585.46335  1586.4758   1587.49375  1588.5177   1589.548175 1590.585175
 1591.6282   1592.67775  1593.7338   1594.79585  1595.8639   1596.937425
 1598.0164   1599.10085  1600.190275 1601.28465  1602.383975 1603.48875
 1604.599    1605.714225 1606.834425 1607.959625 1609.090325 1610.226525
 1611.368225 1612.515425 1613.66815  1614.8269   1615.99115  1617.1609
 1618.33615  1619.5169   1620.70315  1621.894375]","[157.03 157.05 157.08 157.1  157.13 157.15 157.18 157.21 157.23 157.26
 157.28 157.31 157.33 157.36 157.38 157.41 157.43 157.46 157.48 157.51
 157.54 157.56 157.59 157.61 157.64 157.67 157.7  157.72 157.75 157.78
 157.8  157.83 157.85 157.88]",1.0516487573598565,6
