Vehicle_ID,ID,time,xloc,yloc,line_integral_values,maneuver
536,536,"[1.8 1.9 2.  2.1 2.2 2.3 2.4 2.5 2.6 2.7 2.8 2.9 3.  3.1 3.2 3.3 3.4 3.5
 3.6 3.7 3.8 3.9 4.  4.1 4.2 4.3 4.4 4.5 4.6 4.7 4.8 4.9 5. ]","[1805.0811   1805.316475 1805.549525 1805.783425 1806.02075  1806.26305
 1806.510825 1806.764025 1807.022575 1807.2864   1807.55445  1807.825625
 1808.09935  1808.3746   1808.6503   1808.925375 1809.1993   1809.47105
 1809.7401   1810.007    1810.2723   1810.537025 1810.8017   1811.066825
 1811.3324   1811.598425 1811.8654   1812.133325 1812.402225 1812.67315
 1812.947625 1813.226675 1813.510825]","[162.94 162.94 162.94 162.93 162.93 162.93 162.93 162.92 162.92 162.92
 162.91 162.91 162.91 162.9  162.9  162.89 162.89 162.88 162.88 162.88
 162.88 162.87 162.87 162.87 162.87 162.87 162.87 162.87 162.87 162.87
 162.88 162.88 162.88]",0.6302498385138876,6
