Vehicle_ID,ID,time,xloc,yloc,old_xloc,old_yloc,line_integral_values,maneuver
537,145,"[0.  0.1 0.2 0.3 0.4 0.5 0.6 0.7 0.8 0.9 1.  1.1 1.2 1.3 1.4 1.5 1.6 1.7
 1.8 1.9 2.  2.1 2.2 2.3 2.4 2.5 2.6 2.7 2.8 2.9 3.  3.1 3.2 3.3 3.4 3.5
 3.6 3.7 3.8 3.9 4.  4.1 4.2 4.3 4.4 4.5 4.6 4.7 4.8 4.9 5. ]","[42.839925 43.19235  43.539625 43.88225  44.220175 44.553325 44.88115
 45.2026   45.517125 45.824175 46.12375  46.416375 46.7031   46.985
 47.2631   47.538425 47.810975 48.08125  48.35025  48.61795  48.88435
 49.149425 49.413175 49.676625 49.940775 50.20615  50.47275  50.740525
 51.008925 51.276875 51.543275 51.80655  52.064625 52.315925 52.5594
 52.794025 53.0193   53.234225 53.438325 53.632175 53.816325 53.991325
 54.157725 54.31605  54.465825 54.6065   54.73755  54.85795  54.96665
 55.063675 55.1501  ]","[1.09184615 1.09184615 1.10184615 1.11184615 1.11184615 1.12184615
 1.13184615 1.13184615 1.14184615 1.15184615 1.16184615 1.17184615
 1.18184615 1.18184615 1.19184615 1.20184615 1.21184615 1.21184615
 1.22184615 1.23184615 1.23184615 1.24184615 1.25184615 1.25184615
 1.26184615 1.27184615 1.27184615 1.28184615 1.29184615 1.29184615
 1.30184615 1.30184615 1.31184615 1.31184615 1.31184615 1.32184615
 1.32184615 1.33184615 1.33184615 1.33184615 1.34184615 1.34184615
 1.34184615 1.34184615 1.34184615 1.34184615 1.34184615 1.34184615
 1.34184615 1.34184615 1.33184615]","[1612.839925 1613.19235  1613.539625 1613.88225  1614.220175 1614.553325
 1614.88115  1615.2026   1615.517125 1615.824175 1616.12375  1616.416375
 1616.7031   1616.985    1617.2631   1617.538425 1617.810975 1618.08125
 1618.35025  1618.61795  1618.88435  1619.149425 1619.413175 1619.676625
 1619.940775 1620.20615  1620.47275  1620.740525 1621.008925 1621.276875
 1621.543275 1621.80655  1622.064625 1622.315925 1622.5594   1622.794025
 1623.0193   1623.234225 1623.438325 1623.632175 1623.816325 1623.991325
 1624.157725 1624.31605  1624.465825 1624.6065   1624.73755  1624.85795
 1624.96665  1625.063675 1625.1501  ]","[158.06 158.06 158.07 158.08 158.08 158.09 158.1  158.1  158.11 158.12
 158.13 158.14 158.15 158.15 158.16 158.17 158.18 158.18 158.19 158.2
 158.2  158.21 158.22 158.22 158.23 158.24 158.24 158.25 158.26 158.26
 158.27 158.27 158.28 158.28 158.28 158.29 158.29 158.3  158.3  158.3
 158.31 158.31 158.31 158.31 158.31 158.31 158.31 158.31 158.31 158.31
 158.3 ]",2.2785212394206245e-17,6
