Vehicle_ID,ID,time,xloc,yloc,line_integral_values,maneuver
1008,2290,[0.4 0.5 0.6 0.7 0.8 0.9 1.  1.1 1.2 1.3 1.4 1.5 1.6 1.7 1.8 1.9 2. ],"[1817.6544   1818.65185  1819.647325 1820.640875 1821.6325   1822.622175
 1823.6099   1824.595675 1825.58     1826.56285  1827.5432   1828.52105
 1829.4969   1830.47025  1831.4411   1832.40995  1833.3763  ]","[162.89 162.9  162.91 162.92 162.93 162.94 162.95 162.95 162.96 162.97
 162.98 162.98 162.99 163.   163.   163.01 163.01]",0.4787155613635737,6
