Vehicle_ID,ID,time,xloc,yloc,line_integral_values,maneuver
2484,2698,"[0.1 0.2 0.3 0.4 0.5 0.6 0.7 0.8 0.9 1.  1.1 1.2 1.3 1.4 1.5 1.6 1.7 1.8
 1.9 2.  2.1 2.2 2.3 2.4 2.5 2.6 2.7 2.8 2.9 3.  3.1 3.2 3.3 3.4 3.5 3.6
 3.7 3.8 3.9 4.  4.1 4.2 4.3 4.4 4.5 4.6 4.7 4.8 4.9 5. ]","[1585.1964   1586.0983   1587.004225 1587.9147   1588.830225 1589.7508
 1590.67645  1591.607675 1592.54445  1593.486775 1594.43465  1595.388075
 1596.34705  1597.31105  1598.28055  1599.255575 1600.235625 1601.220675
 1602.211225 1603.2073   1604.2084   1605.2145   1606.2261   1607.2432
 1608.2653   1609.2924   1610.3245   1611.361575 1612.403625 1613.450675
 1614.5027   1615.5592   1616.6202   1617.6862   1618.7572   1619.8332
 1620.9147   1622.0012   1623.092175 1624.1876   1625.286975 1626.389775
 1627.495475 1628.603575 1629.714075 1630.826975 1631.942275 1633.06
 1634.179675 1635.3018  ]","[157.71 157.73 157.75 157.77 157.79 157.81 157.84 157.86 157.88 157.9
 157.92 157.94 157.97 157.99 158.01 158.03 158.06 158.08 158.1  158.13
 158.15 158.18 158.2  158.23 158.26 158.28 158.31 158.34 158.37 158.39
 158.42 158.45 158.48 158.51 158.53 158.56 158.59 158.62 158.65 158.67
 158.7  158.73 158.76 158.78 158.81 158.84 158.87 158.89 158.92 158.95]",9.09480457205259,6
