Vehicle_ID,ID,time,xloc,yloc,line_integral_values,maneuver
91,91,"[0.9 1.  1.1 1.2 1.3 1.4 1.5 1.6 1.7 1.8 1.9 2.  2.1 2.2 2.3 2.4 2.5 2.6
 2.7 2.8 2.9 3.  3.1 3.2 3.3 3.4 3.5 3.6 3.7 3.8 3.9 4.  4.1 4.2 4.3 4.4
 4.5 4.6 4.7 4.8 4.9 5. ]","[1805.5258   1806.106025 1806.6692   1807.21485  1807.743025 1808.254325
 1808.749875 1809.230775 1809.69865  1810.15615  1810.606425 1811.05315
 1811.499475 1811.947975 1812.40015  1812.856475 1813.317375 1813.781725
 1814.248925 1814.7184   1815.1896   1815.66355  1816.142375 1816.62975
 1817.129825 1817.6462   1818.1804   1818.732875 1819.304575 1819.89645
 1820.50895  1821.141475 1821.79345  1822.46535  1823.1587   1823.875575
 1824.6175   1825.38545  1826.17935  1826.99705  1827.834825 1828.688925]","[162.22 162.22 162.22 162.22 162.22 162.23 162.23 162.23 162.23 162.23
 162.23 162.23 162.23 162.23 162.22 162.22 162.22 162.22 162.22 162.21
 162.21 162.2  162.2  162.19 162.18 162.18 162.17 162.17 162.16 162.15
 162.15 162.15 162.14 162.14 162.13 162.13 162.13 162.12 162.12 162.11
 162.11 162.1 ]",23.296371025190226,6
