Vehicle_ID,ID,time,xloc,yloc,line_integral_values,maneuver
2017,1983,"[0.  0.1 0.2 0.3 0.4 0.5 0.6 0.7 0.8 0.9 1.  1.1 1.2 1.3 1.4 1.5 1.6 1.7
 1.8 1.9 2.  2.1 2.2 2.3 2.4]","[1338.058625 1338.717375 1339.37415  1340.02895  1340.681775 1341.332625
 1341.981475 1342.62835  1343.27325  1343.916675 1344.559175 1345.200775
 1345.842475 1346.4853   1347.1293   1347.7755   1348.4249   1349.07805
 1349.736475 1350.400675 1351.07065  1351.74635  1352.42775  1353.114825
 1353.80755 ]","[159.13 159.11 159.09 159.08 159.06 159.05 159.03 159.02 159.   158.99
 158.97 158.96 158.94 158.93 158.91 158.9  158.88 158.87 158.85 158.83
 158.82 158.8  158.78 158.76 158.74]",1.9988415465204472,6
