Vehicle_ID,ID,time,xloc,yloc,line_integral_values,maneuver
2735,0,"[0.  0.1 0.2 0.3 0.4 0.5 0.6 0.7 0.8 0.9 1.  1.1 1.2 1.3 1.4 1.5 1.6 1.7
 1.8 1.9 2.  2.1 2.2 2.3 2.4 2.5 2.6 2.7 2.8 2.9 3.  3.1 3.2 3.3 3.4 3.5
 3.6 3.7 3.8 3.9 4.  4.1 4.2 4.3 4.4 4.5 4.6 4.7 4.8 4.9 5. ]","[2229.2155   2230.025925 2230.839875 2231.65735  2232.478375 2233.302925
 2234.131    2234.962625 2235.798275 2236.63795  2237.481675 2238.32995
 2239.1828   2240.040225 2240.9027   2241.770225 2242.6428   2243.52045
 2244.403175 2245.290925 2246.1837   2247.082025 2247.985875 2248.89475
 2249.80865  2250.727575 2251.651525 2252.580975 2253.51595  2254.45595
 2255.401475 2256.352525 2257.3086   2258.2702   2259.237825 2260.210975
 2261.18965  2262.17435  2263.165075 2264.16185  2265.16465  2266.17345
 2267.188275 2268.209125 2269.236    2270.2689   2271.307825 2272.352775
 2273.403725 2274.460675 2275.523625]","[134.74 134.67 134.61 134.55 134.48 134.41 134.35 134.28 134.21 134.15
 134.08 134.01 133.94 133.87 133.8  133.73 133.66 133.59 133.51 133.44
 133.37 133.29 133.22 133.15 133.07 133.   132.92 132.85 132.77 132.7
 132.62 132.54 132.46 132.39 132.31 132.23 132.15 132.07 131.98 131.9
 131.82 131.74 131.65 131.57 131.48 131.4  131.31 131.23 131.14 131.05
 130.96]",0.0,6
