Vehicle_ID,ID,time,xloc,yloc,line_integral_values,maneuver
788,856,"[3.2 3.3 3.4 3.5 3.6 3.7 3.8 3.9 4.  4.1 4.2 4.3 4.4 4.5 4.6 4.7 4.8 4.9
 5. ]","[1817.556475 1818.75875  1819.962975 1821.169175 1822.377375 1823.58755
 1824.7997   1826.013825 1827.229925 1828.448    1829.667525 1830.888025
 1832.11     1833.333425 1834.5578   1835.783125 1837.0094   1838.236125
 1839.463325]","[162.57 162.58 162.6  162.61 162.62 162.64 162.65 162.66 162.67 162.68
 162.69 162.7  162.7  162.71 162.72 162.72 162.73 162.73 162.74]",0.3869800754256591,6
