Vehicle_ID,ID,time,xloc,yloc,line_integral_values,maneuver
2104,2017,"[0.3 0.4 0.5 0.6 0.7 0.8 0.9 1.  1.1 1.2 1.3 1.4 1.5 1.6 1.7 1.8 1.9 2.
 2.1 2.2 2.3 2.4 2.5 2.6 2.7 2.8 2.9 3.  3.1 3.2 3.3 3.4 3.5 3.6 3.7 3.8
 3.9 4.  4.1 4.2 4.3 4.4 4.5 4.6]","[1840.271    1841.2189   1842.1628   1843.102725 1844.038675 1844.970625
 1845.8986   1846.8231   1847.744625 1848.6627   1849.577325 1850.489
 1851.398225 1852.305    1853.20935  1854.111775 1855.01225  1855.9108
 1856.807425 1857.702625 1858.596925 1859.490325 1860.3833   1861.27585
 1862.168    1863.06025  1863.9526   1864.84555  1865.7391   1866.63325
 1867.5285   1868.42485  1869.3223   1870.22135  1871.121975 1872.024175
 1872.928475 1873.834875 1874.743875 1875.655475 1876.56965  1877.4869
 1878.40725  1879.3312  ]","[162.47 162.47 162.47 162.47 162.47 162.47 162.47 162.47 162.47 162.47
 162.46 162.46 162.46 162.45 162.45 162.44 162.43 162.43 162.42 162.41
 162.4  162.39 162.38 162.37 162.36 162.35 162.34 162.33 162.32 162.31
 162.29 162.28 162.26 162.25 162.23 162.21 162.2  162.18 162.16 162.14
 162.12 162.09 162.07 162.05]",7.450411519533987,6
