Vehicle_ID,ID,time,xloc,yloc,line_integral_values,maneuver
66,66,"[2.5 2.6 2.7 2.8 2.9 3.  3.1 3.2 3.3 3.4 3.5 3.6 3.7 3.8 3.9 4.  4.1 4.2
 4.3 4.4 4.5 4.6 4.7 4.8 4.9 5. ]","[1585.338225 1585.83735  1586.32435  1586.7987   1587.259325 1587.705725
 1588.137425 1588.55445  1588.957875 1589.348275 1589.7267   1590.095225
 1590.454925 1590.806875 1591.152625 1591.493175 1591.8285   1592.158575
 1592.48335  1592.802275 1593.11535  1593.42255  1593.723825 1594.019175
 1594.308625 1594.592675]","[157.74 157.74 157.74 157.75 157.75 157.75 157.75 157.76 157.76 157.76
 157.77 157.77 157.78 157.78 157.78 157.79 157.79 157.8  157.8  157.81
 157.81 157.82 157.82 157.82 157.83 157.83]",14.152576974713805,6
