Vehicle_ID,ID,time,xloc,yloc,line_integral_values,maneuver
942,732,[0.  0.1 0.2 0.3 0.4 0.5 0.6 0.7 0.8 0.9 1.  1.1 1.2 1.3 1.4 1.5 1.6 1.7],"[1622.8198   1623.2057   1623.5972   1623.993775 1624.3954   1624.802075
 1625.213275 1625.628975 1626.049175 1626.47335  1626.9015   1627.333125
 1627.767675 1628.20515  1628.64555  1629.08835  1629.533075 1629.979725]","[157.66 157.68 157.69 157.7  157.72 157.73 157.75 157.76 157.77 157.79
 157.8  157.82 157.83 157.85 157.87 157.88 157.9  157.92]",0.0,6
