Vehicle_ID,ID,time,xloc,yloc,old_xloc,old_yloc,line_integral_values,maneuver
2841,2484,"[263.6 263.7 263.8 263.9 264.  264.1 264.2 264.3 264.4 264.5 264.6 264.7
 264.8 264.9]","[1600.72895  1601.6113   1602.506275 1603.414375 1604.335575 1605.26985
 1606.2167   1607.176125 1608.1486   1609.1336   1610.130625 1611.13965
 1612.16065  1613.193125]","[157.51 157.54 157.56 157.59 157.62 157.64 157.67 157.7  157.72 157.75
 157.78 157.81 157.84 157.87]","[1600.72895  1601.6113   1602.506275 1603.414375 1604.335575 1605.26985
 1606.2167   1607.176125 1608.1486   1609.1336   1610.130625 1611.13965
 1612.16065  1613.193125]","[157.51 157.54 157.56 157.59 157.62 157.64 157.67 157.7  157.72 157.75
 157.78 157.81 157.84 157.87]",0.0,6
