Vehicle_ID,ID,time,xloc,yloc,line_integral_values,maneuver
2841,2841,[1.  1.1 1.2 1.3 1.4 1.5 1.6 1.7 1.8 1.9 2. ],"[1800.05125  1801.066325 1802.07175  1803.067525 1804.054175 1805.031725
 1806.0002   1806.959625 1807.910525 1808.852925 1809.786825]","[162.01 162.03 162.05 162.06 162.08 162.09 162.1  162.12 162.13 162.14
 162.15]",0.3340717172425246,6
