ID,time,xloc,yloc,old_xloc,old_yloc,line_integral_values,maneuver
0,"[0.  0.1 0.2 0.3 0.4 0.5 0.6 0.7 0.8 0.9 1.  1.1 1.2 1.3 1.4 1.5 1.6 1.7
 1.8 1.9 2.  2.1 2.2 2.3 2.4 2.5 2.6 2.7 2.8 2.9 3.  3.1 3.2 3.3 3.4 3.5
 3.6 3.7 3.8 3.9 4.  4.1 4.2 4.3 4.4 4.5 4.6 4.7 4.8 4.9 5. ]","[-10959.71475  -10959.162925 -10958.6167   -10958.07495  -10957.535575
 -10956.997    -10956.458175 -10955.917575 -10955.3752   -10954.831075
 -10954.284725 -10953.736175 -10953.185975 -10952.6352   -10952.084375
 -10951.533525 -10950.9832   -10950.43445  -10949.88885  -10949.34745
 -10948.810775 -10948.280375 -10947.7578   -10947.244075 -10946.7397
 -10946.24515  -10945.7609   -10945.2864   -10944.8211   -10944.36445
 -10943.915875 -10943.47535  -10943.042875 -10942.61845  -10942.202075
 -10941.7943   -10941.3967   -10941.010825 -10940.637725 -10940.27895
 -10939.936025 -10939.61     -10939.3019   -10939.012175 -10938.7408
 -10938.48775  -10938.252425 -10938.033725 -10937.830575 -10937.641375
 -10937.464025]","[-1.09 -1.08 -1.06 -1.05 -1.04 -1.03 -1.01 -1.   -0.99 -0.98 -0.97 -0.96
 -0.95 -0.94 -0.93 -0.93 -0.92 -0.91 -0.9  -0.89 -0.88 -0.88 -0.87 -0.86
 -0.86 -0.85 -0.85 -0.84 -0.83 -0.83 -0.82 -0.82 -0.81 -0.81 -0.8  -0.8
 -0.79 -0.79 -0.78 -0.78 -0.77 -0.76 -0.76 -0.75 -0.75 -0.74 -0.73 -0.73
 -0.72 -0.72 -0.71]","[-9389.71475  -9389.162925 -9388.6167   -9388.07495  -9387.535575
 -9386.997    -9386.458175 -9385.917575 -9385.3752   -9384.831075
 -9384.284725 -9383.736175 -9383.185975 -9382.6352   -9382.084375
 -9381.533525 -9380.9832   -9380.43445  -9379.88885  -9379.34745
 -9378.810775 -9378.280375 -9377.7578   -9377.244075 -9376.7397
 -9376.24515  -9375.7609   -9375.2864   -9374.8211   -9374.36445
 -9373.915875 -9373.47535  -9373.042875 -9372.61845  -9372.202075
 -9371.7943   -9371.3967   -9371.010825 -9370.637725 -9370.27895
 -9369.936025 -9369.61     -9369.3019   -9369.012175 -9368.7408
 -9368.48775  -9368.252425 -9368.033725 -9367.830575 -9367.641375
 -9367.464025]","[-1.64 -1.63 -1.61 -1.6  -1.59 -1.58 -1.56 -1.55 -1.54 -1.53 -1.52 -1.51
 -1.5  -1.49 -1.48 -1.48 -1.47 -1.46 -1.45 -1.44 -1.43 -1.43 -1.42 -1.41
 -1.41 -1.4  -1.4  -1.39 -1.38 -1.38 -1.37 -1.37 -1.36 -1.36 -1.35 -1.35
 -1.34 -1.34 -1.33 -1.33 -1.32 -1.31 -1.31 -1.3  -1.3  -1.29 -1.28 -1.28
 -1.27 -1.27 -1.26]",0.0,6
