Vehicle_ID,ID,time,xloc,yloc,line_integral_values,maneuver
77,77,"[2.2 2.3 2.4 2.5 2.6 2.7 2.8 2.9 3.  3.1 3.2 3.3 3.4 3.5 3.6 3.7 3.8 3.9
 4.  4.1 4.2 4.3 4.4 4.5 4.6 4.7 4.8 4.9 5. ]","[1910.0673   1910.744625 1911.4179   1912.08715  1912.75345  1913.41835
 1914.082375 1914.74605  1915.4099   1916.074425 1916.740125 1917.407
 1918.075025 1918.744175 1919.4139   1920.084175 1920.754475 1921.423775
 1922.09205  1922.75925  1923.424875 1924.088425 1924.749375 1925.40775
 1926.064075 1926.71785  1927.3696   1928.02035  1928.67015 ]","[161.14 161.11 161.07 161.04 161.01 160.97 160.94 160.91 160.87 160.84
 160.81 160.77 160.74 160.71 160.67 160.64 160.6  160.56 160.53 160.49
 160.45 160.41 160.37 160.33 160.29 160.25 160.21 160.16 160.12]",1.1354846905849647,6
