Vehicle_ID,ID,time,xloc,yloc,old_xloc,old_yloc,line_integral_values,maneuver
942,788,"[0.  0.1 0.2 0.3 0.4 0.5 0.6 0.7 0.8 0.9 1.  1.1 1.2 1.3 1.4 1.5 1.6 1.7
 1.8 1.9 2.  2.1 2.2 2.3 2.4 2.5 2.6 2.7 2.8 2.9 3.  3.1 3.2 3.3 3.4 3.5
 3.6 3.7 3.8 3.9 4.  4.1 4.2 4.3 4.4 4.5 4.6 4.7 4.8 4.9 5. ]","[33.40645  33.70145  34.00045  34.30345  34.61045  34.92145  35.23645
 35.55545  35.87845  36.20545  36.53695  36.872975 37.213525 37.5586
 37.908225 38.2629   38.622625 38.9874   39.3577   39.733525 40.1144
 40.5003   40.891225 41.287175 41.688125 42.094075 42.505    42.9204
 43.3403   43.764675 44.193525 44.62685  45.06415  45.505425 45.95065
 46.399825 46.852475 47.3086   47.768175 48.2312   48.697675 49.1671
 49.639475 50.114275 50.5915   51.07115  51.552725 52.036225 52.521125
 53.006925 53.493625]","[0.52184615 0.53184615 0.53184615 0.54184615 0.55184615 0.55184615
 0.56184615 0.56184615 0.57184615 0.57184615 0.58184615 0.59184615
 0.59184615 0.60184615 0.60184615 0.61184615 0.61184615 0.61184615
 0.62184615 0.62184615 0.63184615 0.63184615 0.64184615 0.64184615
 0.65184615 0.66184615 0.66184615 0.67184615 0.68184615 0.68184615
 0.69184615 0.70184615 0.71184615 0.72184615 0.73184615 0.74184615
 0.74184615 0.75184615 0.76184615 0.77184615 0.78184615 0.79184615
 0.80184615 0.81184615 0.82184615 0.83184615 0.84184615 0.85184615
 0.86184615 0.87184615 0.88184615]","[1603.40645  1603.70145  1604.00045  1604.30345  1604.61045  1604.92145
 1605.23645  1605.55545  1605.87845  1606.20545  1606.53695  1606.872975
 1607.213525 1607.5586   1607.908225 1608.2629   1608.622625 1608.9874
 1609.3577   1609.733525 1610.1144   1610.5003   1610.891225 1611.287175
 1611.688125 1612.094075 1612.505    1612.9204   1613.3403   1613.764675
 1614.193525 1614.62685  1615.06415  1615.505425 1615.95065  1616.399825
 1616.852475 1617.3086   1617.768175 1618.2312   1618.697675 1619.1671
 1619.639475 1620.114275 1620.5915   1621.07115  1621.552725 1622.036225
 1622.521125 1623.006925 1623.493625]","[157.49 157.5  157.5  157.51 157.52 157.52 157.53 157.53 157.54 157.54
 157.55 157.56 157.56 157.57 157.57 157.58 157.58 157.58 157.59 157.59
 157.6  157.6  157.61 157.61 157.62 157.63 157.63 157.64 157.65 157.65
 157.66 157.67 157.68 157.69 157.7  157.71 157.71 157.72 157.73 157.74
 157.75 157.76 157.77 157.78 157.79 157.8  157.81 157.82 157.83 157.84
 157.85]",9.703823781253253e-05,6
