Vehicle_ID,ID,time,xloc,yloc,line_integral_values,maneuver
68,68,"[1.7 1.8 1.9 2.  2.1 2.2 2.3 2.4 2.5 2.6 2.7 2.8 2.9 3.  3.1 3.2 3.3 3.4
 3.5 3.6 3.7 3.8 3.9 4.  4.1 4.2 4.3 4.4 4.5 4.6 4.7 4.8 4.9 5. ]","[1180.578075 1181.508375 1182.439775 1183.372275 1184.30635  1185.242
 1186.179225 1187.118525 1188.0594   1189.00235  1189.947875 1190.895475
 1191.845675 1192.79895  1193.7548   1194.71375  1195.676275 1196.641875
 1197.611075 1198.58435  1199.5617   1200.54315  1201.528675 1202.518275
 1203.51245  1204.5117   1205.51605  1206.525475 1207.539975 1208.55955
 1209.584175 1210.61385  1211.649075 1212.68985 ]","[160.59 160.59 160.59 160.59 160.59 160.6  160.6  160.6  160.6  160.6
 160.6  160.6  160.6  160.59 160.59 160.59 160.59 160.59 160.59 160.59
 160.59 160.59 160.59 160.58 160.58 160.58 160.58 160.57 160.57 160.56
 160.56 160.55 160.55 160.54]",23.54664513274658,6
