Vehicle_ID,ID,time,xloc,yloc,line_integral_values,maneuver
438,488,"[2.  2.1 2.2 2.3 2.4 2.5 2.6 2.7 2.8 2.9 3.  3.1 3.2 3.3 3.4 3.5 3.6 3.7
 3.8 3.9 4.  4.1 4.2 4.3 4.4 4.5 4.6 4.7 4.8 4.9 5. ]","[1840.039525 1840.414475 1840.76895  1841.103    1841.417725 1841.71475
 1841.99675  1842.268    1842.533275 1842.798325 1843.069425 1843.352825
 1843.655275 1843.984025 1844.344675 1844.7407   1845.173975 1845.64325
 1846.145175 1846.67425  1847.2219   1847.7791   1848.3374   1848.889475
 1849.43015  1849.95695  1850.4706   1850.97445  1851.4739   1851.974825
 1852.483575]","[162.19 162.18 162.17 162.15 162.14 162.12 162.11 162.1  162.08 162.07
 162.06 162.04 162.03 162.02 162.   161.99 161.98 161.96 161.95 161.93
 161.92 161.91 161.9  161.88 161.87 161.86 161.85 161.84 161.83 161.82
 161.81]",23.671116747899998,6
