Vehicle_ID,ID,time,xloc,yloc,line_integral_values,maneuver
69,69,[4.  4.1 4.2 4.3 4.4 4.5 4.6 4.7 4.8 4.9 5. ],"[1820.434775 1821.00605  1821.58295  1822.16545  1822.753025 1823.34565
 1823.943325 1824.54605  1825.154325 1825.76815  1826.387525]","[162.03 162.04 162.05 162.06 162.07 162.08 162.08 162.09 162.09 162.09
 162.1 ]",0.8311056084606836,6
