Vehicle_ID,ID,time,xloc,yloc,line_integral_values,maneuver
1387,1387,"[2.1 2.2 2.3 2.4 2.5 2.6 2.7 2.8 2.9 3.  3.1 3.2 3.3 3.4 3.5 3.6 3.7 3.8
 3.9 4.  4.1 4.2 4.3 4.4 4.5 4.6 4.7 4.8 4.9 5. ]","[1980.36155  1981.13455  1981.907425 1982.67965  1983.450725 1984.220675
 1984.9895   1985.756675 1986.5217   1987.2846   1988.044875 1988.802
 1989.555975 1990.3063   1991.05245  1991.793925 1992.530225 1993.26135
 1993.9868   1994.70605  1995.418625 1996.124025 1996.82225  1997.513325
 1998.19675  1998.872525 1999.541175 2000.202225 2000.8557   2001.502125]","[155.27 155.2  155.12 155.04 154.97 154.89 154.82 154.75 154.67 154.6
 154.52 154.45 154.38 154.3  154.23 154.16 154.09 154.02 153.95 153.88
 153.81 153.74 153.67 153.61 153.54 153.48 153.42 153.35 153.29 153.23]",2.1792490759211614e-05,6
