Vehicle_ID,ID,time,xloc,yloc,line_integral_values,maneuver
91,103,[3.6 3.7 3.8 3.9 4.  4.1 4.2 4.3 4.4 4.5 4.6 4.7 4.8 4.9 5. ],"[1585.0846   1586.15525  1587.2137   1588.25945  1589.292    1590.31135
 1591.3175   1592.30995  1593.288225 1594.251825 1595.20075  1596.135025
 1597.053625 1597.95655  1598.843825]","[157.98 158.01 158.03 158.06 158.08 158.11 158.13 158.15 158.18 158.2
 158.22 158.25 158.27 158.29 158.31]",4.0405515300992,6
