Vehicle_ID,ID,time,xloc,yloc,line_integral_values,maneuver
1961,1983,[3.1 3.2 3.3 3.4 3.5 3.6 3.7 3.8 3.9 4.  4.1 4.2 4.3],"[1815.90795  1817.044925 1818.179375 1819.3113   1820.4407   1821.5676
 1822.692    1823.813875 1824.933725 1826.051075 1827.165925 1828.278775
 1829.389125]","[161.98 162.   162.02 162.04 162.05 162.07 162.09 162.11 162.13 162.15
 162.17 162.19 162.21]",0.03773423648947185,6
