Vehicle_ID,ID,time,xloc,yloc,line_integral_values,maneuver
788,899,[4.2 4.3 4.4 4.5 4.6 4.7 4.8 4.9 5. ],"[1800.8074   1801.937225 1803.071075 1804.2084   1805.3487   1806.491975
 1807.637675 1808.7853   1809.93485 ]",[162.07 162.09 162.1  162.11 162.12 162.14 162.15 162.16 162.17],0.2361280496271952,6
