Vehicle_ID,ID,time,xloc,yloc,line_integral_values,maneuver
197,540,[4.6 4.7 4.8 4.9 5. ],[1128.205075 1129.700675 1131.201175 1132.7061   1134.215475],[160.24 160.27 160.3  160.33 160.36],0.07184704397241509,6
