Vehicle_ID,ID,time,xloc,yloc,old_xloc,old_yloc,line_integral_values,maneuver
586,586,[79.8 79.9 80. ],[1600.00195  1600.695075 1601.387675],[158.4  158.42 158.43],[1600.00195  1600.695075 1601.387675],[158.4  158.42 158.43],0.0,6
