Vehicle_ID,ID,time,xloc,yloc,old_xloc,old_yloc,line_integral_values,maneuver
899,732,"[0.  0.1 0.2 0.3 0.4 0.5 0.6 0.7 0.8 0.9 1.  1.1 1.2 1.3 1.4 1.5 1.6 1.7
 1.8 1.9 2.  2.1 2.2 2.3 2.4 2.5 2.6 2.7 2.8 2.9 3.  3.1 3.2 3.3 3.4 3.5
 3.6 3.7 3.8 3.9 4.  4.1 4.2 4.3 4.4 4.5 4.6 4.7 4.8 4.9 5. ]","[34.7336   34.981475 35.232875 35.4878   35.746275 36.0083   36.27385
 36.543425 36.81655  37.0932   37.373875 37.658075 37.945775 38.236975
 38.53115  38.827775 39.12635  39.42685  39.72875  40.03205  40.33675
 40.64185  40.94735  41.25325  41.55905  41.865275 42.17195  42.478575
 42.78565  43.093675 43.402675 43.712675 44.023675 44.3357   44.64875
 44.9633   45.279375 45.596975 45.9166   46.237775 46.560475 46.8852
 47.211975 47.541275 47.8731   48.20695  48.542825 48.88075  49.2212
 49.564175 49.9097  ]","[0.37184615 0.37184615 0.37184615 0.37184615 0.37184615 0.37184615
 0.37184615 0.38184615 0.38184615 0.38184615 0.38184615 0.38184615
 0.39184615 0.39184615 0.39184615 0.39184615 0.40184615 0.40184615
 0.41184615 0.41184615 0.41184615 0.42184615 0.42184615 0.43184615
 0.43184615 0.44184615 0.44184615 0.45184615 0.45184615 0.46184615
 0.46184615 0.47184615 0.48184615 0.48184615 0.49184615 0.50184615
 0.51184615 0.51184615 0.52184615 0.53184615 0.53184615 0.54184615
 0.55184615 0.55184615 0.56184615 0.57184615 0.58184615 0.58184615
 0.59184615 0.60184615 0.61184615]","[1604.7336   1604.981475 1605.232875 1605.4878   1605.746275 1606.0083
 1606.27385  1606.543425 1606.81655  1607.0932   1607.373875 1607.658075
 1607.945775 1608.236975 1608.53115  1608.827775 1609.12635  1609.42685
 1609.72875  1610.03205  1610.33675  1610.64185  1610.94735  1611.25325
 1611.55905  1611.865275 1612.17195  1612.478575 1612.78565  1613.093675
 1613.402675 1613.712675 1614.023675 1614.3357   1614.64875  1614.9633
 1615.279375 1615.596975 1615.9166   1616.237775 1616.560475 1616.8852
 1617.211975 1617.541275 1617.8731   1618.20695  1618.542825 1618.88075
 1619.2212   1619.564175 1619.9097  ]","[157.34 157.34 157.34 157.34 157.34 157.34 157.34 157.35 157.35 157.35
 157.35 157.35 157.36 157.36 157.36 157.36 157.37 157.37 157.38 157.38
 157.38 157.39 157.39 157.4  157.4  157.41 157.41 157.42 157.42 157.43
 157.43 157.44 157.45 157.45 157.46 157.47 157.48 157.48 157.49 157.5
 157.5  157.51 157.52 157.52 157.53 157.54 157.55 157.55 157.56 157.57
 157.58]",0.011226458832587253,6
