Vehicle_ID,ID,time,xloc,yloc,old_xloc,old_yloc,line_integral_values,maneuver
2636,2592,"[254.2 254.3 254.4 254.5 254.6 254.7 254.8 254.9 255.  255.1 255.2 255.3
 255.4 255.5 255.6 255.7 255.8 255.9 256.  256.1 256.2 256.3]","[1604.599    1605.714225 1606.834425 1607.959625 1609.090325 1610.226525
 1611.368225 1612.515425 1613.66815  1614.8269   1615.99115  1617.1609
 1618.33615  1619.5169   1620.70315  1621.894375 1623.090575 1624.29175
 1625.49735  1626.70635  1627.91825  1629.133025]","[157.48 157.51 157.54 157.56 157.59 157.61 157.64 157.67 157.7  157.72
 157.75 157.78 157.8  157.83 157.85 157.88 157.91 157.93 157.96 157.98
 158.01 158.03]","[1604.599    1605.714225 1606.834425 1607.959625 1609.090325 1610.226525
 1611.368225 1612.515425 1613.66815  1614.8269   1615.99115  1617.1609
 1618.33615  1619.5169   1620.70315  1621.894375 1623.090575 1624.29175
 1625.49735  1626.70635  1627.91825  1629.133025]","[157.48 157.51 157.54 157.56 157.59 157.61 157.64 157.67 157.7  157.72
 157.75 157.78 157.8  157.83 157.85 157.88 157.91 157.93 157.96 157.98
 158.01 158.03]",0.0,6
