Vehicle_ID,ID,time,xloc,yloc,line_integral_values,maneuver
537,537,"[1.4 1.5 1.6 1.7 1.8 1.9 2.  2.1 2.2 2.3 2.4 2.5 2.6 2.7 2.8 2.9 3.  3.1
 3.2 3.3 3.4 3.5 3.6 3.7 3.8 3.9 4.  4.1 4.2 4.3 4.4 4.5 4.6 4.7 4.8 4.9
 5. ]","[1910.24725  1911.2972   1912.33855  1913.3713   1914.39495  1915.409
 1916.413475 1917.408875 1918.3947   1919.37095  1920.338125 1921.295775
 1922.2439   1923.183    1924.1136   1925.0357   1925.949325 1926.8545
 1927.7512   1928.640425 1929.5222   1930.39655  1931.264    1932.124525
 1932.978625 1933.82735  1934.6707   1935.508675 1936.3423   1937.171575
 1937.996475 1938.8175   1939.63465  1940.448425 1941.258825 1942.06585
 1942.87    ]","[161.15 161.09 161.04 160.98 160.93 160.87 160.82 160.76 160.7  160.65
 160.59 160.54 160.48 160.43 160.37 160.32 160.26 160.21 160.15 160.1
 160.04 159.98 159.93 159.87 159.82 159.76 159.7  159.64 159.59 159.53
 159.47 159.41 159.36 159.3  159.24 159.18 159.13]",1.0567290376426581,6
