Vehicle_ID,ID,time,xloc,yloc,line_integral_values,maneuver
0,0,[1.2 1.3 1.4 1.5 1.6 1.7 1.8 1.9 2.  2.1],"[1810.88505  1811.806425 1812.729275 1813.653625 1814.579475 1815.506825
 1816.43565  1817.36595  1818.29775  1819.23105 ]",[162.59 162.6  162.62 162.63 162.64 162.66 162.67 162.68 162.69 162.71],0.031246632982075497,6
