Vehicle_ID,ID,time,xloc,yloc,old_xloc,old_yloc,line_integral_values,maneuver
522,536,"[0.  0.1 0.2 0.3 0.4 0.5 0.6 0.7 0.8 0.9 1.  1.1 1.2 1.3 1.4 1.5 1.6 1.7
 1.8 1.9 2.  2.1 2.2 2.3 2.4 2.5 2.6 2.7 2.8 2.9 3.  3.1 3.2 3.3 3.4 3.5]","[31.203575 32.059075 32.90875  33.7531   34.592675 35.427975 36.259475
 37.0877   37.91315  38.7358   39.555625 40.373125 41.1883   42.001125
 42.812075 43.62115  44.42835  45.234175 46.038625 46.841675 47.643825
 48.4456   49.247    50.048    50.849125 51.650375 52.45225  53.255275
 54.059425 54.864675 55.671525 56.479975 57.2895   58.100075 58.9117
 59.72385 ]","[1.62184615 1.65184615 1.68184615 1.71184615 1.75184615 1.78184615
 1.81184615 1.84184615 1.87184615 1.90184615 1.93184615 1.95184615
 1.98184615 2.01184615 2.04184615 2.06184615 2.09184615 2.11184615
 2.14184615 2.16184615 2.19184615 2.21184615 2.23184615 2.25184615
 2.27184615 2.30184615 2.32184615 2.34184615 2.35184615 2.37184615
 2.39184615 2.41184615 2.43184615 2.45184615 2.46184615 2.48184615]","[1601.203575 1602.059075 1602.90875  1603.7531   1604.592675 1605.427975
 1606.259475 1607.0877   1607.91315  1608.7358   1609.555625 1610.373125
 1611.1883   1612.001125 1612.812075 1613.62115  1614.42835  1615.234175
 1616.038625 1616.841675 1617.643825 1618.4456   1619.247    1620.048
 1620.849125 1621.650375 1622.45225  1623.255275 1624.059425 1624.864675
 1625.671525 1626.479975 1627.2895   1628.100075 1628.9117   1629.72385 ]","[158.59 158.62 158.65 158.68 158.72 158.75 158.78 158.81 158.84 158.87
 158.9  158.92 158.95 158.98 159.01 159.03 159.06 159.08 159.11 159.13
 159.16 159.18 159.2  159.22 159.24 159.27 159.29 159.31 159.32 159.34
 159.36 159.38 159.4  159.42 159.43 159.45]",5.162804935550852e-102,6
