Vehicle_ID,ID,time,xloc,yloc,line_integral_values,maneuver
2390,1008,[3.9 4.  4.1 4.2 4.3 4.4 4.5 4.6 4.7 4.8 4.9],"[1612.312625 1613.11905  1613.937425 1614.76775  1615.609525 1616.462725
 1617.32735  1618.2029   1619.08885  1619.9852   1620.89195 ]","[156.03 156.14 156.24 156.34 156.45 156.55 156.66 156.76 156.86 156.96
 157.06]",0.0,6
