Vehicle_ID,ID,time,xloc,yloc,line_integral_values,maneuver
83,83,"[2.6 2.7 2.8 2.9 3.  3.1 3.2 3.3 3.4 3.5 3.6 3.7 3.8 3.9 4.  4.1 4.2 4.3
 4.4 4.5 4.6 4.7 4.8 4.9 5. ]","[1815.496025 1816.0781   1816.6472   1817.20445  1817.75145  1818.2893
 1818.818575 1819.3398   1819.8525   1820.357175 1820.854325 1821.343475
 1821.824625 1822.298825 1822.76765  1823.231625 1823.690725 1824.1444
 1824.591575 1825.03065  1825.460075 1825.879325 1826.2884   1826.687375
 1827.077325]","[162.07 162.07 162.08 162.08 162.08 162.09 162.09 162.09 162.1  162.1
 162.1  162.1  162.1  162.1  162.1  162.1  162.1  162.1  162.09 162.09
 162.1  162.1  162.1  162.1  162.1 ]",11.549440967566031,6
