Vehicle_ID,ID,time,xloc,yloc,line_integral_values,maneuver
68,68,[3.4 3.5 3.6 3.7 3.8 3.9 4.  4.1 4.2 4.3 4.4 4.5 4.6 4.7 4.8 4.9 5. ],"[1817.16885  1817.631025 1818.098075 1818.570525 1819.04935  1819.535025
 1820.027025 1820.5258   1821.0313   1821.543    1822.06085  1822.5843
 1823.11285  1823.646475 1824.185125 1824.728275 1825.275925]","[162.57 162.58 162.59 162.6  162.61 162.62 162.63 162.64 162.65 162.66
 162.66 162.67 162.68 162.69 162.7  162.71 162.72]",1.864850411757907,6
