Vehicle_ID,ID,time,xloc,yloc,old_xloc,old_yloc,line_integral_values,maneuver
2698,2636,"[257.5 257.6 257.7 257.8 257.9 258.  258.1 258.2 258.3 258.4 258.5 258.6
 258.7 258.8 258.9 259.  259.1 259.2 259.3 259.4 259.5 259.6 259.7 259.8
 259.9 260.  260.1 260.2 260.3]","[1600.5011   1601.49705  1602.496    1603.498475 1604.504475 1605.513475
 1606.525475 1607.539975 1608.55695  1609.5769   1610.59985  1611.6258
 1612.65475  1613.686725 1614.721725 1615.759725 1616.800725 1617.84525
 1618.8933   1619.944875 1621.0005   1622.0607   1623.126    1624.1964
 1625.2724   1626.3545   1627.4422   1628.534975 1629.632775]","[158.16 158.18 158.2  158.22 158.24 158.26 158.27 158.29 158.31 158.33
 158.35 158.37 158.39 158.41 158.43 158.45 158.48 158.5  158.52 158.54
 158.56 158.58 158.6  158.62 158.64 158.66 158.68 158.7  158.72]","[1600.5011   1601.49705  1602.496    1603.498475 1604.504475 1605.513475
 1606.525475 1607.539975 1608.55695  1609.5769   1610.59985  1611.6258
 1612.65475  1613.686725 1614.721725 1615.759725 1616.800725 1617.84525
 1618.8933   1619.944875 1621.0005   1622.0607   1623.126    1624.1964
 1625.2724   1626.3545   1627.4422   1628.534975 1629.632775]","[158.16 158.18 158.2  158.22 158.24 158.26 158.27 158.29 158.31 158.33
 158.35 158.37 158.39 158.41 158.43 158.45 158.48 158.5  158.52 158.54
 158.56 158.58 158.6  158.62 158.64 158.66 158.68 158.7  158.72]",0.0,6
