Vehicle_ID,ID,time,xloc,yloc,line_integral_values,maneuver
145,145,"[1.5 1.6 1.7 1.8 1.9 2.  2.1 2.2 2.3 2.4 2.5 2.6 2.7 2.8 2.9 3.  3.1 3.2
 3.3 3.4 3.5 3.6 3.7 3.8 3.9 4.  4.1 4.2 4.3 4.4 4.5 4.6 4.7 4.8 4.9 5. ]","[1085.172575 1086.274    1087.3834   1088.500775 1089.6261   1090.759375
 1091.9006   1093.0498   1094.206975 1095.372125 1096.54525  1097.72635
 1098.91545  1100.112525 1101.317575 1102.5301   1103.7501   1104.977575
 1106.212    1107.453375 1108.701675 1109.9564   1111.21705  1112.483625
 1113.75665  1115.036125 1116.321025 1117.61135  1118.907625 1120.20985
 1121.51805  1122.832225 1124.152375 1125.478    1126.8091   1128.146175]","[159.24 159.28 159.31 159.34 159.38 159.41 159.44 159.47 159.51 159.54
 159.57 159.6  159.63 159.66 159.69 159.72 159.75 159.78 159.81 159.84
 159.87 159.9  159.93 159.96 159.99 160.01 160.04 160.07 160.09 160.12
 160.15 160.17 160.2  160.22 160.24 160.27]",1.3278180349866378,6
