Vehicle_ID,ID,time,xloc,yloc,line_integral_values,maneuver
2592,2247,"[0.4 0.5 0.6 0.7 0.8 0.9 1.  1.1 1.2 1.3 1.4 1.5 1.6 1.7 1.8 1.9 2.  2.1
 2.2 2.3 2.4 2.5 2.6 2.7 2.8 2.9 3.  3.1 3.2 3.3 3.4 3.5 3.6 3.7 3.8 3.9
 4.  4.1 4.2 4.3 4.4 4.5 4.6 4.7 4.8 4.9 5. ]","[1830.889275 1831.888175 1832.879975 1833.8652   1834.84385  1835.815425
 1836.77995  1837.737925 1838.68935  1839.63425  1840.57265  1841.50455
 1842.43045  1843.350375 1844.264325 1845.172775 1846.07575  1846.97275
 1847.864275 1848.75035  1849.63095  1850.506575 1851.37725  1852.24295
 1853.103675 1853.95945  1854.80975  1855.65455  1856.494375 1857.329225
 1858.1591   1858.984    1859.8039   1860.619325 1861.4303   1862.236825
 1863.0394   1863.83855  1864.6348   1865.42815  1866.2191   1867.008175
 1867.7959   1868.582275 1869.3678   1870.153475 1870.9393  ]","[162.88 162.89 162.89 162.89 162.89 162.89 162.89 162.89 162.88 162.88
 162.88 162.87 162.87 162.86 162.86 162.85 162.84 162.84 162.83 162.82
 162.82 162.81 162.8  162.79 162.78 162.77 162.76 162.75 162.74 162.73
 162.72 162.71 162.7  162.69 162.67 162.66 162.65 162.63 162.62 162.61
 162.59 162.58 162.57 162.55 162.54 162.52 162.51]",1.3863682841796194,6
