Vehicle_ID,ID,time,xloc,yloc,line_integral_values,maneuver
2040,2017,[0.2 0.3 0.4 0.5 0.6 0.7 0.8 0.9 1.  1.1 1.2 1.3 1.4 1.5 1.6 1.7 1.8],"[1817.308775 1818.350625 1819.38895  1820.42325  1821.454025 1822.481275
 1823.504525 1824.52375  1825.53895  1826.550125 1827.557275 1828.560425
 1829.55955  1830.55465  1831.545725 1832.532775 1833.5153  ]","[162.27 162.29 162.3  162.31 162.33 162.34 162.35 162.36 162.37 162.38
 162.39 162.39 162.4  162.41 162.42 162.42 162.43]",4.8495008375339745,6
