Vehicle_ID,ID,time,xloc,yloc,old_xloc,old_yloc,line_integral_values,maneuver
856,537,"[0.  0.1 0.2 0.3 0.4 0.5 0.6 0.7 0.8 0.9 1.  1.1 1.2 1.3 1.4 1.5 1.6 1.7
 1.8 1.9 2.  2.1 2.2 2.3 2.4 2.5 2.6 2.7 2.8 2.9 3.  3.1 3.2 3.3 3.4 3.5
 3.6 3.7 3.8 3.9 4.  4.1 4.2 4.3 4.4 4.5 4.6 4.7 4.8 4.9 5. ]","[31.832675 31.850975 31.8669   31.880975 31.893675 31.9055   31.915975
 31.925075 31.933775 31.9421   31.94955  31.956575 31.963175 31.968825
 31.972975 31.9746   31.97465  31.97465  31.97465  31.97465  31.97465
 31.97465  31.97465  31.97465  31.97465  31.97465  31.97465  31.97465
 31.97465  31.97465  31.974675 31.974775 31.974975 31.9753   31.97625
 31.979325 31.985525 31.99485  32.0078   32.024875 32.046075 32.071375
 32.101275 32.135775 32.17435  32.21695  32.263075 32.3122   32.3643
 32.419375 32.476925]","[0.89184615 0.89184615 0.89184615 0.89184615 0.89184615 0.89184615
 0.89184615 0.89184615 0.89184615 0.89184615 0.89184615 0.88184615
 0.88184615 0.88184615 0.88184615 0.88184615 0.88184615 0.88184615
 0.88184615 0.88184615 0.88184615 0.88184615 0.88184615 0.88184615
 0.88184615 0.88184615 0.88184615 0.87184615 0.87184615 0.87184615
 0.87184615 0.87184615 0.86184615 0.86184615 0.86184615 0.85184615
 0.85184615 0.85184615 0.84184615 0.84184615 0.84184615 0.83184615
 0.83184615 0.83184615 0.82184615 0.82184615 0.82184615 0.82184615
 0.82184615 0.81184615 0.81184615]","[1601.832675 1601.850975 1601.8669   1601.880975 1601.893675 1601.9055
 1601.915975 1601.925075 1601.933775 1601.9421   1601.94955  1601.956575
 1601.963175 1601.968825 1601.972975 1601.9746   1601.97465  1601.97465
 1601.97465  1601.97465  1601.97465  1601.97465  1601.97465  1601.97465
 1601.97465  1601.97465  1601.97465  1601.97465  1601.97465  1601.97465
 1601.974675 1601.974775 1601.974975 1601.9753   1601.97625  1601.979325
 1601.985525 1601.99485  1602.0078   1602.024875 1602.046075 1602.071375
 1602.101275 1602.135775 1602.17435  1602.21695  1602.263075 1602.3122
 1602.3643   1602.419375 1602.476925]","[157.86 157.86 157.86 157.86 157.86 157.86 157.86 157.86 157.86 157.86
 157.86 157.85 157.85 157.85 157.85 157.85 157.85 157.85 157.85 157.85
 157.85 157.85 157.85 157.85 157.85 157.85 157.85 157.84 157.84 157.84
 157.84 157.84 157.83 157.83 157.83 157.82 157.82 157.82 157.81 157.81
 157.81 157.8  157.8  157.8  157.79 157.79 157.79 157.79 157.79 157.78
 157.78]",1.0965598995985649e-07,6
