Vehicle_ID,ID,time,xloc,yloc,line_integral_values,maneuver
972,972,[1.4 1.5 1.6 1.7 1.8 1.9 2.  2.1 2.2 2.3 2.4 2.5 2.6],"[1815.59105  1816.7452   1817.895775 1819.043275 1820.1877   1821.32905
 1822.466825 1823.60105  1824.731725 1825.85885  1826.982925 1828.10345
 1829.21995 ]","[162.34 162.34 162.34 162.34 162.35 162.35 162.35 162.35 162.35 162.36
 162.36 162.36 162.36]",0.016122403923385674,6
