Vehicle_ID,ID,time,xloc,yloc,line_integral_values,maneuver
732,732,[1.6 1.7 1.8 1.9 2.  2.1 2.2 2.3 2.4 2.5 2.6 2.7 2.8 2.9 3. ],"[1817.8926   1819.031325 1820.169975 1821.30905  1822.4486   1823.58865
 1824.7297   1825.87225  1827.016825 1828.16295  1829.3106   1830.460275
 1831.612    1832.76575  1833.9215  ]","[162.55 162.57 162.58 162.59 162.61 162.62 162.63 162.64 162.65 162.66
 162.67 162.68 162.69 162.7  162.7 ]",0.18283562538578937,6
