Vehicle_ID,ID,time,xloc,yloc,line_integral_values,maneuver
3,0,[4.3 4.4 4.5 4.6 4.7 4.8 4.9 5. ],"[1335.1095   1336.06375  1337.009425 1337.94655  1338.875125 1339.795175
 1340.707225 1341.61125 ]",[159.29 159.27 159.25 159.23 159.21 159.19 159.18 159.16],0.5478129168430852,6
