Vehicle_ID,ID,time,xloc,yloc,line_integral_values,maneuver
533,533,[4.7 4.8 4.9 5. ],[1825.169475 1825.59685  1826.018225 1826.435725],[162.43 162.41 162.39 162.38],1.987111824322646,6
