Vehicle_ID,ID,time,xloc,yloc,line_integral_values,maneuver
91,91,"[2.  2.1 2.2 2.3 2.4 2.5 2.6 2.7 2.8 2.9 3.  3.1 3.2 3.3 3.4 3.5 3.6 3.7
 3.8 3.9 4.  4.1 4.2 4.3 4.4 4.5 4.6 4.7 4.8 4.9 5. ]","[1910.05435  1910.80845  1911.554625 1912.29185  1913.019675 1913.73815
 1914.44785  1915.149875 1915.8453   1916.53575  1917.22385  1917.912225
 1918.602475 1919.29615  1919.995275 1920.70035  1921.41135  1922.128175
 1922.84975  1923.5755   1924.304325 1925.034125 1925.763275 1926.4897
 1927.211325 1927.927075 1928.6354   1929.334775 1930.023675 1930.701625
 1931.368675]","[160.84 160.8  160.76 160.72 160.68 160.65 160.61 160.57 160.52 160.48
 160.44 160.41 160.37 160.33 160.29 160.25 160.21 160.18 160.14 160.1
 160.07 160.03 159.99 159.96 159.92 159.88 159.85 159.81 159.77 159.73
 159.7 ]",0.3641919489053167,6
