ID,time,xloc,yloc,old_xloc,old_yloc,line_integral_values,maneuver
0,"[0.  0.1 0.2 0.3 0.4 0.5 0.6 0.7 0.8 0.9 1.  1.1 1.2 1.3 1.4 1.5 1.6 1.7
 1.8 1.9 2.  2.1 2.2 2.3 2.4 2.5 2.6 2.7 2.8 2.9 3.  3.1 3.2 3.3 3.4 3.5
 3.6 3.7 3.8 3.9 4.  4.1 4.2 4.3 4.4 4.5 4.6 4.7 4.8 4.9 5. ]","[-4679.71475  -4679.162925 -4678.6167   -4678.07495  -4677.535575
 -4676.997    -4676.458175 -4675.917575 -4675.3752   -4674.831075
 -4674.284725 -4673.736175 -4673.185975 -4672.6352   -4672.084375
 -4671.533525 -4670.9832   -4670.43445  -4669.88885  -4669.34745
 -4668.810775 -4668.280375 -4667.7578   -4667.244075 -4666.7397
 -4666.24515  -4665.7609   -4665.2864   -4664.8211   -4664.36445
 -4663.915875 -4663.47535  -4663.042875 -4662.61845  -4662.202075
 -4661.7943   -4661.3967   -4661.010825 -4660.637725 -4660.27895
 -4659.936025 -4659.61     -4659.3019   -4659.012175 -4658.7408
 -4658.48775  -4658.252425 -4658.033725 -4657.830575 -4657.641375
 -4657.464025]","[-0.97 -0.96 -0.94 -0.93 -0.92 -0.91 -0.89 -0.88 -0.87 -0.86 -0.85 -0.84
 -0.83 -0.82 -0.81 -0.81 -0.8  -0.79 -0.78 -0.77 -0.76 -0.76 -0.75 -0.74
 -0.74 -0.73 -0.73 -0.72 -0.71 -0.71 -0.7  -0.7  -0.69 -0.69 -0.68 -0.68
 -0.67 -0.67 -0.66 -0.66 -0.65 -0.64 -0.64 -0.63 -0.63 -0.62 -0.61 -0.61
 -0.6  -0.6  -0.59]","[-3109.71475  -3109.162925 -3108.6167   -3108.07495  -3107.535575
 -3106.997    -3106.458175 -3105.917575 -3105.3752   -3104.831075
 -3104.284725 -3103.736175 -3103.185975 -3102.6352   -3102.084375
 -3101.533525 -3100.9832   -3100.43445  -3099.88885  -3099.34745
 -3098.810775 -3098.280375 -3097.7578   -3097.244075 -3096.7397
 -3096.24515  -3095.7609   -3095.2864   -3094.8211   -3094.36445
 -3093.915875 -3093.47535  -3093.042875 -3092.61845  -3092.202075
 -3091.7943   -3091.3967   -3091.010825 -3090.637725 -3090.27895
 -3089.936025 -3089.61     -3089.3019   -3089.012175 -3088.7408
 -3088.48775  -3088.252425 -3088.033725 -3087.830575 -3087.641375
 -3087.464025]","[-0.78 -0.77 -0.75 -0.74 -0.73 -0.72 -0.7  -0.69 -0.68 -0.67 -0.66 -0.65
 -0.64 -0.63 -0.62 -0.62 -0.61 -0.6  -0.59 -0.58 -0.57 -0.57 -0.56 -0.55
 -0.55 -0.54 -0.54 -0.53 -0.52 -0.52 -0.51 -0.51 -0.5  -0.5  -0.49 -0.49
 -0.48 -0.48 -0.47 -0.47 -0.46 -0.45 -0.45 -0.44 -0.44 -0.43 -0.42 -0.42
 -0.41 -0.41 -0.4 ]",0.0,6
