Vehicle_ID,ID,time,xloc,yloc,old_xloc,old_yloc,line_integral_values,maneuver
2090,2040,"[0.  0.1 0.2 0.3 0.4 0.5 0.6 0.7 0.8 0.9 1.  1.1 1.2 1.3 1.4 1.5 1.6 1.7
 1.8 1.9 2.  2.1 2.2 2.3 2.4 2.5 2.6 2.7 2.8 2.9 3.  3.1 3.2 3.3 3.4 3.5
 3.6]","[32.15     32.8187   33.492425 34.1712   34.855025 35.5439   36.2383
 36.938225 37.6437   38.3547   39.0707   39.7917   40.5172   41.247175
 41.982125 42.72155  43.46495  44.212825 44.965175 45.722    46.4833
 47.2491   48.0194   48.7942   49.574    50.3583   51.147125 51.940975
 52.739325 53.542175 54.350025 55.16235  55.97915  56.80045  57.625725
 58.45495  59.287625]","[0.95184615 0.97184615 0.98184615 0.99184615 1.01184615 1.02184615
 1.04184615 1.06184615 1.07184615 1.09184615 1.10184615 1.12184615
 1.14184615 1.15184615 1.17184615 1.19184615 1.20184615 1.22184615
 1.24184615 1.25184615 1.27184615 1.28184615 1.30184615 1.32184615
 1.34184615 1.36184615 1.37184615 1.39184615 1.41184615 1.43184615
 1.45184615 1.47184615 1.49184615 1.51184615 1.53184615 1.55184615
 1.57184615]","[1602.15     1602.8187   1603.492425 1604.1712   1604.855025 1605.5439
 1606.2383   1606.938225 1607.6437   1608.3547   1609.0707   1609.7917
 1610.5172   1611.247175 1611.982125 1612.72155  1613.46495  1614.212825
 1614.965175 1615.722    1616.4833   1617.2491   1618.0194   1618.7942
 1619.574    1620.3583   1621.147125 1621.940975 1622.739325 1623.542175
 1624.350025 1625.16235  1625.97915  1626.80045  1627.625725 1628.45495
 1629.287625]","[157.92 157.94 157.95 157.96 157.98 157.99 158.01 158.03 158.04 158.06
 158.07 158.09 158.11 158.12 158.14 158.16 158.17 158.19 158.21 158.22
 158.24 158.25 158.27 158.29 158.31 158.33 158.34 158.36 158.38 158.4
 158.42 158.44 158.46 158.48 158.5  158.52 158.54]",3.7057669320790613e-13,6
