Vehicle_ID,ID,time,xloc,yloc,line_integral_values,maneuver
899,788,"[0.  0.1 0.2 0.3 0.4 0.5 0.6 0.7 0.8 0.9 1.  1.1 1.2 1.3 1.4 1.5 1.6 1.7
 1.8 1.9 2.  2.1 2.2 2.3 2.4 2.5 2.6 2.7 2.8 2.9 3.  3.1 3.2 3.3 3.4 3.5
 3.6 3.7 3.8 3.9 4.  4.1 4.2 4.3 4.4 4.5 4.6 4.7 4.8 4.9 5. ]","[1591.494875 1591.6739   1591.852375 1592.0298   1592.2062   1592.382075
 1592.5574   1592.731675 1592.904925 1593.07715  1593.24835  1593.41855
 1593.58825  1593.75745  1593.92615  1594.094875 1594.26365  1594.432475
 1594.60185  1594.772275 1594.94325  1595.1153   1595.288925 1595.463625
 1595.6399   1595.81825  1595.998675 1596.181175 1596.366275 1596.55395
 1596.7442   1596.937525 1597.133425 1597.3319   1597.533425 1597.738
 1597.945625 1598.1563   1598.370025 1598.586775 1598.80655  1599.029375
 1599.255225 1599.4846   1599.717525 1599.954    1600.194525 1600.4386
 1600.686725 1600.9394   1601.196125]","[157.32 157.32 157.32 157.32 157.32 157.33 157.33 157.33 157.33 157.33
 157.33 157.33 157.33 157.32 157.32 157.32 157.32 157.32 157.33 157.33
 157.33 157.33 157.33 157.33 157.33 157.33 157.34 157.34 157.34 157.34
 157.34 157.35 157.35 157.35 157.36 157.36 157.36 157.37 157.37 157.38
 157.38 157.39 157.39 157.4  157.41 157.41 157.42 157.43 157.44 157.44
 157.45]",3.1671878008642835,6
