ID,time,xloc,yloc,old_xloc,old_yloc,line_integral_values,maneuver
0,"[0.  0.1 0.2 0.3 0.4 0.5 0.6 0.7 0.8 0.9 1.  1.1 1.2 1.3 1.4 1.5 1.6 1.7
 1.8 1.9 2.  2.1 2.2]","[-25074.8211   -25074.36445  -25073.915875 -25073.47535  -25073.042875
 -25072.61845  -25072.202075 -25071.7943   -25071.3967   -25071.010825
 -25070.637725 -25070.27895  -25069.936025 -25069.61     -25069.3019
 -25069.012175 -25068.7408   -25068.48775  -25068.252425 -25068.033725
 -25067.830575 -25067.641375 -25067.464025]","[0.45 0.45 0.46 0.46 0.47 0.47 0.48 0.48 0.49 0.49 0.5  0.5  0.51 0.52
 0.52 0.53 0.53 0.54 0.55 0.55 0.56 0.56 0.57]","[-23504.8211   -23504.36445  -23503.915875 -23503.47535  -23503.042875
 -23502.61845  -23502.202075 -23501.7943   -23501.3967   -23501.010825
 -23500.637725 -23500.27895  -23499.936025 -23499.61     -23499.3019
 -23499.012175 -23498.7408   -23498.48775  -23498.252425 -23498.033725
 -23497.830575 -23497.641375 -23497.464025]","[-3.38 -3.38 -3.37 -3.37 -3.36 -3.36 -3.35 -3.35 -3.34 -3.34 -3.33 -3.33
 -3.32 -3.31 -3.31 -3.3  -3.3  -3.29 -3.28 -3.28 -3.27 -3.27 -3.26]",0.0,6
