Vehicle_ID,ID,time,xloc,yloc,line_integral_values,maneuver
2017,1062,"[0.  0.1 0.2 0.3 0.4 0.5 0.6 0.7 0.8 0.9 1.  1.1 1.2 1.3 1.4 1.5 1.6 1.7
 1.8 1.9 2.  2.1 2.2 2.3 2.4 2.5 2.6 2.7 2.8 2.9 3.  3.1 3.2 3.3 3.4 3.5
 3.6 3.7 3.8 3.9 4.  4.1 4.2 4.3 4.4 4.5 4.6 4.7 4.8 4.9 5. ]","[1820.0806   1821.10465  1822.128275 1823.151475 1824.174775 1825.19765
 1826.220075 1827.24255  1828.264575 1829.285625 1830.305675 1831.3247
 1832.342175 1833.357075 1834.3694   1835.37915  1836.3858   1837.38885
 1838.3883   1839.384675 1840.377475 1841.3667   1842.352875 1843.335525
 1844.31465  1845.29075  1846.26385  1847.23395  1848.20155  1849.167175
 1850.13085  1851.092575 1852.05235  1853.010675 1853.968075 1854.92455
 1855.8801   1856.834725 1857.7884   1858.741625 1859.6944   1860.646225
 1861.5971   1862.5475   1863.497425 1864.4469   1865.396425 1866.3455
 1867.294625 1868.2443   1869.19405 ]","[162.49 162.5  162.51 162.53 162.54 162.55 162.56 162.57 162.58 162.59
 162.6  162.61 162.62 162.62 162.63 162.64 162.64 162.65 162.65 162.65
 162.66 162.66 162.66 162.66 162.66 162.65 162.65 162.65 162.64 162.64
 162.63 162.63 162.62 162.61 162.6  162.59 162.58 162.57 162.56 162.54
 162.53 162.52 162.5  162.49 162.47 162.45 162.43 162.41 162.39 162.37
 162.35]",14.163182642739008,6
