Vehicle_ID,ID,time,xloc,yloc,line_integral_values,maneuver
2636,2636,"[0.5 0.6 0.7 0.8 0.9 1.  1.1 1.2 1.3 1.4 1.5 1.6 1.7 1.8 1.9 2.  2.1 2.2
 2.3 2.4 2.5 2.6 2.7 2.8 2.9 3.  3.1 3.2 3.3 3.4 3.5 3.6 3.7 3.8 3.9 4.
 4.1 4.2 4.3 4.4 4.5 4.6 4.7 4.8 4.9 5. ]","[1805.54545  1806.664975 1807.780475 1808.89245  1810.000875 1811.105775
 1812.20715  1813.3045   1814.39835  1815.488675 1816.575475 1817.658775
 1818.738575 1819.815375 1820.888675 1821.958475 1823.02475  1824.086475
 1825.14365  1826.19575  1827.241725 1828.28105  1829.3132   1830.33765
 1831.3534   1832.359925 1833.356725 1834.343325 1835.3197   1836.28535
 1837.239825 1838.18365  1839.116825 1840.03885  1840.94975  1841.849575
 1842.738825 1843.6175   1844.485625 1845.3437   1846.19125  1847.0283
 1847.855325 1848.672325 1849.479325 1850.276325]","[162.22 162.23 162.23 162.24 162.24 162.25 162.25 162.26 162.26 162.27
 162.27 162.28 162.29 162.29 162.3  162.31 162.32 162.32 162.33 162.34
 162.35 162.35 162.36 162.36 162.36 162.37 162.37 162.37 162.37 162.37
 162.36 162.36 162.36 162.36 162.36 162.36 162.36 162.36 162.36 162.36
 162.36 162.36 162.36 162.36 162.35 162.35]",12.14573834537867,6
