Vehicle_ID,ID,time,xloc,yloc,line_integral_values,maneuver
510,533,"[2.7 2.8 2.9 3.  3.1 3.2 3.3 3.4 3.5 3.6 3.7 3.8 3.9 4.  4.1 4.2 4.3 4.4
 4.5 4.6 4.7 4.8 4.9 5. ]","[1840.425    1840.93615  1841.456725 1841.987725 1842.5291   1843.079725
 1843.63745  1844.199125 1844.76155  1845.322075 1845.878625 1846.430725
 1846.978975 1847.525    1848.070975 1848.61955  1849.173875 1849.73765
 1850.314525 1850.906575 1851.513725 1852.133225 1852.760275 1853.3906  ]","[161.92 161.91 161.9  161.88 161.87 161.86 161.84 161.83 161.82 161.8
 161.79 161.78 161.77 161.76 161.74 161.73 161.72 161.71 161.7  161.69
 161.67 161.66 161.65 161.64]",0.6640645683904556,6
