Vehicle_ID,ID,time,xloc,yloc,line_integral_values,maneuver
75,75,[1.4 1.5 1.6 1.7 1.8 1.9 2.  2.1 2.2 2.3 2.4 2.5 2.6],"[1338.2661   1339.5851   1340.898525 1342.206875 1343.50965  1344.806875
 1346.09905  1347.385675 1348.66675  1349.9423   1351.212325 1352.4768
 1353.73575 ]","[158.11 158.08 158.05 158.02 157.99 157.96 157.94 157.91 157.88 157.86
 157.84 157.81 157.79]",0.01888642427638869,6
