Vehicle_ID,ID,time,xloc,yloc,old_xloc,old_yloc,line_integral_values,maneuver
145,3,"[0.  0.1 0.2 0.3 0.4 0.5 0.6 0.7 0.8 0.9 1.  1.1 1.2 1.3 1.4 1.5 1.6 1.7
 1.8 1.9 2.  2.1 2.2 2.3 2.4 2.5 2.6 2.7 2.8 2.9 3.  3.1 3.2 3.3 3.4 3.5
 3.6 3.7 3.8 3.9 4.  4.1 4.2 4.3 4.4]","[40.43695  40.84965  41.261675 41.6746   42.090525 42.512025 42.941125
 43.378825 43.825075 44.279275 44.7403   45.2065   45.6747   46.1422
 46.606875 47.066175 47.51855  47.964025 48.4032   48.837175 49.268075
 49.697525 50.127125 50.559475 50.99615  51.43765  51.88445  52.33655
 52.7939   53.255925 53.72155  54.1902   54.660825 55.132375 55.603775
 56.07295  56.53885  56.999925 57.454625 57.901375 58.33815  58.76445
 59.17925  59.5816   59.97155 ]","[1.46184615 1.47184615 1.48184615 1.49184615 1.49184615 1.50184615
 1.51184615 1.52184615 1.53184615 1.53184615 1.54184615 1.54184615
 1.55184615 1.56184615 1.56184615 1.57184615 1.58184615 1.59184615
 1.59184615 1.60184615 1.61184615 1.62184615 1.63184615 1.64184615
 1.64184615 1.65184615 1.66184615 1.67184615 1.68184615 1.69184615
 1.70184615 1.70184615 1.71184615 1.72184615 1.72184615 1.73184615
 1.74184615 1.74184615 1.75184615 1.75184615 1.76184615 1.77184615
 1.77184615 1.78184615 1.79184615]","[1610.43695  1610.84965  1611.261675 1611.6746   1612.090525 1612.512025
 1612.941125 1613.378825 1613.825075 1614.279275 1614.7403   1615.2065
 1615.6747   1616.1422   1616.606875 1617.066175 1617.51855  1617.964025
 1618.4032   1618.837175 1619.268075 1619.697525 1620.127125 1620.559475
 1620.99615  1621.43765  1621.88445  1622.33655  1622.7939   1623.255925
 1623.72155  1624.1902   1624.660825 1625.132375 1625.603775 1626.07295
 1626.53885  1626.999925 1627.454625 1627.901375 1628.33815  1628.76445
 1629.17925  1629.5816   1629.97155 ]","[158.43 158.44 158.45 158.46 158.46 158.47 158.48 158.49 158.5  158.5
 158.51 158.51 158.52 158.53 158.53 158.54 158.55 158.56 158.56 158.57
 158.58 158.59 158.6  158.61 158.61 158.62 158.63 158.64 158.65 158.66
 158.67 158.67 158.68 158.69 158.69 158.7  158.71 158.71 158.72 158.72
 158.73 158.74 158.74 158.75 158.76]",3.803968330886953e-17,6
