Vehicle_ID,ID,time,xloc,yloc,line_integral_values,maneuver
788,856,"[3.  3.1 3.2 3.3 3.4 3.5 3.6 3.7 3.8 3.9 4.  4.1 4.2 4.3 4.4 4.5 4.6 4.7
 4.8 4.9 5. ]","[1980.204275 1981.0515   1981.89825  1982.7445   1983.59025  1984.4355
 1985.279725 1986.123425 1986.966625 1987.8088   1988.64995  1989.4901
 1990.329225 1991.167325 1992.004425 1992.840525 1993.675625 1994.510225
 1995.344325 1996.177425 1997.010025]","[155.94 155.86 155.78 155.7  155.62 155.54 155.46 155.38 155.3  155.22
 155.14 155.06 154.98 154.9  154.82 154.73 154.65 154.57 154.49 154.41
 154.32]",0.0006879228227658594,6
