Vehicle_ID,ID,time,xloc,yloc,old_xloc,old_yloc,line_integral_values,maneuver
2104,2017,"[0.2 0.3 0.4 0.5 0.6 0.7 0.8 0.9 1.  1.1 1.2 1.3 1.4 1.5 1.6 1.7 1.8 1.9
 2.  2.1 2.2 2.3 2.4 2.5 2.6 2.7 2.8 2.9 3.  3.1 3.2 3.3 3.4 3.5 3.6 3.7
 3.8 3.9 4.  4.1 4.2 4.3]","[30.552775 31.153525 31.759275 32.36955  32.98435  33.60415  34.22895
 34.858775 35.493625 36.1335   36.7784   37.428325 38.0838   38.7448
 39.411325 40.0839   40.762525 41.4472   42.137925 42.834675 43.53745
 44.24625  44.96105  45.681375 46.407225 47.139075 47.8764   48.6187
 49.366475 50.119725 50.87795  51.640625 52.40775  53.179325 53.95535
 54.735825 55.52025  56.308625 57.10095  57.897225 58.69695  59.500125]","[0.91184615 0.92184615 0.94184615 0.95184615 0.96184615 0.98184615
 0.99184615 1.00184615 1.02184615 1.03184615 1.05184615 1.06184615
 1.07184615 1.09184615 1.10184615 1.12184615 1.13184615 1.14184615
 1.16184615 1.17184615 1.19184615 1.20184615 1.22184615 1.23184615
 1.25184615 1.26184615 1.28184615 1.30184615 1.32184615 1.33184615
 1.35184615 1.37184615 1.39184615 1.41184615 1.43184615 1.45184615
 1.47184615 1.49184615 1.51184615 1.53184615 1.54184615 1.57184615]","[1600.552775 1601.153525 1601.759275 1602.36955  1602.98435  1603.60415
 1604.22895  1604.858775 1605.493625 1606.1335   1606.7784   1607.428325
 1608.0838   1608.7448   1609.411325 1610.0839   1610.762525 1611.4472
 1612.137925 1612.834675 1613.53745  1614.24625  1614.96105  1615.681375
 1616.407225 1617.139075 1617.8764   1618.6187   1619.366475 1620.119725
 1620.87795  1621.640625 1622.40775  1623.179325 1623.95535  1624.735825
 1625.52025  1626.308625 1627.10095  1627.897225 1628.69695  1629.500125]","[157.88 157.89 157.91 157.92 157.93 157.95 157.96 157.97 157.99 158.
 158.02 158.03 158.04 158.06 158.07 158.09 158.1  158.11 158.13 158.14
 158.16 158.17 158.19 158.2  158.22 158.23 158.25 158.27 158.29 158.3
 158.32 158.34 158.36 158.38 158.4  158.42 158.44 158.46 158.48 158.5
 158.51 158.54]",0.00027240139439940167,6
