Vehicle_ID,ID,time,xloc,yloc,line_integral_values,maneuver
392,618,[0.5 0.6 0.7 0.8 0.9 1.  1.1 1.2 1.3 1.4 1.5 1.6 1.7 1.8],"[1477.00735  1478.28105  1479.553775 1480.825525 1482.0963   1483.366125
 1484.6355   1485.9044   1487.172825 1488.4408   1489.708325 1490.975375
 1492.24195  1493.508575]","[156.9  156.89 156.88 156.87 156.87 156.86 156.85 156.84 156.83 156.82
 156.81 156.8  156.79 156.79]",0.7043901553669938,6
