Vehicle_ID,ID,time,xloc,yloc,line_integral_values,maneuver
2104,2104,[1.7 1.8 1.9 2.  2.1 2.2 2.3 2.4 2.5 2.6 2.7 2.8 2.9 3.  3.1 3.2 3.3],"[1817.7358   1818.754775 1819.7682   1820.775575 1821.776925 1822.77225
 1823.761525 1824.744775 1825.722    1826.693175 1827.658325 1828.61745
 1829.57055  1830.51765  1831.458725 1832.393275 1833.321325]","[162.36 162.38 162.39 162.41 162.42 162.44 162.45 162.47 162.48 162.5
 162.51 162.53 162.55 162.56 162.58 162.59 162.6 ]",0.02969861637230858,6
