Vehicle_ID,ID,time,xloc,yloc,line_integral_values,maneuver
2636,2636,"[2.8 2.9 3.  3.1 3.2 3.3 3.4 3.5 3.6 3.7 3.8 3.9 4.  4.1 4.2 4.3 4.4 4.5
 4.6 4.7 4.8 4.9 5. ]","[1830.33765  1831.3534   1832.359925 1833.356725 1834.343325 1835.3197
 1836.28535  1837.239825 1838.18365  1839.116825 1840.03885  1840.94975
 1841.849575 1842.738825 1843.6175   1844.485625 1845.3437   1846.19125
 1847.0283   1847.855325 1848.672325 1849.479325 1850.276325]","[162.36 162.36 162.37 162.37 162.37 162.37 162.37 162.36 162.36 162.36
 162.36 162.36 162.36 162.36 162.36 162.36 162.36 162.36 162.36 162.36
 162.36 162.35 162.35]",4.621324866149545,6
