Vehicle_ID,ID,time,xloc,yloc,line_integral_values,maneuver
3926,2247,"[0.5 0.6 0.7 0.8 0.9 1.  1.1 1.2 1.3 1.4 1.5 1.6 1.7 1.8 1.9 2.  2.1 2.2
 2.3 2.4 2.5 2.6 2.7 2.8 2.9 3.  3.1 3.2 3.3 3.4 3.5 3.6 3.7 3.8 3.9 4.
 4.1 4.2 4.3 4.4 4.5 4.6 4.7 4.8 4.9 5. ]","[1815.244325 1816.317575 1817.386825 1818.45255  1819.51475  1820.572925
 1821.627075 1822.6767   1823.721775 1824.7623   1825.797775 1826.828175
 1827.852975 1828.871675 1829.883775 1830.889275 1831.888175 1832.879975
 1833.8652   1834.84385  1835.815425 1836.77995  1837.737925 1838.68935
 1839.63425  1840.57265  1841.50455  1842.43045  1843.350375 1844.264325
 1845.172775 1846.07575  1846.97275  1847.864275 1848.75035  1849.63095
 1850.506575 1851.37725  1852.24295  1853.103675 1853.95945  1854.80975
 1855.65455  1856.494375 1857.329225 1858.1591  ]","[162.78 162.8  162.81 162.82 162.83 162.83 162.84 162.85 162.85 162.86
 162.86 162.87 162.87 162.88 162.88 162.88 162.89 162.89 162.89 162.89
 162.89 162.89 162.89 162.88 162.88 162.88 162.87 162.87 162.86 162.86
 162.85 162.84 162.84 162.83 162.82 162.82 162.81 162.8  162.79 162.78
 162.77 162.76 162.75 162.74 162.73 162.72]",0.89691932051337,6
