Vehicle_ID,ID,time,xloc,yloc,line_integral_values,maneuver
2735,2735,[1.8 1.9 2.  2.1 2.2 2.3 2.4 2.5 2.6 2.7 2.8 2.9 3.  3.1 3.2 3.3],"[1817.68735  1818.71095  1819.73725  1820.76675  1821.79945  1822.83585
 1823.87645  1824.921225 1825.970675 1827.025325 1828.08515  1829.150125
 1830.22075  1831.297525 1832.37995  1833.468   ]","[161.65 161.61 161.56 161.52 161.47 161.41 161.36 161.3  161.24 161.18
 161.12 161.05 160.99 160.92 160.85 160.78]",0.9642479497316889,6
