Vehicle_ID,ID,time,xloc,yloc,line_integral_values,maneuver
83,82,"[0.4 0.5 0.6 0.7 0.8 0.9 1.  1.1 1.2 1.3 1.4 1.5 1.6 1.7 1.8 1.9 2.  2.1
 2.2 2.3 2.4 2.5 2.6 2.7 2.8 2.9 3.  3.1 3.2 3.3 3.4 3.5 3.6 3.7 3.8 3.9
 4.  4.1 4.2 4.3 4.4 4.5 4.6 4.7 4.8 4.9]","[1600.677125 1601.413025 1602.129325 1602.826575 1603.5048   1604.164525
 1604.805775 1605.428525 1606.0333   1606.6201   1607.188925 1607.7398
 1608.2732   1608.78915  1609.288175 1609.770775 1610.236975 1610.6878
 1611.123775 1611.5454   1611.9532   1612.347675 1612.729325 1613.098675
 1613.45675  1613.804075 1614.14115  1614.468975 1614.788075 1615.098975
 1615.402675 1615.699675 1615.99045  1616.276    1616.556325 1616.8314
 1617.101725 1617.367775 1617.629525 1617.886975 1618.141125 1618.391975
 1618.640025 1618.885775 1619.129225 1619.370875]","[158.35 158.36 158.38 158.39 158.4  158.41 158.42 158.43 158.44 158.45
 158.46 158.47 158.48 158.48 158.49 158.5  158.5  158.51 158.52 158.52
 158.53 158.53 158.54 158.54 158.55 158.55 158.56 158.56 158.57 158.57
 158.58 158.59 158.59 158.6  158.6  158.61 158.61 158.62 158.62 158.63
 158.63 158.63 158.64 158.64 158.65 158.65]",0.0,6
