Vehicle_ID,ID,time,xloc,yloc,line_integral_values,maneuver
533,522,[4.5 4.6 4.7 4.8 4.9],[1600.898925 1601.986    1603.0711   1604.1542   1605.235275],[158.66 158.68 158.7  158.72 158.74],0.0,6
