Vehicle_ID,ID,time,xloc,yloc,line_integral_values,maneuver
899,0,"[0.  0.1 0.2 0.3 0.4 0.5 0.6 0.7 0.8 0.9 1.  1.1 1.2 1.3 1.4 1.5 1.6 1.7
 1.8 1.9 2.  2.1 2.2 2.3 2.4 2.5 2.6 2.7 2.8 2.9 3.  3.1 3.2 3.3 3.4 3.5
 3.6 3.7 3.8 3.9 4.  4.1 4.2 4.3 4.4 4.5 4.6 4.7 4.8 4.9 5. ]","[1977.5211   1978.549225 1979.5782   1980.607525 1981.6372   1982.66725
 1983.697175 1984.726975 1985.756675 1986.785775 1987.8143   1988.84275
 1989.871125 1990.89945  1991.927725 1992.95595  1993.98415  1995.01235
 1996.040525 1997.068675 1998.0968   1999.1249   2000.152475 2001.179525
 2002.20605  2003.232025 2004.25745  2005.281825 2006.30515  2007.326925
 2008.347125 2009.36575  2010.3818   2011.39525  2012.4061   2013.413325
 2014.416925 2015.416925 2016.4128   2017.404025 2018.390625 2019.3726
 2020.34945  2021.3207   2022.286325 2023.246325 2024.200725 2025.149525
 2026.092225 2027.028825 2027.958825]","[156.51 156.42 156.33 156.24 156.15 156.05 155.96 155.87 155.78 155.68
 155.59 155.49 155.4  155.3  155.21 155.11 155.02 154.92 154.82 154.73
 154.63 154.53 154.43 154.34 154.24 154.14 154.04 153.94 153.85 153.75
 153.65 153.55 153.45 153.36 153.26 153.16 153.06 152.97 152.87 152.77
 152.67 152.58 152.48 152.39 152.29 152.2  152.1  152.01 151.91 151.82
 151.73]",0.0,6
