Vehicle_ID,ID,time,xloc,yloc,old_xloc,old_yloc,line_integral_values,maneuver
2150,2150,[245.9 246.  246.1 246.2 246.3 246.4 246.5 246.6 246.7 246.8],"[1600.638325 1601.5688   1602.5083   1603.456325 1604.412375 1605.376425
 1606.34845  1607.32795  1608.314425 1609.307825]",[157.45 157.48 157.51 157.54 157.56 157.59 157.62 157.65 157.68 157.72],"[1600.638325 1601.5688   1602.5083   1603.456325 1604.412375 1605.376425
 1606.34845  1607.32795  1608.314425 1609.307825]",[157.45 157.48 157.51 157.54 157.56 157.59 157.62 157.65 157.68 157.72],0.0,6
