Vehicle_ID,ID,time,xloc,yloc,line_integral_values,maneuver
2170,2170,[3.5 3.6 3.7 3.8 3.9 4.  4.1 4.2 4.3 4.4 4.5 4.6 4.7 4.8 4.9 5. ],"[1830.197475 1831.04525  1831.892575 1832.73945  1833.5859   1834.432425
 1835.279    1836.125625 1836.9723   1837.819525 1838.667325 1839.5157
 1840.365125 1841.215625 1842.0672   1842.919825]","[162.65 162.65 162.66 162.66 162.67 162.67 162.67 162.68 162.68 162.69
 162.69 162.69 162.69 162.7  162.7  162.7 ]",1.2299905814532008,6
