Vehicle_ID,ID,time,xloc,yloc,line_integral_values,maneuver
488,510,"[0.  0.1 0.2 0.3 0.4 0.5 0.6 0.7 0.8 0.9 1.  1.1 1.2 1.3 1.4 1.5 1.6 1.7
 1.8 1.9 2.  2.1 2.2 2.3 2.4 2.5 2.6 2.7 2.8 2.9 3.  3.1 3.2 3.3 3.4 3.5
 3.6 3.7 3.8 3.9 4.  4.1 4.2 4.3 4.4 4.5 4.6 4.7 4.8 4.9 5. ]","[1823.718    1824.315825 1824.914875 1825.5183   1826.12975  1826.751825
 1827.38445  1828.024925 1828.67     1829.315925 1829.959025 1830.5972
 1831.229975 1831.859    1832.486975 1833.1176   1833.7551   1834.4021
 1835.0601   1835.72855  1836.4058   1837.089675 1837.777    1838.465625
 1839.153975 1839.84105  1840.527925 1841.216725 1841.91015  1842.611375
 1843.323025 1844.046625 1844.78105  1845.523625 1846.2711   1847.0182
 1847.75915  1848.48815  1849.19845  1849.883825 1850.5391   1851.160775
 1851.748525 1852.304125 1852.8309   1853.3332   1853.815875 1854.283725
 1854.740975 1855.1918   1855.639325]","[162.07 162.07 162.07 162.06 162.06 162.06 162.05 162.05 162.04 162.04
 162.03 162.03 162.02 162.01 162.01 162.   161.99 161.98 161.98 161.97
 161.96 161.95 161.94 161.94 161.93 161.92 161.91 161.9  161.89 161.88
 161.88 161.87 161.86 161.85 161.84 161.83 161.82 161.81 161.8  161.79
 161.78 161.77 161.76 161.74 161.73 161.72 161.7  161.69 161.67 161.66
 161.65]",3.9541884727748036,6
