Vehicle_ID,ID,time,xloc,yloc,line_integral_values,maneuver
2841,2841,[3.5 3.6 3.7 3.8 3.9 4.  4.1 4.2 4.3 4.4 4.5 4.6 4.7 4.8 4.9 5. ],"[1830.05755  1830.823925 1831.585375 1832.3419   1833.094    1833.8417
 1834.5855   1835.3259   1836.0624   1836.7955   1837.5257   1838.252975
 1838.976825 1839.697775 1840.4163   1841.1319  ]","[162.26 162.26 162.25 162.25 162.25 162.24 162.24 162.24 162.23 162.23
 162.22 162.22 162.21 162.21 162.2  162.2 ]",3.963875012995334,6
