Vehicle_ID,ID,time,xloc,yloc,old_xloc,old_yloc,line_integral_values,maneuver
0,0,[4.7 4.8 4.9 5. ],[1600.28525  1600.837075 1601.3833   1601.92505 ],[158.07 158.08 158.1  158.11],[1600.28525  1600.837075 1601.3833   1601.92505 ],[158.07 158.08 158.1  158.11],0.0,6
