ID,time,xloc,yloc,old_xloc,old_yloc,line_integral_values,maneuver
0,"[0.  0.1 0.2 0.3 0.4 0.5 0.6 0.7 0.8 0.9 1.  1.1 1.2 1.3 1.4 1.5 1.6 1.7
 1.8 1.9 2.  2.1 2.2 2.3 2.4 2.5 2.6 2.7 2.8 2.9 3.  3.1 3.2 3.3 3.4 3.5
 3.6 3.7 3.8 3.9 4.  4.1 4.2 4.3 4.4 4.5 4.6 4.7 4.8 4.9 5. ]","[-9389.71475  -9389.162925 -9388.6167   -9388.07495  -9387.535575
 -9386.997    -9386.458175 -9385.917575 -9385.3752   -9384.831075
 -9384.284725 -9383.736175 -9383.185975 -9382.6352   -9382.084375
 -9381.533525 -9380.9832   -9380.43445  -9379.88885  -9379.34745
 -9378.810775 -9378.280375 -9377.7578   -9377.244075 -9376.7397
 -9376.24515  -9375.7609   -9375.2864   -9374.8211   -9374.36445
 -9373.915875 -9373.47535  -9373.042875 -9372.61845  -9372.202075
 -9371.7943   -9371.3967   -9371.010825 -9370.637725 -9370.27895
 -9369.936025 -9369.61     -9369.3019   -9369.012175 -9368.7408
 -9368.48775  -9368.252425 -9368.033725 -9367.830575 -9367.641375
 -9367.464025]","[-1.64 -1.63 -1.61 -1.6  -1.59 -1.58 -1.56 -1.55 -1.54 -1.53 -1.52 -1.51
 -1.5  -1.49 -1.48 -1.48 -1.47 -1.46 -1.45 -1.44 -1.43 -1.43 -1.42 -1.41
 -1.41 -1.4  -1.4  -1.39 -1.38 -1.38 -1.37 -1.37 -1.36 -1.36 -1.35 -1.35
 -1.34 -1.34 -1.33 -1.33 -1.32 -1.31 -1.31 -1.3  -1.3  -1.29 -1.28 -1.28
 -1.27 -1.27 -1.26]","[-7819.71475  -7819.162925 -7818.6167   -7818.07495  -7817.535575
 -7816.997    -7816.458175 -7815.917575 -7815.3752   -7814.831075
 -7814.284725 -7813.736175 -7813.185975 -7812.6352   -7812.084375
 -7811.533525 -7810.9832   -7810.43445  -7809.88885  -7809.34745
 -7808.810775 -7808.280375 -7807.7578   -7807.244075 -7806.7397
 -7806.24515  -7805.7609   -7805.2864   -7804.8211   -7804.36445
 -7803.915875 -7803.47535  -7803.042875 -7802.61845  -7802.202075
 -7801.7943   -7801.3967   -7801.010825 -7800.637725 -7800.27895
 -7799.936025 -7799.61     -7799.3019   -7799.012175 -7798.7408
 -7798.48775  -7798.252425 -7798.033725 -7797.830575 -7797.641375
 -7797.464025]","[-1.56 -1.55 -1.53 -1.52 -1.51 -1.5  -1.48 -1.47 -1.46 -1.45 -1.44 -1.43
 -1.42 -1.41 -1.4  -1.4  -1.39 -1.38 -1.37 -1.36 -1.35 -1.35 -1.34 -1.33
 -1.33 -1.32 -1.32 -1.31 -1.3  -1.3  -1.29 -1.29 -1.28 -1.28 -1.27 -1.27
 -1.26 -1.26 -1.25 -1.25 -1.24 -1.23 -1.23 -1.22 -1.22 -1.21 -1.2  -1.2
 -1.19 -1.19 -1.18]",0.0,6
