Vehicle_ID,ID,time,xloc,yloc,line_integral_values,maneuver
856,0,[0.  0.1 0.2 0.3 0.4 0.5 0.6 0.7 0.8 0.9 1.  1.1],"[1629.59205  1629.6133   1629.63565  1629.6596   1629.685675 1629.7144
 1629.7463   1629.781875 1629.8216   1629.866    1629.9151   1629.969375]","[158.49 158.49 158.49 158.49 158.5  158.5  158.5  158.5  158.5  158.5
 158.5  158.5 ]",0.0,6
