Vehicle_ID,ID,time,xloc,yloc,line_integral_values,maneuver
82,83,[4.5 4.6 4.7 4.8 4.9 5. ],[1085.095025 1085.781375 1086.4674   1087.1531   1087.839475 1088.526525],[159.39 159.42 159.45 159.47 159.5  159.53],0.3439318400260869,6
