Vehicle_ID,ID,time,xloc,yloc,old_xloc,old_yloc,line_integral_values,maneuver
2509,2150,"[1.5 1.6 1.7 1.8 1.9 2.  2.1 2.2 2.3 2.4 2.5 2.6 2.7 2.8 2.9 3.  3.1 3.2
 3.3 3.4 3.5 3.6 3.7 3.8 3.9 4.  4.1 4.2 4.3]","[30.638325 31.5688   32.5083   33.456325 34.412375 35.376425 36.34845
 37.32795  38.314425 39.307825 40.30815  41.3149   42.32755  43.346125
 44.370625 45.40105  46.4369   47.478175 48.5249   49.57705  50.634625
 51.697175 52.7652   53.838675 54.9176   56.002    57.09135  58.185125
 59.28335 ]","[0.48184615 0.51184615 0.54184615 0.57184615 0.59184615 0.62184615
 0.65184615 0.68184615 0.71184615 0.75184615 0.78184615 0.81184615
 0.84184615 0.88184615 0.91184615 0.95184615 0.98184615 1.02184615
 1.05184615 1.09184615 1.12184615 1.15184615 1.19184615 1.22184615
 1.25184615 1.29184615 1.32184615 1.35184615 1.38184615]","[1600.638325 1601.5688   1602.5083   1603.456325 1604.412375 1605.376425
 1606.34845  1607.32795  1608.314425 1609.307825 1610.30815  1611.3149
 1612.32755  1613.346125 1614.370625 1615.40105  1616.4369   1617.478175
 1618.5249   1619.57705  1620.634625 1621.697175 1622.7652   1623.838675
 1624.9176   1626.002    1627.09135  1628.185125 1629.28335 ]","[157.45 157.48 157.51 157.54 157.56 157.59 157.62 157.65 157.68 157.72
 157.75 157.78 157.81 157.85 157.88 157.92 157.95 157.99 158.02 158.06
 158.09 158.12 158.16 158.19 158.22 158.26 158.29 158.32 158.35]",0.0,6
