Vehicle_ID,ID,time,xloc,yloc,line_integral_values,maneuver
536,558,[3.5 3.6 3.7 3.8 3.9 4.  4.1 4.2 4.3 4.4 4.5 4.6 4.7 4.8 4.9 5. ],"[1800.138725 1800.32115  1800.5085   1800.70445  1800.91315  1801.137675
 1801.3785   1801.634975 1801.9054   1802.1876   1802.4789   1802.776625
 1803.07865  1803.381325 1803.681475 1803.976525]","[162.77 162.77 162.78 162.78 162.79 162.79 162.8  162.8  162.81 162.81
 162.82 162.82 162.83 162.83 162.84 162.84]",0.002227745363265977,6
