Vehicle_ID,ID,time,xloc,yloc,line_integral_values,maneuver
1983,1062,[4.4 4.5 4.6 4.7 4.8 4.9 5. ],"[1817.002825 1818.0302   1819.056125 1820.0806   1821.10465  1822.128275
 1823.151475]",[162.45 162.46 162.48 162.49 162.5  162.51 162.53],4.478548183055164,6
