Vehicle_ID,ID,time,xloc,yloc,old_xloc,old_yloc,line_integral_values,maneuver
83,103,"[0.  0.1 0.2 0.3 0.4 0.5 0.6 0.7 0.8 0.9 1.  1.1 1.2 1.3 1.4 1.5 1.6 1.7
 1.8 1.9 2.  2.1 2.2 2.3 2.4 2.5 2.6 2.7 2.8 2.9 3.  3.1 3.2 3.3 3.4 3.5
 3.6 3.7 3.8 3.9 4.  4.1 4.2 4.3 4.4 4.5 4.6]","[1610.81165  1611.427025 1612.028975 1612.617525 1613.1932   1613.7565
 1614.307425 1614.846475 1615.37415  1615.890475 1616.39595  1616.891075
 1617.37585  1617.85025  1618.314775 1618.76995  1619.215775 1619.653275
 1620.08295  1620.5048   1620.91985  1621.328625 1621.731625 1622.129325
 1622.521725 1622.909325 1623.2921   1623.670025 1624.043075 1624.411225
 1624.77395  1625.130725 1625.48155  1625.8264   1626.16525  1626.4976
 1626.82345  1627.1433   1627.45715  1627.765025 1628.06745  1628.364925
 1628.657475 1628.945625 1629.229875 1629.510225 1629.7872  ]","[158.63 158.64 158.66 158.67 158.69 158.7  158.72 158.73 158.74 158.76
 158.77 158.78 158.79 158.8  158.81 158.82 158.83 158.84 158.85 158.86
 158.87 158.88 158.89 158.89 158.9  158.91 158.91 158.92 158.92 158.92
 158.93 158.93 158.93 158.93 158.93 158.94 158.94 158.94 158.94 158.94
 158.94 158.95 158.95 158.95 158.95 158.95 158.95]","[1610.81165  1611.427025 1612.028975 1612.617525 1613.1932   1613.7565
 1614.307425 1614.846475 1615.37415  1615.890475 1616.39595  1616.891075
 1617.37585  1617.85025  1618.314775 1618.76995  1619.215775 1619.653275
 1620.08295  1620.5048   1620.91985  1621.328625 1621.731625 1622.129325
 1622.521725 1622.909325 1623.2921   1623.670025 1624.043075 1624.411225
 1624.77395  1625.130725 1625.48155  1625.8264   1626.16525  1626.4976
 1626.82345  1627.1433   1627.45715  1627.765025 1628.06745  1628.364925
 1628.657475 1628.945625 1629.229875 1629.510225 1629.7872  ]","[158.63 158.64 158.66 158.67 158.69 158.7  158.72 158.73 158.74 158.76
 158.77 158.78 158.79 158.8  158.81 158.82 158.83 158.84 158.85 158.86
 158.87 158.88 158.89 158.89 158.9  158.91 158.91 158.92 158.92 158.92
 158.93 158.93 158.93 158.93 158.93 158.94 158.94 158.94 158.94 158.94
 158.94 158.95 158.95 158.95 158.95 158.95 158.95]",0.046086446871082445,6
