Vehicle_ID,ID,time,xloc,yloc,line_integral_values,maneuver
94,438,"[0.  0.1 0.2 0.3 0.4 0.5 0.6 0.7 0.8 0.9 1.  1.1 1.2 1.3 1.4 1.5 1.6 1.7
 1.8 1.9 2.  2.1 2.2]","[1818.144275 1818.733625 1819.316825 1819.8919   1820.46005  1821.025075
 1821.591825 1822.164625 1822.7493   1823.351625 1823.9763   1824.626425
 1825.303475 1826.008925 1826.742675 1827.50355  1828.28935  1829.0979
 1829.927575 1830.7757   1831.639075 1832.514025 1833.39635 ]","[162.47 162.48 162.49 162.5  162.51 162.51 162.52 162.53 162.54 162.55
 162.56 162.57 162.58 162.59 162.59 162.6  162.61 162.62 162.63 162.64
 162.64 162.65 162.65]",0.07326419120950597,6
