Vehicle_ID,ID,time,xloc,yloc,line_integral_values,maneuver
2449,2150,[3.3 3.4 3.5 3.6 3.7 3.8 3.9 4.  4.1 4.2 4.3 4.4 4.5 4.6 4.7 4.8 4.9 5. ],"[1910.163525 1910.98945  1911.81585  1912.642225 1913.46855  1914.29485
 1915.121625 1915.94835  1916.77455  1917.601225 1918.428375 1919.255525
 1920.082675 1920.910325 1921.738475 1922.56715  1923.39635  1924.226075]","[160.58 160.54 160.49 160.45 160.4  160.36 160.32 160.27 160.23 160.18
 160.14 160.09 160.05 160.   159.95 159.91 159.86 159.81]",0.10874385039496638,6
