Vehicle_ID,ID,time,xloc,yloc,line_integral_values,maneuver
3926,2247,[0.7 0.8 0.9 1.  1.1 1.2 1.3 1.4 1.5 1.6 1.7 1.8 1.9 2.  2.1 2.2 2.3],"[1817.386825 1818.45255  1819.51475  1820.572925 1821.627075 1822.6767
 1823.721775 1824.7623   1825.797775 1826.828175 1827.852975 1828.871675
 1829.883775 1830.889275 1831.888175 1832.879975 1833.8652  ]","[162.81 162.82 162.83 162.83 162.84 162.85 162.85 162.86 162.86 162.87
 162.87 162.88 162.88 162.88 162.89 162.89 162.89]",0.1839054884662036,6
