Vehicle_ID,ID,time,xloc,yloc,old_xloc,old_yloc,line_integral_values,maneuver
788,537,"[0.  0.1 0.2 0.3 0.4 0.5 0.6 0.7 0.8 0.9 1.  1.1 1.2 1.3 1.4 1.5 1.6 1.7
 1.8 1.9 2.  2.1 2.2 2.3 2.4 2.5 2.6 2.7 2.8 2.9 3.  3.1 3.2 3.3 3.4 3.5
 3.6 3.7 3.8 3.9 4.  4.1 4.2 4.3 4.4 4.5 4.6 4.7 4.8 4.9 5. ]","[30.360175 30.4456   30.529875 30.614525 30.700575 30.788025 30.877325
 30.967875 31.058075 31.14685  31.233125 31.3153   31.392325 31.4637
 31.5289   31.587425 31.6393   31.684525 31.72365  31.75775  31.78685
 31.811475 31.832675 31.850975 31.8669   31.880975 31.893675 31.9055
 31.915975 31.925075 31.933775 31.9421   31.94955  31.956575 31.963175
 31.968825 31.972975 31.9746   31.97465  31.97465  31.97465  31.97465
 31.97465  31.97465  31.97465  31.97465  31.97465  31.97465  31.97465
 31.97465  31.97465 ]","[0.90184615 0.90184615 0.90184615 0.90184615 0.90184615 0.90184615
 0.90184615 0.90184615 0.89184615 0.89184615 0.89184615 0.89184615
 0.89184615 0.89184615 0.89184615 0.89184615 0.89184615 0.89184615
 0.89184615 0.89184615 0.89184615 0.89184615 0.89184615 0.89184615
 0.89184615 0.89184615 0.89184615 0.89184615 0.89184615 0.89184615
 0.89184615 0.89184615 0.89184615 0.88184615 0.88184615 0.88184615
 0.88184615 0.88184615 0.88184615 0.88184615 0.88184615 0.88184615
 0.88184615 0.88184615 0.88184615 0.88184615 0.88184615 0.88184615
 0.88184615 0.87184615 0.87184615]","[1600.360175 1600.4456   1600.529875 1600.614525 1600.700575 1600.788025
 1600.877325 1600.967875 1601.058075 1601.14685  1601.233125 1601.3153
 1601.392325 1601.4637   1601.5289   1601.587425 1601.6393   1601.684525
 1601.72365  1601.75775  1601.78685  1601.811475 1601.832675 1601.850975
 1601.8669   1601.880975 1601.893675 1601.9055   1601.915975 1601.925075
 1601.933775 1601.9421   1601.94955  1601.956575 1601.963175 1601.968825
 1601.972975 1601.9746   1601.97465  1601.97465  1601.97465  1601.97465
 1601.97465  1601.97465  1601.97465  1601.97465  1601.97465  1601.97465
 1601.97465  1601.97465  1601.97465 ]","[157.87 157.87 157.87 157.87 157.87 157.87 157.87 157.87 157.86 157.86
 157.86 157.86 157.86 157.86 157.86 157.86 157.86 157.86 157.86 157.86
 157.86 157.86 157.86 157.86 157.86 157.86 157.86 157.86 157.86 157.86
 157.86 157.86 157.86 157.85 157.85 157.85 157.85 157.85 157.85 157.85
 157.85 157.85 157.85 157.85 157.85 157.85 157.85 157.85 157.85 157.84
 157.84]",4.179071083965813e-06,6
