Vehicle_ID,ID,time,xloc,yloc,line_integral_values,maneuver
1983,1983,[0.9 1.  1.1 1.2 1.3 1.4 1.5 1.6 1.7],"[1810.182175 1811.332975 1812.4807   1813.62585  1814.768425 1815.90795
 1817.044925 1818.179375 1819.3113  ]",[161.89 161.91 161.93 161.94 161.96 161.98 162.   162.02 162.04],0.39134825304160065,6
