Vehicle_ID,ID,time,xloc,yloc,line_integral_values,maneuver
61,61,[3.7 3.8 3.9 4.  4.1 4.2 4.3 4.4 4.5 4.6 4.7 4.8 4.9 5. ],"[1830.028525 1830.901325 1831.775025 1832.649625 1833.5246   1834.39945
 1835.273675 1836.147275 1837.020275 1837.8927   1838.76505  1839.636825
 1840.50805  1841.37925 ]","[162.24 162.24 162.25 162.25 162.26 162.26 162.27 162.27 162.27 162.27
 162.28 162.28 162.28 162.28]",7.992980750186577,6
