Vehicle_ID,ID,time,xloc,yloc,line_integral_values,maneuver
85,94,"[0.  0.1 0.2 0.3 0.4 0.5 0.6 0.7 0.8 0.9 1.  1.1 1.2 1.3 1.4 1.5 1.6 1.7
 1.8 1.9 2.  2.1 2.2 2.3 2.4 2.5 2.6 2.7 2.8 2.9 3.  3.1 3.2 3.3 3.4 3.5
 3.6 3.7 3.8 3.9 4.  4.1 4.2 4.3 4.4 4.5 4.6 4.7 4.8 4.9 5. ]","[1910.37255  1910.8753   1911.38705  1911.90775  1912.437325 1912.97575
 1913.524025 1914.083175 1914.654725 1915.2397   1915.8386   1916.4519
 1917.0806   1917.72675  1918.391375 1919.074425 1919.775825 1920.494475
 1921.22825  1921.974475 1922.729425 1923.4894   1924.250225 1925.008275
 1925.761525 1926.50845  1927.248075 1927.979475 1928.7017   1929.4148
 1930.11885  1930.81445  1931.502725 1932.1853   1932.8638   1933.5393
 1934.21285  1934.885    1935.55625  1936.2266   1936.8955   1937.561875
 1938.22415  1938.88075  1939.530625 1940.17275  1940.806075 1941.42955
 1942.04165  1942.64135  1943.2282  ]","[160.76 160.73 160.7  160.66 160.63 160.6  160.56 160.53 160.49 160.46
 160.42 160.39 160.35 160.32 160.28 160.25 160.21 160.18 160.14 160.1
 160.07 160.03 160.   159.96 159.92 159.88 159.84 159.81 159.77 159.72
 159.68 159.64 159.6  159.56 159.51 159.47 159.43 159.39 159.34 159.3
 159.26 159.21 159.17 159.13 159.08 159.04 158.99 158.95 158.9  158.85
 158.81]",0.7921271194104592,6
