Vehicle_ID,ID,time,xloc,yloc,line_integral_values,maneuver
94,438,"[3.  3.1 3.2 3.3 3.4 3.5 3.6 3.7 3.8 3.9 4.  4.1 4.2 4.3 4.4 4.5 4.6 4.7
 4.8 4.9 5. ]","[1840.24155  1841.0332   1841.810675 1842.575675 1843.329825 1844.074225
 1844.808925 1845.53395  1846.248775 1846.95025  1847.634175 1848.296375
 1848.9332   1849.54105  1850.116325 1850.6549   1851.153225 1851.609325
 1852.021775 1852.391225 1852.72045 ]","[162.67 162.67 162.67 162.67 162.67 162.67 162.67 162.67 162.67 162.67
 162.66 162.66 162.65 162.65 162.64 162.64 162.63 162.62 162.61 162.61
 162.6 ]",0.8462796047468578,6
