Vehicle_ID,ID,time,xloc,yloc,line_integral_values,maneuver
2509,2509,"[1.6 1.7 1.8 1.9 2.  2.1 2.2 2.3 2.4 2.5 2.6 2.7 2.8 2.9 3.  3.1 3.2 3.3
 3.4 3.5 3.6 3.7 3.8 3.9 4.  4.1 4.2 4.3 4.4 4.5 4.6 4.7 4.8 4.9 5. ]","[1817.0658   1818.170275 1819.2717   1820.370075 1821.4649   1822.556175
 1823.6444   1824.7296   1825.811775 1826.8904   1827.96495  1829.035425
 1830.10185  1831.1637   1832.22045  1833.2721   1834.31865  1835.3596
 1836.39495  1837.4247   1838.44835  1839.465425 1840.475925 1841.480325
 1842.47815  1843.469425 1844.45465  1845.433325 1846.40545  1847.37155
 1848.331625 1849.285675 1850.233725 1851.175775 1852.11235 ]","[162.68 162.69 162.69 162.7  162.71 162.71 162.72 162.72 162.73 162.73
 162.74 162.74 162.75 162.75 162.75 162.75 162.76 162.76 162.75 162.75
 162.75 162.74 162.74 162.73 162.72 162.72 162.71 162.7  162.69 162.68
 162.67 162.66 162.65 162.64 162.63]",1.2927556199142936,6
