Vehicle_ID,ID,time,xloc,yloc,line_integral_values,maneuver
94,94,"[2.9 3.  3.1 3.2 3.3 3.4 3.5 3.6 3.7 3.8 3.9 4.  4.1 4.2 4.3 4.4 4.5 4.6
 4.7 4.8 4.9]","[1600.68665  1601.686725 1602.681275 1603.6698   1604.65225  1605.628625
 1606.598425 1607.561125 1608.516225 1609.4632   1610.40205  1611.3328
 1612.255425 1613.169425 1614.074325 1614.9701   1615.85625  1616.7328
 1617.59975  1618.4566   1619.30385 ]","[158.34 158.36 158.38 158.4  158.42 158.44 158.46 158.47 158.49 158.51
 158.53 158.55 158.56 158.58 158.6  158.61 158.63 158.65 158.66 158.68
 158.7 ]",0.0,6
