Vehicle_ID,ID,time,xloc,yloc,line_integral_values,maneuver
488,488,"[2.3 2.4 2.5 2.6 2.7 2.8 2.9 3.  3.1 3.2 3.3 3.4 3.5 3.6 3.7 3.8 3.9 4.
 4.1 4.2 4.3 4.4 4.5 4.6 4.7 4.8 4.9 5. ]","[1910.3097   1910.8241   1911.33075  1911.828575 1912.316475 1912.79285
 1913.256675 1913.70795  1914.1477   1914.577025 1914.998025 1915.4128
 1915.82345  1916.2315   1916.63695  1917.040775 1917.4445   1917.85025
 1918.262725 1918.688725 1919.13555  1919.6089   1920.11285  1920.648775
 1921.214875 1921.8073   1922.421175 1923.050575]","[160.07 160.04 160.01 159.99 159.96 159.94 159.91 159.88 159.86 159.83
 159.8  159.78 159.75 159.73 159.7  159.68 159.65 159.63 159.6  159.58
 159.55 159.53 159.5  159.48 159.45 159.42 159.4  159.37]",0.1175296178746785,6
