Vehicle_ID,ID,time,xloc,yloc,line_integral_values,maneuver
103,91,"[0.  0.1 0.2 0.3 0.4 0.5 0.6 0.7 0.8 0.9 1.  1.1 1.2 1.3 1.4 1.5 1.6 1.7
 1.8 1.9]","[1819.304575 1819.89645  1820.50895  1821.141475 1821.79345  1822.46535
 1823.1587   1823.875575 1824.6175   1825.38545  1826.17935  1826.99705
 1827.834825 1828.688925 1829.555075 1830.428025 1831.302575 1832.173525
 1833.035725 1833.885075]","[162.16 162.15 162.15 162.15 162.14 162.14 162.13 162.13 162.13 162.12
 162.12 162.11 162.11 162.1  162.1  162.1  162.09 162.09 162.09 162.08]",0.04616081784897813,6
