Vehicle_ID,ID,time,xloc,yloc,line_integral_values,maneuver
69,68,"[1.3 1.4 1.5 1.6 1.7 1.8 1.9 2.  2.1 2.2 2.3 2.4 2.5 2.6 2.7 2.8 2.9 3.
 3.1 3.2 3.3 3.4 3.5 3.6 3.7 3.8 3.9 4.  4.1 4.2 4.3 4.4 4.5 4.6 4.7 4.8
 4.9 5. ]","[1840.065025 1840.7459   1841.42965  1842.116325 1842.805925 1843.498975
 1844.196    1844.897025 1845.602075 1846.31165  1847.026275 1847.746475
 1848.47225  1849.20305  1849.938875 1850.679725 1851.42505  1852.174325
 1852.92755  1853.6837   1854.442225 1855.202625 1855.9644   1856.72805
 1857.4931   1858.260075 1859.029525 1859.801475 1860.5764   1861.3538
 1862.13265  1862.9124   1863.693025 1864.474025 1865.2544   1866.034125
 1866.813225 1867.5912  ]","[162.8  162.8  162.79 162.79 162.79 162.78 162.78 162.77 162.77 162.76
 162.75 162.75 162.74 162.73 162.73 162.72 162.71 162.7  162.69 162.68
 162.68 162.67 162.66 162.64 162.63 162.62 162.61 162.6  162.59 162.58
 162.57 162.55 162.54 162.53 162.51 162.5  162.48 162.47]",2.242447516817531,6
