Vehicle_ID,ID,time,xloc,yloc,line_integral_values,maneuver
68,77,"[2.1 2.2 2.3 2.4 2.5 2.6 2.7 2.8 2.9 3.  3.1 3.2 3.3 3.4 3.5 3.6 3.7 3.8
 3.9 4.  4.1 4.2 4.3 4.4 4.5 4.6 4.7 4.8 4.9 5. ]","[1830.493625 1831.046    1831.601325 1832.159075 1832.7182   1833.2782
 1833.8391   1834.401425 1834.9657   1835.532975 1836.104325 1836.680325
 1837.262525 1837.852975 1838.45275  1839.062875 1839.683825 1840.315575
 1840.9586   1841.61235  1842.276275 1842.9498   1843.63235  1844.3229
 1845.020375 1845.7237   1846.43135  1847.142775 1847.85695  1848.57235 ]","[162.81 162.81 162.82 162.82 162.83 162.83 162.83 162.84 162.84 162.84
 162.84 162.85 162.85 162.85 162.86 162.86 162.86 162.87 162.87 162.87
 162.88 162.88 162.88 162.89 162.89 162.89 162.9  162.9  162.9  162.9 ]",0.8046505476206873,6
