Vehicle_ID,ID,time,xloc,yloc,line_integral_values,maneuver
2390,2390,"[1.7 1.8 1.9 2.  2.1 2.2 2.3 2.4 2.5 2.6 2.7 2.8 2.9 3.  3.1 3.2 3.3 3.4
 3.5 3.6 3.7 3.8 3.9 4.  4.1 4.2 4.3 4.4 4.5 4.6 4.7 4.8 4.9 5. ]","[1910.463075 1911.394575 1912.32655  1913.258975 1914.191375 1915.12425
 1916.0576   1916.990925 1917.924225 1918.858    1919.79225  1920.727
 1921.66225  1922.5975   1923.532725 1924.4679   1925.402525 1926.3366
 1927.270125 1928.202075 1929.132425 1930.061175 1930.98785  1931.91245
 1932.83445  1933.753875 1934.671225 1935.586    1936.4982   1937.407825
 1938.3144   1939.218425 1940.1199   1941.018325]","[160.98 160.93 160.87 160.82 160.77 160.72 160.66 160.61 160.55 160.5
 160.45 160.39 160.34 160.28 160.23 160.17 160.11 160.05 160.   159.94
 159.88 159.82 159.76 159.7  159.64 159.57 159.51 159.45 159.39 159.32
 159.26 159.2  159.13 159.07]",0.26344528557373126,6
