Vehicle_ID,ID,time,xloc,yloc,old_xloc,old_yloc,line_integral_values,maneuver
536,533,[4.3 4.4 4.5 4.6 4.7 4.8 4.9 5. ],"[30.91395  31.927175 32.93235  33.929475 34.918075 35.89815  36.869675
 37.83265 ]","[1.66184615 1.69184615 1.73184615 1.77184615 1.80184615 1.84184615
 1.87184615 1.90184615]","[1600.91395  1601.927175 1602.93235  1603.929475 1604.918075 1605.89815
 1606.869675 1607.83265 ]",[158.63 158.66 158.7  158.74 158.77 158.81 158.84 158.87],0.0,6
