Vehicle_ID,ID,time,xloc,yloc,line_integral_values,maneuver
1046,1046,[3.6 3.7 3.8 3.9 4.  4.1 4.2 4.3 4.4 4.5 4.6 4.7 4.8 4.9 5. ],"[1840.691225 1841.81005  1842.925325 1844.03755  1845.146225 1846.25135
 1847.353425 1848.451975 1849.547    1850.639    1851.727475 1852.812425
 1853.894375 1854.973325 1856.049275]","[162.33 162.33 162.33 162.33 162.33 162.33 162.33 162.33 162.33 162.33
 162.33 162.32 162.32 162.31 162.31]",0.2757179401883634,6
