Vehicle_ID,ID,time,xloc,yloc,line_integral_values,maneuver
2390,2390,[1.8 1.9 2.  2.1 2.2 2.3 2.4 2.5 2.6 2.7 2.8 2.9 3.  3.1 3.2 3.3 3.4],"[1817.30615  1818.302625 1819.29815  1820.2922   1821.284775 1822.275875
 1823.264975 1824.252575 1825.238675 1826.222775 1827.204875 1828.184975
 1829.163075 1830.13915  1831.1132   1832.08525  1833.0553  ]","[162.64 162.65 162.66 162.67 162.68 162.69 162.7  162.71 162.71 162.72
 162.73 162.73 162.74 162.75 162.75 162.76 162.77]",1.0108633949145784,6
