Vehicle_ID,ID,time,xloc,yloc,line_integral_values,maneuver
2104,2040,"[0.  0.1 0.2 0.3 0.4 0.5 0.6 0.7 0.8 0.9 1.  1.1 1.2 1.3 1.4 1.5 1.6 1.7
 1.8 1.9 2.  2.1 2.2 2.3 2.4 2.5 2.6 2.7 2.8 2.9 3.  3.1 3.2 3.3 3.4 3.5
 3.6 3.7 3.8 3.9 4.  4.1 4.2 4.3 4.4 4.5 4.6 4.7 4.8 4.9 5. ]","[1585.751375 1586.302525 1586.858175 1587.41835  1587.98305  1588.55225
 1589.12595  1589.70415  1590.28635  1590.872525 1591.463175 1592.058325
 1592.657475 1593.2606   1593.8677   1594.4788   1595.0939   1595.7135
 1596.3376   1596.965725 1597.598375 1598.235525 1598.876675 1599.522325
 1600.172475 1600.827125 1601.4863   1602.15     1602.8187   1603.492425
 1604.1712   1604.855025 1605.5439   1606.2383   1606.938225 1607.6437
 1608.3547   1609.0707   1609.7917   1610.5172   1611.247175 1611.982125
 1612.72155  1613.46495  1614.212825 1614.965175 1615.722    1616.4833
 1617.2491   1618.0194   1618.7942  ]","[157.65 157.66 157.66 157.67 157.68 157.69 157.69 157.7  157.71 157.72
 157.73 157.74 157.75 157.76 157.77 157.78 157.79 157.8  157.82 157.83
 157.84 157.85 157.86 157.87 157.88 157.9  157.91 157.92 157.94 157.95
 157.96 157.98 157.99 158.01 158.03 158.04 158.06 158.07 158.09 158.11
 158.12 158.14 158.16 158.17 158.19 158.21 158.22 158.24 158.25 158.27
 158.29]",15.165927988157021,6
