Vehicle_ID,ID,time,xloc,yloc,line_integral_values,maneuver
2841,2484,[3.6 3.7 3.8 3.9 4.  4.1 4.2 4.3 4.4 4.5 4.6 4.7 4.8 4.9],"[1600.72895  1601.6113   1602.506275 1603.414375 1604.335575 1605.26985
 1606.2167   1607.176125 1608.1486   1609.1336   1610.130625 1611.13965
 1612.16065  1613.193125]","[157.51 157.54 157.56 157.59 157.62 157.64 157.67 157.7  157.72 157.75
 157.78 157.81 157.84 157.87]",0.0,6
