Vehicle_ID,ID,time,xloc,yloc,line_integral_values,maneuver
2592,2636,[4.4 4.5 4.6 4.7 4.8 4.9 5. ],"[1980.096875 1981.30225  1982.50765  1983.7105   1984.907175 1986.095075
 1987.27165 ]",[155.83 155.74 155.65 155.56 155.47 155.38 155.29],0.0002429669225023198,6
