Vehicle_ID,ID,time,xloc,yloc,line_integral_values,maneuver
2390,1008,"[0.2 0.3 0.4 0.5 0.6 0.7 0.8 0.9 1.  1.1 1.2 1.3 1.4 1.5 1.6 1.7 1.8 1.9
 2.  2.1 2.2 2.3 2.4 2.5 2.6 2.7 2.8 2.9 3.  3.1 3.2 3.3 3.4 3.5 3.6 3.7
 3.8 3.9 4.  4.1 4.2 4.3 4.4 4.5 4.6 4.7 4.8 4.9 5. ]","[1830.6171   1831.582475 1832.544325 1833.502675 1834.457525 1835.409375
 1836.3577   1837.3025   1838.2438   1839.1816   1840.116425 1841.048275
 1841.976625 1842.901475 1843.823325 1844.741675 1845.656525 1846.568375
 1847.477225 1848.382575 1849.284425 1850.183275 1851.07915  1851.97205
 1852.861975 1853.749425 1854.6344   1855.516925 1856.3975   1857.276125
 1858.1528   1859.0275   1859.900225 1860.771    1861.6398   1862.506625
 1863.371475 1864.234325 1865.0952   1865.9541   1866.811025 1867.666475
 1868.52045  1869.372975 1870.22455  1871.075175 1871.924875 1872.77415
 1873.623475]","[162.59 162.58 162.58 162.58 162.58 162.58 162.58 162.57 162.57 162.57
 162.56 162.56 162.55 162.54 162.54 162.53 162.52 162.52 162.51 162.5
 162.49 162.49 162.48 162.47 162.46 162.45 162.44 162.44 162.43 162.42
 162.41 162.4  162.39 162.38 162.37 162.36 162.34 162.33 162.32 162.31
 162.3  162.28 162.27 162.26 162.24 162.23 162.21 162.19 162.18]",9.738071123421904,6
