Vehicle_ID,ID,time,xloc,yloc,line_integral_values,maneuver
68,68,"[2.3 2.4 2.5 2.6 2.7 2.8 2.9 3.  3.1 3.2 3.3 3.4 3.5 3.6 3.7 3.8 3.9 4.
 4.1 4.2 4.3 4.4 4.5 4.6 4.7 4.8 4.9 5. ]","[1585.00365  1585.524375 1586.032675 1586.52855  1587.01195  1587.482875
 1587.94135  1588.387875 1588.822475 1589.245675 1589.6585   1590.061475
 1590.4551   1590.8399   1591.2164   1591.5856   1591.948025 1592.304175
 1592.65455  1592.999675 1593.339525 1593.67405  1594.0032   1594.32595
 1594.64225  1594.952075 1595.254425 1595.54875 ]","[157.64 157.65 157.66 157.66 157.67 157.68 157.69 157.7  157.71 157.71
 157.72 157.73 157.74 157.74 157.75 157.76 157.76 157.77 157.77 157.78
 157.78 157.79 157.79 157.79 157.8  157.8  157.81 157.81]",15.82839134710111,6
