Vehicle_ID,ID,time,xloc,yloc,line_integral_values,maneuver
438,438,"[2.7 2.8 2.9 3.  3.1 3.2 3.3 3.4 3.5 3.6 3.7 3.8 3.9 4.  4.1 4.2 4.3 4.4
 4.5 4.6 4.7 4.8 4.9 5. ]","[1910.040675 1910.610675 1911.178225 1911.74435  1912.30905  1912.8718
 1913.431525 1913.987175 1914.5382   1915.0846   1915.62695  1916.165825
 1916.70275  1917.23775  1917.76925  1918.2956   1918.814175 1919.3229
 1919.821275 1920.309875 1920.79035  1921.26485  1921.736    1922.206425]","[160.83 160.8  160.78 160.75 160.72 160.7  160.67 160.64 160.61 160.58
 160.55 160.52 160.49 160.46 160.43 160.39 160.36 160.33 160.29 160.26
 160.22 160.19 160.15 160.12]",0.49431178597433273,6
