Vehicle_ID,ID,time,xloc,yloc,line_integral_values,maneuver
2150,2509,[4.3 4.4 4.5 4.6 4.7 4.8 4.9 5. ],"[1817.0658   1818.170275 1819.2717   1820.370075 1821.4649   1822.556175
 1823.6444   1824.7296  ]",[162.68 162.69 162.69 162.7  162.71 162.71 162.72 162.72],1.3088094268104495,6
