Vehicle_ID,ID,time,xloc,yloc,line_integral_values,maneuver
972,972,"[2.7 2.8 2.9 3.  3.1 3.2 3.3 3.4 3.5 3.6 3.7 3.8 3.9 4.  4.1 4.2 4.3 4.4
 4.5 4.6 4.7 4.8 4.9 5. ]","[1337.242425 1337.854025 1338.464725 1339.07505  1339.685    1340.295075
 1340.905275 1341.5161   1342.12755  1342.7396   1343.35275  1343.9665
 1344.580825 1345.196225 1345.8127   1346.43075  1347.050375 1347.67105
 1348.292775 1348.915525 1349.538775 1350.162525 1350.786775 1351.411   ]","[158.86 158.86 158.87 158.87 158.88 158.89 158.89 158.9  158.91 158.91
 158.92 158.92 158.93 158.93 158.94 158.94 158.95 158.95 158.95 158.95
 158.95 158.95 158.95 158.95]",0.4989190688781423,6
