Vehicle_ID,ID,time,xloc,yloc,line_integral_values,maneuver
68,83,"[0.  0.1 0.2 0.3 0.4 0.5 0.6 0.7 0.8 0.9 1.  1.1 1.2 1.3 1.4 1.5 1.6 1.7
 1.8 1.9 2.  2.1 2.2 2.3 2.4 2.5 2.6 2.7 2.8 2.9 3.  3.1 3.2 3.3 3.4 3.5
 3.6 3.7 3.8 3.9 4.  4.1 4.2 4.3 4.4 4.5 4.6 4.7 4.8 4.9 5. ]","[1840.187525 1840.79395  1841.400425 1842.006475 1842.61265  1843.219
 1843.8256   1844.433025 1845.0418   1845.653    1846.2672   1846.8849
 1847.506625 1848.1324   1848.7622   1849.3955   1850.031775 1850.670475
 1851.31055  1851.950425 1852.588525 1853.223825 1853.8553   1854.481925
 1855.1027   1855.716625 1856.3232   1856.92295  1857.51595  1858.102775
 1858.685    1859.263725 1859.840025 1860.415475 1860.992175 1861.572225
 1862.15665  1862.74595  1863.341125 1863.942625 1864.5499   1865.1624
 1865.779575 1866.400875 1867.025725 1867.65305  1868.2818   1868.910925
 1869.5399   1870.168225 1870.795375]","[162.18 162.18 162.18 162.19 162.19 162.19 162.19 162.19 162.19 162.19
 162.19 162.2  162.2  162.2  162.2  162.2  162.2  162.2  162.2  162.2
 162.2  162.2  162.2  162.2  162.2  162.2  162.2  162.2  162.19 162.19
 162.18 162.18 162.17 162.17 162.16 162.16 162.15 162.15 162.14 162.14
 162.13 162.12 162.12 162.11 162.1  162.09 162.09 162.08 162.06 162.05
 162.04]",29.625608267439368,6
