Vehicle_ID,ID,time,xloc,yloc,line_integral_values,maneuver
732,732,"[1.5 1.6 1.7 1.8 1.9 2.  2.1 2.2 2.3 2.4 2.5 2.6 2.7 2.8 2.9 3.  3.1 3.2
 3.3 3.4 3.5 3.6 3.7 3.8 3.9 4.  4.1 4.2 4.3 4.4 4.5 4.6 4.7 4.8 4.9 5. ]","[1910.22675  1911.26965  1912.30645  1913.337125 1914.361175 1915.378625
 1916.389475 1917.393225 1918.3899   1919.3795   1920.3615   1921.335925
 1922.303275 1923.26305  1924.21475  1925.158875 1926.09545  1927.023975
 1927.94445  1928.857375 1929.762775 1930.660675 1931.551575 1932.435475
 1933.3124   1934.182875 1935.0474   1935.905975 1936.758625 1937.60585
 1938.44815  1939.285025 1940.116475 1940.943    1941.764575 1942.5812  ]","[160.9  160.85 160.8  160.74 160.69 160.64 160.58 160.53 160.47 160.42
 160.37 160.31 160.26 160.2  160.15 160.09 160.03 159.98 159.92 159.86
 159.81 159.75 159.69 159.63 159.57 159.51 159.45 159.39 159.33 159.28
 159.22 159.16 159.1  159.04 158.98 158.92]",0.3012487250870096,6
