Vehicle_ID,ID,time,xloc,yloc,line_integral_values,maneuver
61,57,"[0.1 0.2 0.3 0.4 0.5 0.6 0.7 0.8 0.9 1.  1.1 1.2 1.3 1.4 1.5 1.6 1.7 1.8
 1.9 2.  2.1 2.2 2.3 2.4 2.5 2.6 2.7 2.8 2.9 3.  3.1 3.2 3.3 3.4 3.5 3.6
 3.7 3.8 3.9 4.  4.1 4.2 4.3 4.4 4.5 4.6 4.7 4.8 4.9 5. ]","[1585.3812   1586.043975 1586.708775 1587.3761   1588.045975 1588.7179
 1589.39185  1590.067775 1590.74465  1591.421425 1592.09705  1592.7705
 1593.44175  1594.1103   1594.7762   1595.440525 1596.104325 1596.768125
 1597.43195  1598.0958   1598.75965  1599.423    1600.0848   1600.743975
 1601.4      1602.051825 1602.6979   1603.337725 1603.971325 1604.598725
 1605.220475 1605.837125 1606.4487   1607.05625  1607.66085  1608.262525
 1608.861225 1609.4559   1610.044975 1610.627375 1611.20155  1611.766975
 1612.323675 1612.871725 1613.4127   1613.9482   1614.479825 1615.00915
 1615.5367   1616.062975]","[157.88 157.89 157.9  157.91 157.93 157.94 157.95 157.96 157.97 157.99
 158.   158.01 158.03 158.04 158.06 158.07 158.08 158.1  158.11 158.12
 158.14 158.15 158.16 158.18 158.19 158.2  158.22 158.23 158.25 158.26
 158.28 158.29 158.31 158.32 158.34 158.35 158.36 158.38 158.39 158.41
 158.42 158.43 158.45 158.46 158.47 158.49 158.5  158.51 158.53 158.54]",15.126318615500477,6
