Vehicle_ID,ID,time,xloc,yloc,line_integral_values,maneuver
2735,2104,"[0.3 0.4 0.5 0.6 0.7 0.8 0.9 1.  1.1 1.2 1.3 1.4 1.5 1.6 1.7 1.8 1.9 2.
 2.1 2.2 2.3 2.4 2.5 2.6 2.7 2.8 2.9 3.  3.1 3.2 3.3 3.4 3.5 3.6 3.7 3.8
 3.9 4.  4.1 4.2 4.3 4.4 4.5 4.6 4.7 4.8 4.9 5. ]","[1840.52305  1841.39495  1842.26085  1843.120775 1843.974725 1844.8232
 1845.666225 1846.5043   1847.33795  1848.1672   1848.99255  1849.814
 1850.63205  1851.4472   1852.259975 1853.070875 1853.8799   1854.687075
 1855.492375 1856.2963   1857.099875 1857.903075 1858.7059   1859.508875
 1860.312    1861.115775 1861.920675 1862.7267   1863.534375 1864.3437
 1865.155175 1865.9693   1866.786075 1867.606    1868.429075 1869.2558
 1870.086675 1870.921675 1871.7608   1872.60405  1873.4514   1874.30285
 1875.1589   1876.019525 1876.884725 1877.7545   1878.628825 1879.508225]","[162.68 162.69 162.69 162.7  162.71 162.71 162.72 162.72 162.73 162.73
 162.74 162.74 162.74 162.74 162.74 162.74 162.73 162.73 162.72 162.72
 162.71 162.7  162.69 162.68 162.66 162.65 162.64 162.62 162.61 162.59
 162.58 162.56 162.55 162.53 162.51 162.49 162.47 162.45 162.43 162.4
 162.38 162.35 162.32 162.3  162.27 162.24 162.21 162.18]",4.182478636966624,6
