Vehicle_ID,ID,time,xloc,yloc,line_integral_values,maneuver
2170,2104,"[0.  0.1 0.2 0.3 0.4 0.5 0.6 0.7 0.8 0.9 1.  1.1 1.2 1.3 1.4 1.5 1.6 1.7
 1.8 1.9 2.  2.1 2.2 2.3 2.4]","[1600.59525  1601.277675 1601.96515  1602.6572   1603.354325 1604.057
 1604.764725 1605.4775   1606.195325 1606.9187   1607.648125 1608.3831
 1609.123625 1609.870175 1610.62225  1611.379875 1612.143525 1612.9127
 1613.6874   1614.4676   1615.2533   1616.0445   1616.8412   1617.6434
 1618.4506   1619.2633   1620.0815   1620.9047   1621.732875 1622.566525
 1623.405675 1624.249825 1625.098975 1625.953125 1626.81225  1627.67685
 1628.54695  1629.42205 ]","[157.58 157.6  157.61 157.63 157.64 157.66 157.68 157.7  157.71 157.73
 157.75 157.77 157.79 157.81 157.84 157.86 157.88 157.9  157.92 157.95
 157.97 157.99 158.01 158.03 158.05 158.08 158.1  158.12 158.14 158.17
 158.19 158.21 158.23 158.25 158.28 158.3  158.32 158.34]",1.4541973588031495e-05,6
