Vehicle_ID,ID,time,xloc,yloc,old_xloc,old_yloc,line_integral_values,maneuver
2040,1062,"[0.3 0.4 0.5 0.6 0.7 0.8 0.9 1.  1.1 1.2 1.3 1.4 1.5 1.6 1.7 1.8 1.9 2.
 2.1 2.2 2.3 2.4 2.5 2.6 2.7 2.8 2.9 3.  3.1 3.2 3.3 3.4 3.5 3.6 3.7 3.8
 3.9 4.  4.1 4.2 4.3 4.4 4.5]","[30.03465  30.5617   31.095875 31.6377   32.18715  32.7442   33.309375
 33.883175 34.465575 35.0566   35.65675  36.266025 36.884925 37.513925
 38.152525 38.800725 39.459525 40.128925 40.808425 41.498    42.19765
 42.907875 43.62865  44.35945  45.100275 45.851125 46.611475 47.3808
 48.159075 48.9463   49.74195  50.545    51.35545  52.172775 52.996475
 53.82655  54.662475 55.50375  56.349875 57.20085  58.056175 58.91535
 59.778375]","[0.86184615 0.88184615 0.89184615 0.91184615 0.92184615 0.94184615
 0.95184615 0.97184615 0.98184615 1.00184615 1.02184615 1.03184615
 1.05184615 1.06184615 1.08184615 1.10184615 1.11184615 1.13184615
 1.15184615 1.16184615 1.18184615 1.20184615 1.21184615 1.23184615
 1.25184615 1.26184615 1.28184615 1.30184615 1.31184615 1.33184615
 1.35184615 1.36184615 1.38184615 1.40184615 1.41184615 1.43184615
 1.45184615 1.46184615 1.48184615 1.49184615 1.51184615 1.52184615
 1.54184615]","[1600.03465  1600.5617   1601.095875 1601.6377   1602.18715  1602.7442
 1603.309375 1603.883175 1604.465575 1605.0566   1605.65675  1606.266025
 1606.884925 1607.513925 1608.152525 1608.800725 1609.459525 1610.128925
 1610.808425 1611.498    1612.19765  1612.907875 1613.62865  1614.35945
 1615.100275 1615.851125 1616.611475 1617.3808   1618.159075 1618.9463
 1619.74195  1620.545    1621.35545  1622.172775 1622.996475 1623.82655
 1624.662475 1625.50375  1626.349875 1627.20085  1628.056175 1628.91535
 1629.778375]","[157.83 157.85 157.86 157.88 157.89 157.91 157.92 157.94 157.95 157.97
 157.99 158.   158.02 158.03 158.05 158.07 158.08 158.1  158.12 158.13
 158.15 158.17 158.18 158.2  158.22 158.23 158.25 158.27 158.28 158.3
 158.32 158.33 158.35 158.37 158.38 158.4  158.42 158.43 158.45 158.46
 158.48 158.49 158.51]",0.00018610042921055273,6
