Vehicle_ID,ID,time,xloc,yloc,line_integral_values,maneuver
2040,2104,[3.9 4.  4.1 4.2 4.3 4.4 4.5 4.6 4.7 4.8 4.9 5. ],"[1817.7358   1818.754775 1819.7682   1820.775575 1821.776925 1822.77225
 1823.761525 1824.744775 1825.722    1826.693175 1827.658325 1828.61745 ]","[162.36 162.38 162.39 162.41 162.42 162.44 162.45 162.47 162.48 162.5
 162.51 162.53]",5.217670526103994,6
