Vehicle_ID,ID,time,xloc,yloc,line_integral_values,maneuver
540,540,"[1.9 2.  2.1 2.2 2.3 2.4 2.5 2.6 2.7 2.8 2.9 3.  3.1 3.2 3.3 3.4 3.5 3.6
 3.7 3.8 3.9 4.  4.1 4.2 4.3 4.4 4.5 4.6 4.7 4.8 4.9 5. ]","[1980.39335  1981.270075 1982.150825 1983.0356   1983.9244   1984.817225
 1985.714075 1986.614925 1987.5198   1988.4287   1989.3416   1990.258
 1991.1779   1992.1018   1993.0292   1993.960075 1994.8944   1995.8317
 1996.771975 1997.7152   1998.660875 1999.609    2000.559575 2001.5121
 2002.46655  2003.422925 2004.380725 2005.339425 2006.29905  2007.259075
 2008.219475 2009.179775]","[155.99 155.91 155.83 155.75 155.67 155.59 155.5  155.42 155.34 155.25
 155.17 155.08 155.   154.91 154.82 154.74 154.65 154.56 154.47 154.38
 154.29 154.2  154.11 154.02 153.93 153.84 153.75 153.66 153.57 153.47
 153.38 153.29]",0.0007769508304680542,6
