Vehicle_ID,ID,time,xloc,yloc,line_integral_values,maneuver
942,2094,[3.4 3.5 3.6 3.7 3.8 3.9 4.  4.1 4.2 4.3 4.4 4.5 4.6 4.7 4.8 4.9 5. ],"[1980.540625 1981.257575 1981.97655  1982.69755  1983.42055  1984.145525
 1984.872475 1985.6009   1986.3308   1987.062175 1987.7945   1988.527275
 1989.2605   1989.99415  1990.727725 1991.461225 1992.194125]","[155.93 155.86 155.79 155.72 155.65 155.59 155.52 155.45 155.38 155.31
 155.24 155.17 155.11 155.04 154.97 154.9  154.83]",0.0005357261762438582,6
