Vehicle_ID,ID,time,xloc,yloc,line_integral_values,maneuver
2698,2484,[3.7 3.8 3.9 4.  4.1 4.2 4.3 4.4 4.5 4.6 4.7],"[1810.4045   1811.407925 1812.4002   1813.381325 1814.3513   1815.31015
 1816.2579   1817.19455  1818.120625 1819.03615  1819.94115 ]","[162.4  162.42 162.44 162.46 162.48 162.5  162.51 162.53 162.55 162.56
 162.58]",0.05860612197748677,6
