Vehicle_ID,ID,time,xloc,yloc,line_integral_values,maneuver
2484,2484,"[1.5 1.6 1.7 1.8 1.9 2.  2.1 2.2 2.3 2.4 2.5 2.6 2.7 2.8 2.9 3.  3.1 3.2
 3.3 3.4 3.5 3.6 3.7 3.8 3.9 4.  4.1 4.2 4.3 4.4 4.5 4.6 4.7 4.8 4.9 5. ]","[1815.31015  1816.2579   1817.19455  1818.120625 1819.03615  1819.94115
 1820.83615  1821.72115  1822.596175 1823.461725 1824.318325 1825.166
 1826.00525  1826.836575 1827.659975 1828.475475 1829.283575 1830.08475
 1830.879    1831.66635  1832.447325 1833.222425 1833.99165  1834.755525
 1835.51455  1836.269225 1837.020575 1837.769125 1838.514875 1839.258325
 1839.99995  1840.74025  1841.47975  1842.21845  1842.95635  1843.693925]","[162.5  162.51 162.53 162.55 162.56 162.58 162.59 162.61 162.62 162.63
 162.65 162.66 162.67 162.68 162.69 162.7  162.71 162.72 162.73 162.74
 162.74 162.75 162.76 162.76 162.77 162.77 162.78 162.78 162.78 162.79
 162.79 162.8  162.8  162.8  162.8  162.8 ]",2.125067032541115,6
