time,xloc
98.22351,1796.7
103.749624,1796.7
109.275738,1796.7
114.801852,1797.3
120.327966,1797.0
125.85408,1796.7
