time,xloc
98.22351,1790.1
103.749624,1790.4
109.275738,1790.1
114.801852,1790.1
120.327966,1790.1
125.85408,1790.1
