time,xloc
98.22351,1794.3
105.1311525,1794.0
112.038795,1794.3
118.9464375,1794.3
125.85408,1794.9
