time,xloc
98.22351,1800.3
105.1311525,1800.3
112.038795,1800.3
118.9464375,1800.3
125.85408,1800.0
