time,xloc
98.22351,1782.0
105.1311525,1782.3
112.038795,1782.6
118.9464375,1782.0
125.85408,1782.3
