time,xloc
98.22351,1800.6
103.749624,1800.3
109.275738,1800.6
114.801852,1800.3
120.327966,1800.6
125.85408,1800.6
