time,xloc
98.22351,1779.0
103.749624,1778.1
109.275738,1780.8
114.801852,1781.4
120.327966,1778.7
125.85408,1778.1
