time,xloc
98.22351,1797.0
102.82860500000001,1796.7
107.4337,1797.0
112.038795,1796.7
116.64389,1796.7
121.248985,1796.7
125.85408,1797.3
