time,xloc
98.22351,1772.4
105.1311525,1773.0
112.038795,1769.7
118.9464375,1767.6
125.85408,1756.8
