time,xloc
98.22351,1783.5
103.749624,1783.8
109.275738,1783.5
114.801852,1785.0
120.327966,1783.5
125.85408,1783.2
