time,xloc
98.22351,1800.0
102.82860500000001,1800.3
107.4337,1800.3
112.038795,1800.0
116.64389,1800.3
121.248985,1800.3
125.85408,1800.9
