time,xloc
98.22351,1791.9
105.1311525,1792.2
112.038795,1792.2
118.9464375,1792.2
125.85408,1792.2
