time,xloc
98.22351,1781.1
105.1311525,1774.2
112.038795,1778.4
118.9464375,1779.3
125.85408,1778.4
