time,xloc
98.22351,1780.2
103.749624,1780.2
109.275738,1779.9
114.801852,1780.2
120.327966,1780.5
125.85408,1779.9
