time,xloc
98.22351,1797.0
105.1311525,1797.0
112.038795,1796.4
118.9464375,1797.3
125.85408,1797.3
