,ID,time,xloc,yloc,lane,speed,acceleration,length-smoothed,width-smoothed,type-most-common,ACC,run-index
956850,1738,177.4,4804.8728,488.61,-4,10.067,0.75,6.0,2.67,small-vehicle,No,20
956851,1738,177.5,4805.8795,488.94,-4,10.1425,0.81,6.0,2.67,small-vehicle,No,20
956852,1738,177.6,4806.89375,489.28,-4,10.2235,0.86,6.0,2.67,small-vehicle,No,20
956853,1738,177.7,4807.9161,489.61,-4,10.3095,0.86,6.0,2.67,small-vehicle,No,20
956854,1738,177.8,4808.94705,489.95,-4,10.3955,0.86,6.0,2.67,small-vehicle,No,20
956855,1738,177.9,4809.9866,490.29,-4,10.4815,0.86,6.0,2.67,small-vehicle,No,20
