,ID,time,xloc,yloc,lane,speed,acceleration,length-smoothed,width-smoothed,type-most-common,ACC,run-index
1004173,323,28.4,1357.83875,226.11,3,24.6245,-0.22,5.76,2.67,small-vehicle,No,21
1004174,323,28.5,1360.3012,226.05,3,24.603,0.42,5.76,2.67,small-vehicle,No,21
1004175,323,28.6,1362.7615,225.98,3,24.6445,1.15,5.76,2.67,small-vehicle,No,21
1004176,323,28.7,1365.22595,225.91,3,24.76,1.89,5.76,2.67,small-vehicle,No,21
1004177,323,28.8,1367.70195,225.85,3,24.9485,2.5,5.76,2.67,small-vehicle,No,21
1004178,323,28.9,1370.1968,225.78,3,25.199,3.02,5.76,2.67,small-vehicle,No,21
1004179,323,29.0,1372.7167,225.71,3,25.5005,3.32,5.76,2.67,small-vehicle,No,21
1004180,323,29.1,1375.26675,225.64,3,25.832,3.4,5.76,2.67,small-vehicle,No,21
