,ID,time,xloc,yloc,lane,speed,acceleration,length-smoothed,width-smoothed,type-most-common,ACC,run-index
632301,7796,456.6,4105.1628,206.01,-5,6.31225,0.15,14.72,3.0,large-vehicle,No,8
632302,7796,456.7,4105.794025,206.07,-5,6.32775,0.1,14.72,3.0,large-vehicle,No,8
632303,7796,456.8,4106.4268,206.12,-5,6.338,0.05,14.72,3.0,large-vehicle,No,8
632304,7796,456.9,4107.0606,206.18,-5,6.343,0.05,14.72,3.0,large-vehicle,No,8
632305,7796,457.0,4107.6949,206.24,-5,6.348,0.05,14.72,3.0,large-vehicle,No,8
632306,7796,457.1,4108.3297,206.29,-5,6.353,0.0,14.72,3.0,large-vehicle,No,8
632307,7796,457.2,4108.965,206.34,-5,6.35275,-0.01,14.72,3.0,large-vehicle,No,8
632308,7796,457.3,4109.600275,206.4,-5,6.35225,-0.06,14.72,3.0,large-vehicle,No,8
632309,7796,457.4,4110.2355,206.45,-5,6.3465,-0.16,14.72,3.0,large-vehicle,No,8
