,ID,time,xloc,yloc,lane,speed,acceleration,length-smoothed,width-smoothed,type-most-common,ACC,run-index
750511,3346,207.6,4407.98365,169.1,2,33.029,0.42,6.0,2.67,small-vehicle,No,11
750512,3346,207.7,4411.28655,169.61,2,33.0715,0.37,6.0,2.67,small-vehicle,No,11
750513,3346,207.8,4414.5937,170.12,2,33.1085,0.32,6.0,2.67,small-vehicle,No,11
750514,3346,207.9,4417.90455,170.65,2,33.141,0.33,6.0,2.67,small-vehicle,No,11
750515,3346,208.0,4421.21865,171.19,2,33.174,0.38,6.0,2.67,small-vehicle,No,11
750516,3346,208.1,4424.53605,171.75,2,33.212,0.44,6.0,2.67,small-vehicle,No,11
