Vehicle_ID,ID,time,xloc,yloc,line_integral_values,maneuver
2592,2247,[0.  0.1 0.2 0.3],[1826.828175 1827.852975 1828.871675 1829.883775],[162.87 162.87 162.88 162.88],0.0,6
2592,2592,[1.8 1.9 2.  2.1 2.2 2.3 2.4 2.5 2.6 2.7 2.8 2.9 3.  3.1 3.2 3.3 3.4],"[1815.845225 1816.7318   1817.618025 1818.503875 1819.389325 1820.274375
 1821.159    1822.042675 1822.924875 1823.805575 1824.684775 1825.561975
 1826.437675 1827.31135  1828.182475 1829.05155  1829.918075]","[162.05 162.06 162.08 162.09 162.1  162.11 162.12 162.14 162.15 162.16
 162.17 162.18 162.19 162.2  162.2  162.21 162.22]",0.06763674597031087,6
2592,3926,[0.  0.1 0.2 0.3 0.4 0.5 0.6 0.7 0.8 0.9 1.  1.1 1.2],"[1818.29105  1819.2979   1820.281125 1821.2439   1822.18995  1823.1235
 1824.04925  1824.9719   1825.8956   1826.823925 1827.758875 1828.7019
 1829.653925]","[161.88 161.93 161.98 162.02 162.07 162.11 162.15 162.18 162.22 162.26
 162.29 162.32 162.35]",0.015438798264973666,6
