Vehicle_ID,ID,time,xloc,yloc,line_integral_values,maneuver
64,57,[0.2 0.3 0.4 0.5 0.6 0.7 0.8 0.9 1.  1.1 1.2 1.3 1.4 1.5 1.6],"[1127.418375 1128.501575 1129.589775 1130.682975 1131.78165  1132.8858
 1133.994425 1135.107525 1136.2256   1137.34865  1138.476175 1139.60765
 1140.743575 1141.88395  1143.0283  ]","[160.43 160.45 160.47 160.49 160.51 160.53 160.55 160.57 160.59 160.61
 160.62 160.64 160.66 160.67 160.69]",0.29438369927806796,6
64,61,[3.3 3.4 3.5 3.6 3.7 3.8 3.9 4.  4.1 4.2 4.3 4.4 4.5 4.6],"[1127.807975 1128.9832   1130.164875 1131.353    1132.547575 1133.7486
 1134.956075 1136.1695   1137.388875 1138.614225 1139.84555  1141.082825
 1142.32605  1143.575225]","[159.82 159.84 159.87 159.89 159.91 159.93 159.95 159.96 159.98 160.
 160.02 160.03 160.05 160.07]",0.2453836813616351,6
64,64,[1.7 1.8 1.9 2.  2.1 2.2 2.3 2.4 2.5 2.6 2.7 2.8 2.9 3. ],"[1127.94155  1129.0704   1130.20475  1131.3441   1132.488925 1133.639725
 1134.796025 1135.957825 1137.12565  1138.2995   1139.47935  1140.665225
 1141.857125 1143.055025]","[159.98 160.01 160.03 160.05 160.07 160.09 160.11 160.13 160.15 160.17
 160.19 160.21 160.22 160.24]",0.15653585072329335,6
