Vehicle_ID,ID,time,xloc,yloc,line_integral_values,maneuver
3050,2972,[0.],[1819.21165],[162.41],0.0,6
3050,3050,[1.3 1.4 1.5 1.6 1.7 1.8 1.9 2.  2.1 2.2 2.3 2.4 2.5],"[1810.235725 1811.0323   1811.826425 1812.618075 1813.407225 1814.19335
 1814.975925 1815.75445  1816.528925 1817.29935  1818.065725 1818.82805
 1819.58685 ]","[162.65 162.66 162.68 162.69 162.71 162.72 162.73 162.75 162.76 162.78
 162.79 162.8  162.81]",0.022757939481126248,6
