Vehicle_ID,ID,time,xloc,yloc,line_integral_values,maneuver
972,972,[0.9 1.  1.1 1.2 1.3 1.4 1.5 1.6 1.7],"[1800.352875 1801.533675 1802.714375 1803.894475 1805.07345  1806.251275
 1807.427475 1808.60155  1809.773475]",[162.26 162.27 162.28 162.28 162.29 162.3  162.3  162.31 162.31],0.20347763524345408,6
972,1046,[4.9 5. ],[1800.293175 1801.468025],[162.03 162.05],0.0,6
