Vehicle_ID,ID,time,xloc,yloc,line_integral_values,maneuver
77,68,[5.],[1980.339225],[155.38],0.0,6
77,77,"[2.4 2.5 2.6 2.7 2.8 2.9 3.  3.1 3.2 3.3 3.4 3.5 3.6 3.7 3.8 3.9 4.  4.1
 4.2 4.3 4.4 4.5 4.6]","[1980.10485  1980.695775 1981.27845  1981.85235  1982.416475 1982.969825
 1983.5124   1984.0442   1984.565225 1985.075475 1985.57495  1986.06365
 1986.54155  1987.008675 1987.465025 1987.910575 1988.34535  1988.76935
 1989.182575 1989.585025 1989.976675 1990.35755  1990.7328  ]","[155.9  155.84 155.79 155.74 155.68 155.63 155.58 155.53 155.48 155.43
 155.39 155.34 155.3  155.26 155.22 155.19 155.15 155.12 155.09 155.06
 155.03 155.   154.98]",0.0013638589330233115,6
77,83,[0.  0.1 0.2 0.3 0.4],[1981.835775 1982.277275 1982.707975 1983.127875 1983.542125],[155.62 155.59 155.57 155.54 155.52],3.3753443736924245e-06,6
