Vehicle_ID,ID,time,xloc,yloc,line_integral_values,maneuver
2735,2170,[3.3 3.4 3.5 3.6 3.7 3.8 3.9 4.  4.1 4.2 4.3],"[1800.0524   1801.0244   1801.9894   1802.947375 1803.898325 1804.841775
 1805.777725 1806.706675 1807.628625 1808.543575 1809.451525]","[162.32 162.34 162.35 162.37 162.38 162.39 162.41 162.42 162.43 162.45
 162.46]",0.17572137751650077,6
2735,2735,[1.  1.1 1.2 1.3 1.4 1.5 1.6 1.7 1.8 1.9],"[1800.2547   1801.29795  1802.3373   1803.37325  1804.406325 1805.436525
 1806.463825 1807.48875  1808.5118   1809.532975]",[161.98 161.98 161.97 161.97 161.96 161.95 161.94 161.92 161.91 161.89],0.4765437422418217,6
