Vehicle_ID,ID,time,xloc,yloc,line_integral_values,maneuver
942,942,[1.4 1.5 1.6 1.7 1.8 1.9 2.  2.1 2.2 2.3 2.4 2.5 2.6 2.7],"[1817.73005  1818.99685  1820.26055  1821.521675 1822.78025  1824.03575
 1825.2882   1826.537625 1827.7845   1829.02885  1830.2707   1831.51005
 1832.746875 1833.981175]","[162.59 162.6  162.6  162.61 162.61 162.62 162.62 162.63 162.63 162.63
 162.63 162.63 162.63 162.63]",0.26388100654335317,6
942,2015,[0.4 0.5 0.6 0.7 0.8 0.9 1. ],"[1826.881    1828.01885  1829.163075 1830.31315  1831.469075 1832.63035
 1833.79595 ]",[160.34 160.44 160.53 160.63 160.72 160.81 160.9 ],1.922389811664113e-37,6
