Vehicle_ID,ID,time,xloc,yloc,line_integral_values,maneuver
788,788,[1.4 1.5 1.6 1.7 1.8 1.9 2.  2.1 2.2 2.3 2.4 2.5 2.6],"[1815.704575 1816.8404   1817.975675 1819.1109   1820.246075 1821.381225
 1822.5169   1823.6536   1824.791325 1825.930075 1827.06985  1828.210675
 1829.35255 ]","[162.46 162.46 162.46 162.46 162.46 162.46 162.46 162.45 162.45 162.45
 162.44 162.44 162.43]",0.010157869103538967,6
788,856,[3.  3.1 3.2 3.3 3.4 3.5 3.6 3.7 3.8 3.9 4.  4.1 4.2],"[1815.15785  1816.356175 1817.556475 1818.75875  1819.962975 1821.169175
 1822.377375 1823.58755  1824.7997   1826.013825 1827.229925 1828.448
 1829.667525]","[162.54 162.56 162.57 162.58 162.6  162.61 162.62 162.64 162.65 162.66
 162.67 162.68 162.69]",0.003124868678585205,6
788,899,[4.6 4.7 4.8 4.9 5. ],[1815.6986   1816.854075 1818.0105   1819.167875 1820.3262  ],[162.23 162.24 162.25 162.26 162.27],1.4125806059417326e-06,6
