Vehicle_ID,ID,time,xloc,yloc,line_integral_values,maneuver
942,732,[0.  0.1 0.2 0.3 0.4 0.5 0.6 0.7 0.8 0.9 1.  1.1 1.2 1.3 1.4 1.5 1.6 1.7],"[1622.8198   1623.2057   1623.5972   1623.993775 1624.3954   1624.802075
 1625.213275 1625.628975 1626.049175 1626.47335  1626.9015   1627.333125
 1627.767675 1628.20515  1628.64555  1629.08835  1629.533075 1629.979725]","[157.66 157.68 157.69 157.7  157.72 157.73 157.75 157.76 157.77 157.79
 157.8  157.82 157.83 157.85 157.87 157.88 157.9  157.92]",0.0,6
942,788,"[0.  0.1 0.2 0.3 0.4 0.5 0.6 0.7 0.8 0.9 1.  1.1 1.2 1.3 1.4 1.5 1.6 1.7
 1.8 1.9 2.  2.1 2.2 2.3 2.4 2.5 2.6 2.7 2.8 2.9 3.  3.1 3.2 3.3 3.4 3.5
 3.6 3.7 3.8 3.9 4.  4.1 4.2 4.3 4.4 4.5 4.6 4.7 4.8 4.9]","[1603.40645  1603.70145  1604.00045  1604.30345  1604.61045  1604.92145
 1605.23645  1605.55545  1605.87845  1606.20545  1606.53695  1606.872975
 1607.213525 1607.5586   1607.908225 1608.2629   1608.622625 1608.9874
 1609.3577   1609.733525 1610.1144   1610.5003   1610.891225 1611.287175
 1611.688125 1612.094075 1612.505    1612.9204   1613.3403   1613.764675
 1614.193525 1614.62685  1615.06415  1615.505425 1615.95065  1616.399825
 1616.852475 1617.3086   1617.768175 1618.2312   1618.697675 1619.1671
 1619.639475 1620.114275 1620.5915   1621.07115  1621.552725 1622.036225
 1622.521125 1623.006925]","[157.49 157.5  157.5  157.51 157.52 157.52 157.53 157.53 157.54 157.54
 157.55 157.56 157.56 157.57 157.57 157.58 157.58 157.58 157.59 157.59
 157.6  157.6  157.61 157.61 157.62 157.63 157.63 157.64 157.65 157.65
 157.66 157.67 157.68 157.69 157.7  157.71 157.71 157.72 157.73 157.74
 157.75 157.76 157.77 157.78 157.79 157.8  157.81 157.82 157.83 157.84]",0.0,6
942,856,"[2.6 2.7 2.8 2.9 3.  3.1 3.2 3.3 3.4 3.5 3.6 3.7 3.8 3.9 4.  4.1 4.2 4.3
 4.4 4.5 4.6 4.7 4.8 4.9]","[1600.0343   1600.37815  1600.726    1601.07735  1601.4322   1601.791075
 1602.153975 1602.5214   1602.89335  1603.269325 1603.64985  1604.035425
 1604.426025 1604.82165  1605.222325 1605.62805  1606.038825 1606.45515
 1606.877025 1607.30445  1607.737425 1608.17595  1608.62     1609.069575]","[157.87 157.88 157.89 157.9  157.91 157.92 157.93 157.94 157.95 157.96
 157.97 157.99 158.   158.01 158.02 158.03 158.04 158.05 158.06 158.07
 158.08 158.09 158.1  158.11]",0.0,6
