Vehicle_ID,ID,time,xloc,yloc,line_integral_values,maneuver
972,972,[1.  1.1 1.2 1.3 1.4 1.5 1.6 1.7],"[1810.94275  1812.108875 1813.272375 1814.433275 1815.59105  1816.7452
 1817.895775 1819.043275]",[162.32 162.32 162.33 162.33 162.34 162.34 162.34 162.34],0.04697414952580892,6
972,1046,[5.],[1810.85825],[162.17],0.0,6
