Vehicle_ID,ID,time,xloc,yloc,line_integral_values,maneuver
392,392,[3.5 3.6 3.7 3.8 3.9 4.  4.1 4.2 4.3 4.4 4.5 4.6 4.7 4.8 4.9 5. ],"[1810.3275   1810.692975 1811.069775 1811.45785  1811.856125 1812.263475
 1812.6783   1813.09955  1813.5267   1813.958725 1814.3951   1814.8353
 1815.278825 1815.725175 1816.1738   1816.6242  ]","[162.53 162.53 162.53 162.53 162.53 162.53 162.53 162.53 162.53 162.53
 162.53 162.53 162.53 162.53 162.53 162.53]",0.017128397479861335,6
392,618,"[0.9 1.  1.1 1.2 1.3 1.4 1.5 1.6 1.7 1.8 1.9 2.  2.1 2.2 2.3 2.4 2.5 2.6
 2.7 2.8 2.9 3.  3.1 3.2 3.3 3.4 3.5]","[1810.1827   1810.5446   1810.9095   1811.2769   1811.646775 1812.0191
 1812.392875 1812.7681   1813.144775 1813.522375 1813.9009   1814.28035
 1814.660725 1815.041    1815.42065  1815.799675 1816.17705  1816.552775
 1816.92735  1817.3008   1817.673125 1818.044325 1818.414425 1818.78345
 1819.1519   1819.51975  1819.8865  ]","[162.4  162.41 162.41 162.41 162.41 162.41 162.42 162.42 162.42 162.42
 162.42 162.43 162.43 162.43 162.43 162.44 162.44 162.44 162.44 162.45
 162.45 162.45 162.45 162.45 162.46 162.46 162.46]",0.026313240543592735,6
