Vehicle_ID,ID,time,xloc,yloc,line_integral_values,maneuver
82,82,"[3.1 3.2 3.3 3.4 3.5 3.6 3.7 3.8 3.9 4.  4.1 4.2 4.3 4.4 4.5 4.6 4.7 4.8
 4.9 5. ]","[1817.421    1817.937675 1818.446625 1818.947875 1819.44195  1819.9289
 1820.40875  1820.882025 1821.34925  1821.810975 1822.2688   1822.7259
 1823.18755  1823.658975 1824.143825 1824.645175 1825.164475 1825.701075
 1826.25275  1826.815725]","[162.42 162.43 162.43 162.44 162.45 162.46 162.46 162.47 162.48 162.48
 162.49 162.5  162.5  162.51 162.51 162.52 162.52 162.53 162.53 162.53]",0.9084429680409227,6
82,91,[0.],[1833.885075],[162.08],0.0,6
82,103,"[0.4 0.5 0.6 0.7 0.8 0.9 1.  1.1 1.2 1.3 1.4 1.5 1.6 1.7 1.8 1.9 2.  2.1
 2.2 2.3 2.4 2.5 2.6 2.7 2.8 2.9 3.  3.1 3.2]","[1817.5774   1818.35745  1819.129125 1819.891925 1820.643775 1821.38155
 1822.1016   1822.8003   1823.4751   1824.12505  1824.7508   1825.354025
 1825.937425 1826.503725 1827.0556   1827.595675 1828.12605  1828.6488
 1829.164925 1829.674425 1830.177275 1830.6734   1831.162725 1831.6442
 1832.116775 1832.579875 1833.03295  1833.476525 1833.91065 ]","[162.55 162.56 162.56 162.56 162.57 162.57 162.58 162.58 162.58 162.59
 162.59 162.6  162.6  162.6  162.61 162.61 162.61 162.61 162.62 162.62
 162.62 162.62 162.62 162.62 162.62 162.62 162.62 162.62 162.62]",0.35904167502778217,6
