Vehicle_ID,ID,time,xloc,yloc,line_integral_values,maneuver
586,392,[0.  0.1 0.2 0.3 0.4 0.5 0.6 0.7],"[1820.745375 1821.215325 1821.687575 1822.161575 1822.636275 1823.110125
 1823.582075 1824.052825]",[162.53 162.53 162.53 162.53 162.53 162.53 162.52 162.52],1.4059337479747117e-08,6
586,586,[4.  4.1 4.2 4.3 4.4 4.5 4.6 4.7 4.8 4.9 5. ],"[1815.06465  1815.318775 1815.56595  1815.809375 1816.0527   1816.298025
 1816.547425 1816.804    1817.0698   1817.34525  1817.62975 ]","[162.48 162.48 162.48 162.48 162.47 162.47 162.47 162.47 162.48 162.48
 162.48]",9.690098388107524,6
