Vehicle_ID,ID,time,xloc,yloc,line_integral_values,maneuver
899,856,[0.  0.1 0.2],[1806.834375 1808.015475 1809.19955 ],[162.43 162.45 162.46],5.550011752273462e-11,6
899,899,[1.  1.1 1.2 1.3 1.4 1.5 1.6 1.7 1.8],"[1800.8074   1801.937225 1803.071075 1804.2084   1805.3487   1806.491975
 1807.637675 1808.7853   1809.93485 ]",[162.07 162.09 162.1  162.11 162.12 162.14 162.15 162.16 162.17],0.2361280496271952,6
899,942,[4.3 4.4 4.5 4.6 4.7 4.8 4.9],"[1801.075475 1802.362925 1803.6498   1804.9361   1806.221825 1807.506475
 1808.79005 ]",[162.42 162.44 162.46 162.47 162.49 162.5  162.52],0.015548247290460357,6
