Vehicle_ID,ID,time,xloc,yloc,line_integral_values,maneuver
2449,2390,[0.  0.1 0.2 0.3 0.4 0.5 0.6 0.7 0.8 0.9 1.  1.1 1.2 1.3],"[1345.866525 1346.457225 1347.0578   1347.667175 1348.284225 1348.907325
 1349.53435  1350.16265  1350.790125 1351.4152   1352.035825 1352.650475
 1353.257625 1353.8568  ]","[159.03 159.02 159.01 158.99 158.98 158.97 158.95 158.94 158.93 158.92
 158.91 158.89 158.88 158.87]",0.5759008161445252,6
2449,2449,"[2.8 2.9 3.  3.1 3.2 3.3 3.4 3.5 3.6 3.7 3.8 3.9 4.  4.1 4.2 4.3 4.4 4.5
 4.6 4.7 4.8 4.9 5. ]","[1337.026125 1337.6626   1338.297375 1338.928875 1339.55605  1340.17735
 1340.79125  1341.39725  1341.994875 1342.5847   1343.1673   1343.74325
 1344.314125 1344.881    1345.445475 1346.00965  1346.574625 1347.14245
 1347.714675 1348.292325 1348.8769   1349.468375 1350.066175]","[158.9  158.88 158.87 158.86 158.84 158.83 158.82 158.8  158.79 158.78
 158.77 158.75 158.74 158.73 158.72 158.71 158.69 158.68 158.67 158.66
 158.64 158.63 158.62]",0.8451066833885913,6
