Vehicle_ID,ID,time,xloc,yloc,line_integral_values,maneuver
1046,1046,[1.  1.1 1.2 1.3 1.4 1.5 1.6 1.7],"[1810.85825  1812.026    1813.191675 1814.355275 1815.5168   1816.676275
 1817.8342   1818.9906  ]",[162.17 162.18 162.19 162.2  162.21 162.22 162.23 162.24],0.07468011357893613,6
1046,1961,[3.3 3.4 3.5 3.6 3.7 3.8 3.9 4. ],"[1811.0722   1812.243725 1813.4147   1814.585125 1815.7545   1816.922825
 1818.090125 1819.2564  ]",[162.48 162.49 162.51 162.52 162.54 162.55 162.56 162.58],0.016842970834366415,6
1046,1983,[4.9 5. ],[1810.182175 1811.332975],[161.89 161.91],0.0,6
