Vehicle_ID,ID,time,xloc,yloc,line_integral_values,maneuver
586,558,[5.],[1337.386075],[159.66],0.0,6
586,586,[1.5 1.6 1.7 1.8 1.9 2.  2.1 2.2 2.3 2.4 2.5 2.6 2.7 2.8],"[1337.346675 1338.5622   1339.780775 1341.0024   1342.227075 1343.4548
 1344.686075 1345.9209   1347.159275 1348.4012   1349.6467   1350.896275
 1352.1499   1353.408075]","[158.91 158.88 158.86 158.83 158.8  158.77 158.74 158.72 158.69 158.66
 158.63 158.61 158.58 158.55]",0.25336129855300876,6
