Vehicle_ID,ID,time,xloc,yloc,line_integral_values,maneuver
537,537,[1.  1.1 1.2 1.3 1.4 1.5 1.6 1.7 1.8],"[1800.20905  1801.281875 1802.359275 1803.44175  1804.5293   1805.621925
 1806.7201   1807.823825 1808.9326  ]",[162.17 162.19 162.22 162.25 162.27 162.3  162.32 162.35 162.37],0.24765149380840668,6
537,732,[3.8 3.9 4.  4.1 4.2 4.3 4.4 4.5 4.6],"[1800.986975 1802.092725 1803.201575 1804.31455  1805.43115  1806.55135
 1807.675625 1808.80345  1809.9343  ]",[162.22 162.24 162.27 162.29 162.32 162.34 162.36 162.39 162.41],0.15316257954800044,6
