Vehicle_ID,ID,time,xloc,yloc,line_integral_values,maneuver
438,438,[4.1 4.2 4.3 4.4 4.5 4.6 4.7 4.8 4.9 5. ],"[1817.553925 1818.144275 1818.733625 1819.316825 1819.8919   1820.46005
 1821.025075 1821.591825 1822.164625 1822.7493  ]",[162.47 162.47 162.48 162.49 162.5  162.51 162.51 162.52 162.53 162.54],3.774276596947014,6
438,488,[0.  0.1 0.2 0.3 0.4 0.5 0.6],"[1830.344175 1830.93545  1831.49955  1832.0408   1832.563475 1833.07185
 1833.570675]",[162.42 162.41 162.4  162.39 162.38 162.37 162.36],0.0,6
