Vehicle_ID,ID,time,xloc,yloc,line_integral_values,maneuver
94,85,[3.3 3.4 3.5 3.6 3.7 3.8 3.9 4.  4.1 4.2 4.3 4.4 4.5],"[1810.726075 1811.531725 1812.336425 1813.138125 1813.935325 1814.7265
 1815.50955  1816.280825 1817.035675 1817.76995  1818.48005  1819.1619
 1819.810875]","[162.17 162.18 162.19 162.2  162.21 162.22 162.23 162.24 162.25 162.26
 162.26 162.27 162.28]",0.1088079322613485,6
94,94,[1.6 1.7 1.8 1.9 2.  2.1 2.2 2.3 2.4 2.5 2.6],"[1810.678825 1811.5525   1812.44565  1813.3556   1814.279175 1815.2122
 1816.150975 1817.091375 1818.029275 1818.961025 1819.882575]","[162.59 162.59 162.59 162.6  162.6  162.61 162.61 162.61 162.62 162.62
 162.63]",0.039125771633439256,6
94,438,[0.  0.1 0.2 0.3],[1818.144275 1818.733625 1819.316825 1819.8919  ],[162.47 162.48 162.49 162.5 ],3.85386353231103e-61,6
