Vehicle_ID,ID,time,xloc,yloc,line_integral_values,maneuver
2698,2484,[3.7 3.8 3.9 4.  4.1 4.2 4.3 4.4 4.5 4.6 4.7],"[1810.4045   1811.407925 1812.4002   1813.381325 1814.3513   1815.31015
 1816.2579   1817.19455  1818.120625 1819.03615  1819.94115 ]","[162.4  162.42 162.44 162.46 162.48 162.5  162.51 162.53 162.55 162.56
 162.58]",0.05860612197748677,6
2698,2698,[1.1 1.2 1.3 1.4 1.5 1.6 1.7 1.8 1.9 2. ],"[1810.383525 1811.378575 1812.3686   1813.3536   1814.3331   1815.307075
 1816.275525 1817.23845  1818.195825 1819.14715 ]",[162.62 162.64 162.66 162.67 162.69 162.71 162.72 162.74 162.75 162.77],0.028608560028906535,6
