Vehicle_ID,ID,time,xloc,yloc,line_integral_values,maneuver
68,68,[1.8 1.9 2.  2.1 2.2 2.3 2.4 2.5 2.6 2.7 2.8 2.9 3.  3.1 3.2 3.3 3.4 3.5],"[1800.490125 1801.05905  1801.620725 1802.1752   1802.72355  1803.266825
 1803.805075 1804.33885  1804.869175 1805.396575 1805.9216   1806.44475
 1806.966    1807.48535  1808.002775 1808.518275 1809.03185  1809.54295 ]","[162.07 162.09 162.11 162.13 162.14 162.16 162.18 162.2  162.21 162.23
 162.25 162.26 162.28 162.3  162.31 162.33 162.34 162.36]",0.09293083268771378,6
