Vehicle_ID,ID,time,xloc,yloc,line_integral_values,maneuver
94,85,[4.1 4.2 4.3 4.4 4.5 4.6 4.7 4.8 4.9 5. ],"[1800.613425 1801.35545  1802.107175 1802.867025 1803.63345  1804.404925
 1805.18045  1805.96005  1806.7438   1807.53175 ]",[162.01 162.02 162.04 162.05 162.06 162.07 162.08 162.1  162.11 162.12],0.21376486197510264,6
94,94,[2.2 2.3 2.4 2.5 2.6 2.7 2.8 2.9 3.  3.1 3.2 3.3 3.4 3.5 3.6],"[1800.40815  1801.008675 1801.605525 1802.200375 1802.797    1803.400725
 1804.016825 1804.64955  1805.30415  1805.98525  1806.69485  1807.433925
 1808.202875 1809.00155  1809.827775]","[162.57 162.57 162.57 162.57 162.57 162.57 162.57 162.57 162.57 162.57
 162.57 162.58 162.58 162.58 162.58]",0.05036554285752024,6
94,438,[0.],[1809.70465],[162.34],0.0,6
