Vehicle_ID,ID,time,xloc,yloc,line_integral_values,maneuver
942,942,[0.9 1.  1.1 1.2 1.3 1.4 1.5],"[1801.075475 1802.362925 1803.6498   1804.9361   1806.221825 1807.506475
 1808.79005 ]",[162.42 162.44 162.46 162.47 162.49 162.5  162.52],0.015548247290460357,6
