Vehicle_ID,ID,time,xloc,yloc,line_integral_values,maneuver
510,510,"[2.7 2.8 2.9 3.  3.1 3.2 3.3 3.4 3.5 3.6 3.7 3.8 3.9 4.  4.1 4.2 4.3 4.4
 4.5 4.6 4.7 4.8 4.9 5. ]","[1910.064725 1910.994725 1911.9112   1912.81015  1913.689675 1914.5495
 1915.390925 1916.216225 1917.02715  1917.824325 1918.60625  1919.36985
 1920.110975 1920.8255   1921.51035  1922.1641   1922.788475 1923.386225
 1923.960125 1924.513925 1925.05135  1925.5761   1926.0913   1926.599025]","[159.72 159.7  159.68 159.66 159.64 159.62 159.6  159.58 159.56 159.54
 159.52 159.5  159.48 159.46 159.44 159.42 159.4  159.38 159.36 159.34
 159.32 159.3  159.27 159.25]",0.05835757507375219,6
510,522,"[1.  1.1 1.2 1.3 1.4 1.5 1.6 1.7 1.8 1.9 2.  2.1 2.2 2.3 2.4 2.5 2.6 2.7
 2.8 2.9 3.  3.1 3.2 3.3 3.4 3.5 3.6 3.7 3.8 3.9 4.  4.1 4.2 4.3 4.4 4.5
 4.6 4.7 4.8 4.9 5. ]","[1910.428425 1910.91215  1911.4333   1911.991775 1912.587475 1913.22135
 1913.89545  1914.6129   1915.37625  1916.186975 1917.044925 1917.946825
 1918.88735  1919.86065  1920.859825 1921.876975 1922.90425  1923.933325
 1924.955925 1925.9659   1926.95875  1927.931575 1928.8841   1929.8181
 1930.735375 1931.6377   1932.527275 1933.405275 1934.271275 1935.12425
 1935.9616   1936.780225 1937.57915  1938.35845  1939.118725 1939.86005
 1940.581975 1941.28455  1941.968325 1942.63335  1943.27965 ]","[159.36 159.33 159.3  159.27 159.24 159.21 159.18 159.15 159.12 159.09
 159.06 159.03 159.   158.97 158.93 158.9  158.87 158.84 158.81 158.77
 158.74 158.71 158.68 158.64 158.61 158.58 158.55 158.52 158.49 158.46
 158.43 158.41 158.38 158.35 158.32 158.3  158.27 158.25 158.22 158.2
 158.17]",0.029261262924921882,6
510,533,[0.  0.1 0.2 0.3 0.4 0.5 0.6 0.7 0.8 0.9 1.  1.1 1.2],"[1919.157025 1919.48405  1919.8241   1920.17715  1920.544275 1920.9286
 1921.333275 1921.760925 1922.2141   1922.694825 1923.205625 1923.748575
 1924.307875]","[159.37 159.35 159.33 159.32 159.3  159.29 159.28 159.27 159.25 159.24
 159.23 159.23 159.22]",0.0,6
