Vehicle_ID,ID,time,xloc,yloc,line_integral_values,maneuver
788,788,[0.9 1.  1.1 1.2 1.3 1.4 1.5 1.6 1.7],"[1810.024225 1811.159275 1812.2953   1813.431775 1814.5682   1815.704575
 1816.8404   1817.975675 1819.1109  ]",[162.44 162.45 162.45 162.46 162.46 162.46 162.46 162.46 162.46],0.085775498268911,6
788,856,[2.6 2.7 2.8 2.9 3.  3.1 3.2 3.3 3.4],"[1810.386575 1811.576075 1812.76755  1813.961475 1815.15785  1816.356175
 1817.556475 1818.75875  1819.962975]",[162.48 162.49 162.51 162.53 162.54 162.56 162.57 162.58 162.6 ],0.05246336022047407,6
788,899,[4.2 4.3 4.4 4.5 4.6 4.7 4.8 4.9],"[1811.0858   1812.23765  1813.3904   1814.54405  1815.6986   1816.854075
 1818.0105   1819.167875]",[162.18 162.2  162.21 162.22 162.23 162.24 162.25 162.26],0.05263455167819764,6
