Vehicle_ID,ID,time,xloc,yloc,old_xloc,old_yloc,line_integral_values,maneuver
2592,2247,"[0.  0.1 0.2 0.3 0.4 0.5 0.6 0.7 0.8 0.9 1.  1.1 1.2 1.3 1.4 1.5 1.6 1.7
 1.8 1.9 2.  2.1]","[36.565325 37.62375  38.688125 39.758975 40.8358   41.918075 43.0063
 44.09995  45.198525 46.30205  47.4105   48.523875 49.641675 50.7639
 51.89055  53.021125 54.155625 55.293525 56.434325 57.578025 58.7241
 59.871525]","[1.09184615 1.11184615 1.14184615 1.16184615 1.18184615 1.20184615
 1.23184615 1.25184615 1.27184615 1.30184615 1.32184615 1.35184615
 1.37184615 1.40184615 1.43184615 1.45184615 1.48184615 1.51184615
 1.53184615 1.56184615 1.59184615 1.61184615]","[1606.565325 1607.62375  1608.688125 1609.758975 1610.8358   1611.918075
 1613.0063   1614.09995  1615.198525 1616.30205  1617.4105   1618.523875
 1619.641675 1620.7639   1621.89055  1623.021125 1624.155625 1625.293525
 1626.434325 1627.578025 1628.7241   1629.871525]","[158.06 158.08 158.11 158.13 158.15 158.17 158.2  158.22 158.24 158.27
 158.29 158.32 158.34 158.37 158.4  158.42 158.45 158.48 158.5  158.53
 158.56 158.58]",0.0,6
2592,2509,[0.  0.1 0.2 0.3],[56.125175 57.222175 58.3226   59.42695 ],[1.62184615 1.65184615 1.67184615 1.69184615],[1626.125175 1627.222175 1628.3226   1629.42695 ],[158.59 158.62 158.64 158.66],0.0,6
2592,2592,"[3.1 3.2 3.3 3.4 3.5 3.6 3.7 3.8 3.9 4.  4.1 4.2 4.3 4.4 4.5 4.6 4.7 4.8
 4.9 5. ]","[30.190275 31.28465  32.383975 33.48875  34.599    35.714225 36.834425
 37.959625 39.090325 40.226525 41.368225 42.515425 43.66815  44.8269
 45.99115  47.1609   48.33615  49.5169   50.70315  51.894375]","[0.41184615 0.44184615 0.46184615 0.49184615 0.51184615 0.54184615
 0.57184615 0.59184615 0.62184615 0.64184615 0.67184615 0.70184615
 0.73184615 0.75184615 0.78184615 0.81184615 0.83184615 0.86184615
 0.88184615 0.91184615]","[1600.190275 1601.28465  1602.383975 1603.48875  1604.599    1605.714225
 1606.834425 1607.959625 1609.090325 1610.226525 1611.368225 1612.515425
 1613.66815  1614.8269   1615.99115  1617.1609   1618.33615  1619.5169
 1620.70315  1621.894375]","[157.38 157.41 157.43 157.46 157.48 157.51 157.54 157.56 157.59 157.61
 157.64 157.67 157.7  157.72 157.75 157.78 157.8  157.83 157.85 157.88]",0.0,6
