Vehicle_ID,ID,time,xloc,yloc,line_integral_values,maneuver
558,536,[3.5 3.6 3.7 3.8 3.9 4.  4.1 4.2 4.3 4.4 4.5 4.6 4.7 4.8 4.9 5. ],"[1180.48625  1181.3706   1182.24125  1183.098225 1183.942075 1184.772825
 1185.591025 1186.3972   1187.19135  1187.974025 1188.74575  1189.507025
 1190.258375 1190.999825 1191.73135  1192.45345 ]","[161.48 161.49 161.5  161.51 161.51 161.52 161.53 161.53 161.54 161.54
 161.55 161.55 161.55 161.55 161.55 161.55]",0.42054154302378727,6
558,558,"[1.8 1.9 2.  2.1 2.2 2.3 2.4 2.5 2.6 2.7 2.8 2.9 3.  3.1 3.2 3.3 3.4 3.5
 3.6 3.7 3.8 3.9 4.  4.1 4.2 4.3 4.4 4.5 4.6 4.7 4.8 4.9 5. ]","[1180.43105  1181.346775 1182.2586   1183.164975 1184.063875 1184.95325
 1185.831575 1186.69835  1187.5531   1188.394875 1189.2237   1190.039625
 1190.8422   1191.631475 1192.408    1193.1723   1193.92445  1194.665
 1195.394475 1196.113425 1196.8229   1197.52345  1198.2156   1198.900375
 1199.5783   1200.249375 1200.9141   1201.5735   1202.228075 1202.877825
 1203.52275  1204.16335  1204.800125]","[161.33 161.34 161.35 161.35 161.36 161.37 161.37 161.38 161.38 161.38
 161.39 161.39 161.4  161.4  161.41 161.41 161.41 161.42 161.42 161.43
 161.43 161.43 161.44 161.44 161.44 161.44 161.44 161.45 161.45 161.45
 161.44 161.44 161.44]",0.5506947577115054,6
558,586,"[1.6 1.7 1.8 1.9 2.  2.1 2.2 2.3 2.4 2.5 2.6 2.7 2.8 2.9 3.  3.1 3.2 3.3
 3.4 3.5 3.6 3.7 3.8 3.9 4.  4.1 4.2 4.3 4.4 4.5 4.6 4.7 4.8 4.9 5. ]","[1206.04     1206.55905  1207.080825 1207.606325 1208.13605  1208.670525
 1209.210225 1209.754625 1210.3037   1210.8574   1211.4152   1211.977075
 1212.542475 1213.110875 1213.682275 1214.25615  1214.832    1215.409825
 1215.9896   1216.571325 1217.155    1217.740625 1218.328225 1218.918825
 1219.51345  1220.11215  1220.71545  1221.32385  1221.93785  1222.557425
 1223.18205  1223.8117   1224.44535  1225.08195  1225.72145 ]","[161.08 161.08 161.08 161.09 161.09 161.1  161.1  161.11 161.12 161.12
 161.13 161.13 161.14 161.15 161.15 161.16 161.17 161.18 161.18 161.19
 161.2  161.21 161.22 161.22 161.23 161.24 161.25 161.25 161.26 161.27
 161.27 161.28 161.28 161.29 161.29]",0.0,6
558,618,[3.9 4.  4.1 4.2 4.3 4.4 4.5 4.6 4.7 4.8 4.9 5. ],"[1241.1      1241.64715  1242.198625 1242.75545  1243.319125 1243.89015
 1244.469025 1245.056225 1245.652225 1246.257025 1246.8706   1247.4934  ]","[161.14 161.14 161.14 161.13 161.13 161.13 161.13 161.13 161.13 161.13
 161.12 161.12]",0.0,6
