Vehicle_ID,ID,time,xloc,yloc,line_integral_values,maneuver
0,0,"[1.7 1.8 1.9 2.  2.1 2.2 2.3 2.4 2.5 2.6 2.7 2.8 2.9 3.  3.1 3.2 3.3 3.4
 3.5 3.6]","[1337.009425 1337.94655  1338.875125 1339.795175 1340.707225 1341.61125
 1342.50725  1343.39475  1344.27375  1345.14475  1346.00775  1346.86275
 1347.709725 1348.548675 1349.379625 1350.202575 1351.017525 1351.824475
 1352.62345  1353.41445 ]","[159.25 159.23 159.21 159.19 159.18 159.16 159.14 159.12 159.11 159.09
 159.07 159.05 159.04 159.02 159.01 158.99 158.98 158.96 158.95 158.93]",0.9888847191438805,6
0,3,[0.  0.1 0.2 0.3 0.4],[1349.6741   1350.596325 1351.507525 1352.408225 1353.29895 ],[159.01 158.99 158.97 158.95 158.93],0.0,6
0,145,"[3.2 3.3 3.4 3.5 3.6 3.7 3.8 3.9 4.  4.1 4.2 4.3 4.4 4.5 4.6 4.7 4.8 4.9
 5. ]","[1337.76155  1338.55045  1339.330375 1340.10185  1340.865375 1341.62095
 1342.3686   1343.108825 1343.842125 1344.56905  1345.2896   1346.00375
 1346.712525 1347.415925 1348.11395  1348.807625 1349.49745  1350.183425
 1350.86555 ]","[159.19 159.17 159.15 159.13 159.11 159.09 159.07 159.06 159.04 159.02
 159.   158.99 158.97 158.96 158.94 158.93 158.91 158.9  158.88]",3.270044609681262,6
