Vehicle_ID,ID,time,xloc,yloc,line_integral_values,maneuver
2290,1836,"[1.2 1.3 1.4 1.5 1.6 1.7 1.8 1.9 2.  2.1 2.2 2.3 2.4 2.5 2.6 2.7 2.8 2.9
 3.  3.1 3.2 3.3 3.4 3.5 3.6 3.7 3.8 3.9 4.  4.1 4.2 4.3 4.4 4.5 4.6 4.7
 4.8 4.9 5. ]","[1840.439875 1841.3043   1842.164775 1843.021325 1843.87395  1844.722625
 1845.56735  1846.408625 1847.24645  1848.080825 1848.91225  1849.74075
 1850.566325 1851.38895  1852.20915  1853.026925 1853.842275 1854.6557
 1855.467175 1856.2762   1857.082775 1857.8874   1858.690575 1859.4923
 1860.292075 1861.0899   1861.886275 1862.6817   1863.475675 1864.268725
 1865.06135  1865.853025 1866.644275 1867.435625 1868.22705  1869.01855
 1869.81065  1870.603325 1871.396575]","[162.68 162.68 162.67 162.67 162.66 162.66 162.65 162.64 162.64 162.63
 162.62 162.61 162.6  162.59 162.58 162.57 162.56 162.55 162.54 162.53
 162.52 162.51 162.5  162.49 162.47 162.46 162.44 162.43 162.41 162.4
 162.38 162.36 162.35 162.33 162.31 162.29 162.28 162.26 162.25]",1.0513756761662176,6
2290,2170,"[0.  0.1 0.2 0.3 0.4 0.5 0.6 0.7 0.8 0.9 1.  1.1 1.2 1.3 1.4 1.5 1.6 1.7
 1.8 1.9 2.  2.1 2.2 2.3 2.4 2.5 2.6 2.7 2.8 2.9]","[1854.134125 1855.007775 1855.882925 1856.759075 1857.636225 1858.514875
 1859.395025 1860.276175 1861.1583   1862.0414   1862.9255   1863.8106
 1864.6967   1865.583775 1866.471825 1867.360875 1868.250925 1869.14195
 1870.03345  1870.925425 1871.817875 1872.7108   1873.604175 1874.497525
 1875.39085  1876.284125 1877.177375 1878.0706   1878.963775 1879.856925]","[162.64 162.63 162.62 162.61 162.6  162.59 162.57 162.56 162.54 162.53
 162.51 162.49 162.47 162.45 162.43 162.41 162.39 162.37 162.35 162.32
 162.3  162.27 162.25 162.22 162.19 162.17 162.14 162.11 162.08 162.05]",0.0,6
2290,2290,[4.1 4.2 4.3 4.4 4.5 4.6 4.7 4.8 4.9 5. ],"[1840.0872   1841.040275 1841.9919   1842.942575 1843.8923   1844.84105
 1845.788825 1846.735625 1847.681425 1848.626225]",[163.01 163.   163.   162.99 162.99 162.98 162.97 162.96 162.95 162.94],0.5485017138445663,6
