Vehicle_ID,ID,time,xloc,yloc,line_integral_values,maneuver
2017,1062,"[2.  2.1 2.2 2.3 2.4 2.5 2.6 2.7 2.8 2.9 3.  3.1 3.2 3.3 3.4 3.5 3.6 3.7
 3.8 3.9 4.  4.1 4.2 4.3 4.4 4.5 4.6 4.7 4.8 4.9 5. ]","[1840.377475 1841.3667   1842.352875 1843.335525 1844.31465  1845.29075
 1846.26385  1847.23395  1848.20155  1849.167175 1850.13085  1851.092575
 1852.05235  1853.010675 1853.968075 1854.92455  1855.8801   1856.834725
 1857.7884   1858.741625 1859.6944   1860.646225 1861.5971   1862.5475
 1863.497425 1864.4469   1865.396425 1866.3455   1867.294625 1868.2443
 1869.19405 ]","[162.66 162.66 162.66 162.66 162.66 162.65 162.65 162.65 162.64 162.64
 162.63 162.63 162.62 162.61 162.6  162.59 162.58 162.57 162.56 162.54
 162.53 162.52 162.5  162.49 162.47 162.45 162.43 162.41 162.39 162.37
 162.35]",0.7767808843794952,6
2017,1961,[0.  0.1 0.2 0.3 0.4 0.5 0.6 0.7 0.8],"[1871.620325 1872.654025 1873.684225 1874.710925 1875.734125 1876.753325
 1877.769025 1878.78175  1879.791   ]",[162.66 162.64 162.62 162.6  162.58 162.55 162.53 162.5  162.48],0.0,6
2017,1983,"[0.  0.1 0.2 0.3 0.4 0.5 0.6 0.7 0.8 0.9 1.  1.1 1.2 1.3 1.4 1.5 1.6 1.7
 1.8 1.9 2.  2.1 2.2 2.3 2.4 2.5 2.6 2.7]","[1852.06955  1853.116025 1854.158975 1855.198925 1856.23535  1857.26825
 1858.29815  1859.32455  1860.34745  1861.36685  1862.382725 1863.395575
 1864.404925 1865.410775 1866.413625 1867.4135   1868.4104   1869.4043
 1870.3952   1871.3831   1872.368025 1873.349975 1874.32895  1875.30545
 1876.279975 1877.25255  1878.2232   1879.191925]","[162.49 162.49 162.49 162.49 162.5  162.49 162.49 162.49 162.49 162.48
 162.48 162.47 162.46 162.45 162.44 162.43 162.42 162.4  162.39 162.37
 162.36 162.34 162.32 162.3  162.27 162.25 162.23 162.2 ]",0.0,6
2017,2017,[4.  4.1 4.2 4.3 4.4 4.5 4.6 4.7 4.8 4.9 5. ],"[1840.271    1841.2189   1842.1628   1843.102725 1844.038675 1844.970625
 1845.8986   1846.8231   1847.744625 1848.6627   1849.577325]","[162.47 162.47 162.47 162.47 162.47 162.47 162.47 162.47 162.47 162.47
 162.46]",1.2553100661002004,6
