Vehicle_ID,ID,time,xloc,yloc,line_integral_values,maneuver
2290,1008,[2.4 2.5 2.6 2.7 2.8 2.9 3.  3.1 3.2 3.3],"[1800.11555  1801.182425 1802.24675  1803.307525 1804.36475  1805.418425
 1806.468525 1807.51505  1808.557525 1809.59595 ]",[162.35 162.37 162.38 162.4  162.41 162.42 162.44 162.45 162.46 162.47],0.19914349320662506,6
2290,2290,[1.  1.1 1.2 1.3 1.4 1.5 1.6 1.7 1.8 1.9],"[1800.224625 1801.27685  1802.3256   1803.37135  1804.4136   1805.45235
 1806.4876   1807.51885  1808.5466   1809.57135 ]",[162.57 162.59 162.61 162.63 162.65 162.68 162.7  162.72 162.74 162.76],0.10372390642170491,6
