Vehicle_ID,ID,time,xloc,yloc,old_xloc,old_yloc,line_integral_values,maneuver
536,533,[4.3 4.4 4.5 4.6 4.7 4.8 4.9 5. ],"[30.91395  31.927175 32.93235  33.929475 34.918075 35.89815  36.869675
 37.83265 ]","[1.66184615 1.69184615 1.73184615 1.77184615 1.80184615 1.84184615
 1.87184615 1.90184615]","[1600.91395  1601.927175 1602.93235  1603.929475 1604.918075 1605.89815
 1606.869675 1607.83265 ]",[158.63 158.66 158.7  158.74 158.77 158.81 158.84 158.87],0.0,6
536,536,"[3.1 3.2 3.3 3.4 3.5 3.6 3.7 3.8 3.9 4.  4.1 4.2 4.3 4.4 4.5 4.6 4.7 4.8
 4.9 5. ]","[30.34175  31.203575 32.059075 32.90875  33.7531   34.592675 35.427975
 36.259475 37.0877   37.91315  38.7358   39.555625 40.373125 41.1883
 42.001125 42.812075 43.62115  44.42835  45.234175 46.038625]","[1.58184615 1.62184615 1.65184615 1.68184615 1.71184615 1.75184615
 1.78184615 1.81184615 1.84184615 1.87184615 1.90184615 1.93184615
 1.95184615 1.98184615 2.01184615 2.04184615 2.06184615 2.09184615
 2.11184615 2.14184615]","[1600.34175  1601.203575 1602.059075 1602.90875  1603.7531   1604.592675
 1605.427975 1606.259475 1607.0877   1607.91315  1608.7358   1609.555625
 1610.373125 1611.1883   1612.001125 1612.812075 1613.62115  1614.42835
 1615.234175 1616.038625]","[158.55 158.59 158.62 158.65 158.68 158.72 158.75 158.78 158.81 158.84
 158.87 158.9  158.92 158.95 158.98 159.01 159.03 159.06 159.08 159.11]",0.0,6
536,586,[0.7 0.8 0.9],[30.00195  30.695075 31.387675],[1.43184615 1.45184615 1.46184615],[1600.00195  1600.695075 1601.387675],[158.4  158.42 158.43],0.0,6
