Vehicle_ID,ID,time,xloc,yloc,line_integral_values,maneuver
537,537,[1.5 1.6 1.7 1.8 1.9 2.  2.1 2.2 2.3 2.4 2.5 2.6 2.7],"[1815.679675 1816.8173   1817.958375 1819.102875 1820.2503   1821.400175
 1822.5525   1823.70775  1824.865425 1826.02505  1827.187125 1828.35165
 1829.5181  ]","[162.51 162.54 162.56 162.58 162.6  162.62 162.64 162.66 162.68 162.69
 162.71 162.73 162.74]",0.002556864520389836,6
537,540,[0.  0.1 0.2 0.3 0.4 0.5 0.6 0.7 0.8],"[1820.35395  1821.49915  1822.64685  1823.797575 1824.95135  1826.108175
 1827.26855  1828.432975 1829.60095 ]",[162.59 162.6  162.61 162.61 162.62 162.62 162.63 162.63 162.63],4.7332323967565664e-11,6
537,732,[4.2 4.3 4.4 4.5 4.6 4.7 4.8 4.9 5. ],"[1815.615375 1816.7538   1817.8926   1819.031325 1820.169975 1821.30905
 1822.4486   1823.58865  1824.7297  ]",[162.51 162.53 162.55 162.57 162.58 162.59 162.61 162.62 162.63],0.00015375997908605228,6
