Vehicle_ID,ID,time,xloc,yloc,line_integral_values,maneuver
3050,2972,[0.  0.1 0.2 0.3 0.4 0.5 0.6 0.7 0.8 0.9 1.  1.1 1.2 1.3],"[1819.21165  1820.010675 1820.805675 1821.59615  1822.3821   1823.16405
 1823.942525 1824.71755  1825.489125 1826.25775  1827.02395  1827.788225
 1828.550575 1829.311   ]","[162.41 162.42 162.43 162.44 162.45 162.46 162.48 162.49 162.5  162.51
 162.52 162.54 162.55 162.56]",0.004085739879197155,6
3050,3050,"[2.  2.1 2.2 2.3 2.4 2.5 2.6 2.7 2.8 2.9 3.  3.1 3.2 3.3 3.4 3.5 3.6 3.7
 3.8 3.9]","[1815.75445  1816.528925 1817.29935  1818.065725 1818.82805  1819.58685
 1820.342125 1821.093875 1821.84215  1822.58695  1823.328775 1824.06815
 1824.805075 1825.53955  1826.2726   1827.004225 1827.733925 1828.4622
 1829.189    1829.9133  ]","[162.75 162.76 162.78 162.79 162.8  162.81 162.82 162.84 162.85 162.86
 162.87 162.88 162.88 162.89 162.9  162.91 162.91 162.92 162.92 162.92]",0.012160241467094051,6
