Vehicle_ID,ID,time,xloc,yloc,line_integral_values,maneuver
438,94,[3.7 3.8 3.9 4.  4.1 4.2 4.3 4.4 4.5 4.6 4.7 4.8],"[1338.119275 1339.5077   1340.896075 1342.283875 1343.6711   1345.057775
 1346.443375 1347.8284   1349.212875 1350.595775 1351.9771   1353.357375]","[158.81 158.78 158.75 158.73 158.7  158.67 158.64 158.62 158.59 158.56
 158.53 158.51]",0.06653382278326823,6
438,438,[1.4 1.5 1.6 1.7 1.8 1.9 2.  2.1 2.2 2.3 2.4 2.5],"[1337.9952   1339.344425 1340.6926   1342.039225 1343.3843   1344.72785
 1346.069875 1347.410375 1348.74935  1350.0873   1351.42425  1352.7602  ]","[159.3  159.28 159.25 159.22 159.2  159.17 159.15 159.12 159.1  159.07
 159.05 159.02]",0.13464955338927642,6
