Vehicle_ID,ID,time,xloc,yloc,line_integral_values,maneuver
2449,1008,"[0.  0.1 0.2 0.3 0.4 0.5 0.6 0.7 0.8 0.9 1.  1.1 1.2 1.3 1.4 1.5 1.6 1.7
 1.8 1.9 2.  2.1 2.2 2.3 2.4 2.5 2.6]","[1857.276125 1858.1528   1859.0275   1859.900225 1860.771    1861.6398
 1862.506625 1863.371475 1864.234325 1865.0952   1865.9541   1866.811025
 1867.666475 1868.52045  1869.372975 1870.22455  1871.075175 1871.924875
 1872.77415  1873.623475 1874.472875 1875.322375 1876.17195  1877.0221
 1877.872825 1878.724125 1879.5765  ]","[162.42 162.41 162.4  162.39 162.38 162.37 162.36 162.34 162.33 162.32
 162.31 162.3  162.28 162.27 162.26 162.24 162.23 162.21 162.19 162.18
 162.16 162.14 162.12 162.1  162.08 162.05 162.03]",0.0,6
2449,2290,[0.  0.1 0.2 0.3 0.4 0.5 0.6 0.7 0.8 0.9 1. ],"[1870.8425   1871.74975  1872.655    1873.55875  1874.461    1875.36175
 1876.261    1877.15875  1878.055    1878.94975  1879.843525]","[162.59 162.57 162.55 162.53 162.5  162.48 162.46 162.43 162.41 162.38
 162.36]",0.0,6
2449,2390,"[1.1 1.2 1.3 1.4 1.5 1.6 1.7 1.8 1.9 2.  2.1 2.2 2.3 2.4 2.5 2.6 2.7 2.8
 2.9 3.  3.1 3.2 3.3 3.4 3.5 3.6 3.7 3.8 3.9 4.  4.1 4.2 4.3 4.4 4.5 4.6
 4.7 4.8 4.9 5. ]","[1840.73825  1841.688175 1842.63555  1843.5799   1844.521225 1845.4595
 1846.394725 1847.3269   1848.25555  1849.180675 1850.102775 1851.02185
 1851.9379   1852.850975 1853.761575 1854.6702   1855.57635  1856.480025
 1857.381725 1858.28145  1859.179225 1860.075025 1860.96885  1861.8607
 1862.750575 1863.638475 1864.5249   1865.409875 1866.293375 1867.1759
 1868.0575   1868.938175 1869.8179   1870.6972   1871.576575 1872.456
 1873.3355   1874.215075 1875.095225 1875.975975]","[162.8  162.8  162.8  162.8  162.8  162.8  162.8  162.8  162.79 162.79
 162.78 162.78 162.77 162.77 162.76 162.75 162.75 162.74 162.73 162.72
 162.71 162.7  162.69 162.68 162.67 162.65 162.64 162.62 162.6  162.59
 162.57 162.55 162.53 162.51 162.49 162.47 162.45 162.42 162.4  162.38]",0.5565765742840649,6
2449,2449,[3.7 3.8 3.9 4.  4.1 4.2 4.3 4.4 4.5 4.6 4.7 4.8 4.9 5. ],"[1840.080175 1841.09     1842.09275  1843.088925 1844.07855  1845.061625
 1846.03815  1847.007625 1847.97005  1848.925425 1849.87375  1850.815025
 1851.74925  1852.675925]","[162.89 162.89 162.89 162.89 162.89 162.88 162.88 162.88 162.88 162.87
 162.87 162.86 162.86 162.85]",0.6411389912150147,6
