Vehicle_ID,ID,time,xloc,yloc,line_integral_values,maneuver
1008,1008,[4.1 4.2 4.3 4.4 4.5 4.6 4.7 4.8 4.9 5. ],"[1840.116425 1841.048275 1841.976625 1842.901475 1843.823325 1844.741675
 1845.656525 1846.568375 1847.477225 1848.382575]",[162.56 162.56 162.55 162.54 162.54 162.53 162.52 162.52 162.51 162.5 ],1.740997243030403,6
1008,1836,"[0.  0.1 0.2 0.3 0.4 0.5 0.6 0.7 0.8 0.9 1.  1.1 1.2 1.3 1.4 1.5 1.6 1.7
 1.8 1.9 2.  2.1 2.2 2.3 2.4 2.5 2.6 2.7 2.8 2.9 3.  3.1 3.2 3.3 3.4 3.5
 3.6 3.7 3.8 3.9 4.  4.1 4.2 4.3 4.4 4.5 4.6]","[1842.164775 1843.021325 1843.87395  1844.722625 1845.56735  1846.408625
 1847.24645  1848.080825 1848.91225  1849.74075  1850.566325 1851.38895
 1852.20915  1853.026925 1853.842275 1854.6557   1855.467175 1856.2762
 1857.082775 1857.8874   1858.690575 1859.4923   1860.292075 1861.0899
 1861.886275 1862.6817   1863.475675 1864.268725 1865.06135  1865.853025
 1866.644275 1867.435625 1868.22705  1869.01855  1869.81065  1870.603325
 1871.396575 1872.190925 1872.986875 1873.784425 1874.583575 1875.3848
 1876.1876   1876.992    1877.798475 1878.607    1879.417575]","[162.67 162.67 162.66 162.66 162.65 162.64 162.64 162.63 162.62 162.61
 162.6  162.59 162.58 162.57 162.56 162.55 162.54 162.53 162.52 162.51
 162.5  162.49 162.47 162.46 162.44 162.43 162.41 162.4  162.38 162.36
 162.35 162.33 162.31 162.29 162.28 162.26 162.25 162.23 162.21 162.2
 162.18 162.16 162.15 162.13 162.11 162.09 162.07]",0.06861732171478538,6
1008,2170,[0.  0.1 0.2 0.3 0.4 0.5 0.6 0.7 0.8 0.9 1.  1.1 1.2 1.3 1.4 1.5],"[1866.471825 1867.360875 1868.250925 1869.14195  1870.03345  1870.925425
 1871.817875 1872.7108   1873.604175 1874.497525 1875.39085  1876.284125
 1877.177375 1878.0706   1878.963775 1879.856925]","[162.43 162.41 162.39 162.37 162.35 162.32 162.3  162.27 162.25 162.22
 162.19 162.17 162.14 162.11 162.08 162.05]",0.0,6
1008,2290,"[2.7 2.8 2.9 3.  3.1 3.2 3.3 3.4 3.5 3.6 3.7 3.8 3.9 4.  4.1 4.2 4.3 4.4
 4.5 4.6 4.7 4.8 4.9 5. ]","[1840.0872   1841.040275 1841.9919   1842.942575 1843.8923   1844.84105
 1845.788825 1846.735625 1847.681425 1848.626225 1849.569525 1850.511325
 1851.451625 1852.390425 1853.327725 1854.263    1855.19675  1856.129
 1857.05975  1857.989    1858.91675  1859.843    1860.76775  1861.691   ]","[163.01 163.   163.   162.99 162.99 162.98 162.97 162.96 162.95 162.94
 162.94 162.93 162.92 162.91 162.9  162.88 162.87 162.86 162.85 162.84
 162.82 162.81 162.79 162.78]",0.565715575391505,6
