Vehicle_ID,ID,time,xloc,yloc,line_integral_values,maneuver
540,537,[5.],[1337.68685],[159.18],0.0,6
540,540,"[2.  2.1 2.2 2.3 2.4 2.5 2.6 2.7 2.8 2.9 3.  3.1 3.2 3.3 3.4 3.5 3.6 3.7
 3.8 3.9 4.  4.1]","[1337.346925 1338.147    1338.94215  1339.732425 1340.517825 1341.298825
 1342.07595  1342.8497   1343.620575 1344.3886   1345.15375  1345.916025
 1346.675925 1347.4334   1348.18795  1348.939575 1349.68825  1350.43395
 1351.176175 1351.914925 1352.6507   1353.3835  ]","[159.14 159.13 159.11 159.09 159.08 159.06 159.05 159.03 159.01 159.
 158.98 158.96 158.94 158.93 158.91 158.89 158.88 158.86 158.84 158.82
 158.81 158.79]",0.545217737936059,6
