Vehicle_ID,ID,time,xloc,yloc,line_integral_values,maneuver
2017,1983,"[0.  0.1 0.2 0.3 0.4 0.5 0.6 0.7 0.8 0.9 1.  1.1 1.2 1.3 1.4 1.5 1.6 1.7
 1.8 1.9 2.  2.1 2.2 2.3 2.4]","[1338.058625 1338.717375 1339.37415  1340.02895  1340.681775 1341.332625
 1341.981475 1342.62835  1343.27325  1343.916675 1344.559175 1345.200775
 1345.842475 1346.4853   1347.1293   1347.7755   1348.4249   1349.07805
 1349.736475 1350.400675 1351.07065  1351.74635  1352.42775  1353.114825
 1353.80755 ]","[159.13 159.11 159.09 159.08 159.06 159.05 159.03 159.02 159.   158.99
 158.97 158.96 158.94 158.93 158.91 158.9  158.88 158.87 158.85 158.83
 158.82 158.8  158.78 158.76 158.74]",1.9988415465204472,6
2017,2017,"[2.7 2.8 2.9 3.  3.1 3.2 3.3 3.4 3.5 3.6 3.7 3.8 3.9 4.  4.1 4.2 4.3 4.4
 4.5 4.6 4.7 4.8 4.9 5. ]","[1337.35285  1338.02855  1338.705225 1339.381825 1340.057275 1340.730025
 1341.39905  1342.0633   1342.72225  1343.3749   1344.02075  1344.659825
 1345.292175 1345.918875 1346.541    1347.159125 1347.7743   1348.38755
 1348.998925 1349.608925 1350.2175   1350.8236   1351.426675 1352.0262  ]","[159.6  159.59 159.58 159.57 159.56 159.54 159.53 159.52 159.51 159.5
 159.48 159.47 159.46 159.44 159.43 159.42 159.4  159.39 159.37 159.36
 159.34 159.33 159.31 159.3 ]",1.1129325567853199,6
2017,2040,[4.5 4.6 4.7 4.8 4.9 5. ],[1337.2154   1337.83755  1338.459275 1339.0795   1339.697675 1340.312775],[159.58 159.56 159.55 159.53 159.52 159.5 ],1.5059481216754298,6
