Vehicle_ID,ID,time,xloc,yloc,line_integral_values,maneuver
1836,1836,[4.1 4.2 4.3 4.4 4.5 4.6 4.7 4.8 4.9 5. ],"[1840.439875 1841.3043   1842.164775 1843.021325 1843.87395  1844.722625
 1845.56735  1846.408625 1847.24645  1848.080825]",[162.68 162.68 162.67 162.67 162.66 162.66 162.65 162.64 162.64 162.63],0.5274441064922097,6
1836,2090,[0.  0.1 0.2 0.3 0.4 0.5 0.6 0.7 0.8 0.9 1.  1.1 1.2 1.3 1.4 1.5],"[1866.393475 1867.231725 1868.075075 1868.924025 1869.77855  1870.63815
 1871.503325 1872.374075 1873.2504   1874.1328   1875.021275 1875.9158
 1876.8164   1877.723075 1878.6363   1879.556075]","[162.24 162.23 162.22 162.21 162.2  162.19 162.18 162.17 162.15 162.14
 162.12 162.1  162.08 162.06 162.04 162.02]",0.0,6
1836,2170,"[1.3 1.4 1.5 1.6 1.7 1.8 1.9 2.  2.1 2.2 2.3 2.4 2.5 2.6 2.7 2.8 2.9 3.
 3.1 3.2 3.3 3.4 3.5 3.6 3.7 3.8 3.9 4.  4.1 4.2 4.3 4.4 4.5 4.6 4.7 4.8
 4.9 5. ]","[1840.365125 1841.215625 1842.0672   1842.919825 1843.7735   1844.628225
 1845.4845   1846.342325 1847.2017   1848.062625 1848.9251   1849.789125
 1850.654675 1851.52225  1852.39135  1853.261975 1854.134125 1855.007775
 1855.882925 1856.759075 1857.636225 1858.514875 1859.395025 1860.276175
 1861.1583   1862.0414   1862.9255   1863.8106   1864.6967   1865.583775
 1866.471825 1867.360875 1868.250925 1869.14195  1870.03345  1870.925425
 1871.817875 1872.7108  ]","[162.69 162.7  162.7  162.7  162.7  162.7  162.7  162.69 162.69 162.69
 162.68 162.68 162.67 162.67 162.66 162.65 162.64 162.63 162.62 162.61
 162.6  162.59 162.57 162.56 162.54 162.53 162.51 162.49 162.47 162.45
 162.43 162.41 162.39 162.37 162.35 162.32 162.3  162.27]",1.4054568733270503,6
