Vehicle_ID,ID,time,xloc,yloc,line_integral_values,maneuver
77,77,"[1.9 2.  2.1 2.2 2.3 2.4 2.5 2.6 2.7 2.8 2.9 3.  3.1 3.2 3.3 3.4 3.5 3.6
 3.7 3.8 3.9]","[1800.1875   1800.71075  1801.2263   1801.73365  1802.232825 1802.724375
 1803.20885  1803.6863   1804.15725  1804.6222   1805.081675 1805.536725
 1805.9879   1806.436275 1806.8834   1807.330275 1807.7774   1808.22475
 1808.672275 1809.11945  1809.56575 ]","[162.39 162.39 162.4  162.41 162.42 162.42 162.43 162.44 162.44 162.45
 162.45 162.46 162.47 162.47 162.48 162.49 162.49 162.5  162.51 162.51
 162.52]",0.03583264465419691,6
77,83,[0.],[1809.724025],[162.03],0.0,6
