Vehicle_ID,ID,time,xloc,yloc,line_integral_values,maneuver
510,510,"[2.6 2.7 2.8 2.9 3.  3.1 3.2 3.3 3.4 3.5 3.6 3.7 3.8 3.9 4.  4.1 4.2 4.3
 4.4]","[1800.208625 1800.658775 1801.1214   1801.59645  1802.08335  1802.5815
 1803.09085  1803.610875 1804.1405   1804.679175 1805.226875 1805.7836
 1806.349925 1806.926875 1807.515475 1808.1157   1808.72595  1809.344125
 1809.9681  ]","[161.98 161.99 161.99 162.   162.   162.01 162.01 162.01 162.02 162.02
 162.02 162.03 162.03 162.04 162.05 162.05 162.06 162.06 162.07]",0.09223512595541167,6
510,522,[0.  0.1 0.2 0.3 0.4 0.5 0.6 0.7 0.8 0.9 1.  1.1 1.2],"[1804.259375 1804.755375 1805.238875 1805.709925 1806.169125 1806.618125
 1807.06015  1807.499425 1807.939625 1808.38335  1808.831625 1809.2849
 1809.742575]","[162.59 162.59 162.6  162.6  162.6  162.6  162.6  162.6  162.6  162.6
 162.6  162.59 162.59]",0.051982153668975885,6
