Vehicle_ID,ID,time,xloc,yloc,line_integral_values,maneuver
522,522,[4.5 4.6 4.7 4.8 4.9 5. ],[1910.428425 1910.91215  1911.4333   1911.991775 1912.587475 1913.22135 ],[159.36 159.33 159.3  159.27 159.24 159.21],0.0035455739701398155,6
522,533,"[1.  1.1 1.2 1.3 1.4 1.5 1.6 1.7 1.8 1.9 2.  2.1 2.2 2.3 2.4 2.5 2.6 2.7
 2.8 2.9 3.  3.1 3.2 3.3 3.4 3.5 3.6 3.7 3.8 3.9 4.  4.1 4.2 4.3 4.4 4.5
 4.6 4.7]","[1910.618375 1911.23585  1911.82885  1912.392725 1912.924425 1913.42145
 1913.88185  1914.305725 1914.694275 1915.0492   1915.37215  1915.66585
 1915.93405  1916.181    1916.410925 1916.62855  1916.839625 1917.0504
 1917.266575 1917.49275  1917.73245  1917.98715  1918.2573   1918.5428
 1918.843075 1919.157025 1919.48405  1919.8241   1920.17715  1920.544275
 1920.9286   1921.333275 1921.760925 1922.2141   1922.694825 1923.205625
 1923.748575 1924.307875]","[159.91 159.89 159.87 159.85 159.82 159.8  159.78 159.75 159.73 159.71
 159.68 159.66 159.64 159.61 159.59 159.57 159.54 159.52 159.5  159.48
 159.46 159.44 159.42 159.4  159.39 159.37 159.35 159.33 159.32 159.3
 159.29 159.28 159.27 159.25 159.24 159.23 159.23 159.22]",0.011140801215133602,6
