Vehicle_ID,ID,time,xloc,yloc,line_integral_values,maneuver
2449,2150,[3.4 3.5 3.6 3.7 3.8 3.9 4.  4.1 4.2 4.3 4.4 4.5 4.6 4.7 4.8],"[1817.8278   1818.9606   1820.0909   1821.2187   1822.344    1823.4668
 1824.5876   1825.705875 1826.821125 1827.93335  1829.042025 1830.146625
 1831.246625 1832.3415   1833.43125 ]","[162.46 162.47 162.48 162.49 162.49 162.5  162.5  162.51 162.51 162.52
 162.52 162.52 162.52 162.52 162.52]",0.19835201326289326,6
2449,2390,[0.  0.1 0.2 0.3],[1830.13915 1831.1132  1832.08525 1833.0553 ],[162.75 162.75 162.76 162.77],0.0,6
2449,2449,[1.6 1.7 1.8 1.9 2.  2.1 2.2 2.3 2.4 2.5 2.6 2.7 2.8 2.9 3.  3.1],"[1817.63565  1818.744825 1819.850975 1820.9541   1822.0542   1823.150775
 1824.2438   1825.333275 1826.4187   1827.500075 1828.5774   1829.65015
 1830.717825 1831.780425 1832.83795  1833.8904  ]","[162.81 162.82 162.83 162.83 162.84 162.85 162.85 162.86 162.87 162.87
 162.87 162.88 162.88 162.88 162.89 162.89]",0.23968722878470045,6
