Vehicle_ID,ID,time,xloc,yloc,line_integral_values,maneuver
488,488,[1.6 1.7 1.8 1.9 2.  2.1 2.2 2.3 2.4 2.5 2.6 2.7 2.8 2.9],"[1800.037    1800.71585  1801.40245  1802.099925 1802.810375 1803.533225
 1804.26575  1805.004725 1805.74645  1806.486725 1807.22345  1807.956175
 1808.685525 1809.41415 ]","[162.48 162.49 162.5  162.51 162.51 162.52 162.53 162.53 162.54 162.54
 162.55 162.55 162.55 162.55]",0.0707607134488484,6
