Vehicle_ID,ID,time,xloc,yloc,line_integral_values,maneuver
61,3,[4.4 4.5 4.6 4.7 4.8 4.9 5. ],"[1337.76035  1338.813175 1339.854925 1340.8861   1341.9067   1342.916225
 1343.9147  ]",[159.22 159.2  159.19 159.17 159.15 159.13 159.11],0.2200974663994449,6
61,57,[0.  0.1 0.2 0.3 0.4 0.5 0.6 0.7 0.8 0.9 1.  1.1],"[1341.6308   1342.732125 1343.826425 1344.9137   1345.993925 1347.0666
 1348.1312   1349.187725 1350.236175 1351.276025 1352.306775 1353.32895 ]","[159.08 159.05 159.03 159.01 158.99 158.97 158.94 158.92 158.9  158.88
 158.86 158.84]",0.016347194055873815,6
61,61,[1.5 1.6 1.7 1.8 1.9 2.  2.1 2.2 2.3 2.4 2.5 2.6 2.7 2.8 2.9 3. ],"[1337.450275 1338.609075 1339.75725  1340.8948   1342.02175  1343.1376
 1344.24235  1345.336    1346.41805  1347.4885   1348.54735  1349.5941
 1350.629275 1351.652875 1352.6644   1353.66385 ]","[158.69 158.66 158.64 158.62 158.6  158.58 158.56 158.54 158.52 158.5
 158.48 158.46 158.45 158.43 158.41 158.4 ]",0.16557704167898665,6
