Vehicle_ID,ID,time,xloc,yloc,line_integral_values,maneuver
788,732,"[0.  0.1 0.2 0.3 0.4 0.5 0.6 0.7 0.8 0.9 1.  1.1 1.2 1.3 1.4 1.5 1.6 1.7
 1.8 1.9 2.  2.1 2.2 2.3 2.4 2.5 2.6 2.7 2.8]","[1847.8166   1848.9674   1850.116125 1851.2633   1852.408925 1853.553
 1854.696025 1855.837525 1856.9775   1858.11645  1859.2544   1860.39085
 1861.5258   1862.65975  1863.7927   1864.924125 1866.054025 1867.182925
 1868.310825 1869.437725 1870.563625 1871.68855  1872.8125   1873.93545
 1875.0574   1876.178375 1877.298375 1878.417875 1879.5369  ]","[162.68 162.67 162.66 162.65 162.64 162.63 162.61 162.6  162.59 162.57
 162.56 162.54 162.53 162.51 162.49 162.47 162.45 162.43 162.41 162.39
 162.36 162.34 162.31 162.28 162.26 162.23 162.2  162.17 162.13]",0.0,6
788,788,[3.6 3.7 3.8 3.9 4.  4.1 4.2 4.3 4.4 4.5 4.6 4.7 4.8 4.9 5. ],"[1840.82295  1841.970125 1843.116725 1844.26225  1845.406725 1846.55065
 1847.69405  1848.83695  1849.97935  1851.12125  1852.26315  1853.405575
 1854.548525 1855.6915   1856.835   ]","[162.35 162.34 162.33 162.32 162.31 162.29 162.28 162.27 162.26 162.24
 162.23 162.21 162.2  162.19 162.17]",0.18877379949508855,6
