Vehicle_ID,ID,time,xloc,yloc,line_integral_values,maneuver
2290,1008,[2.5 2.6 2.7 2.8 2.9 3.  3.1 3.2 3.3 3.4],"[1810.630325 1811.66065  1812.68695  1813.70975  1814.72905  1815.74485
 1816.75765  1817.767475 1818.774325 1819.778175]",[162.49 162.5  162.51 162.52 162.53 162.54 162.55 162.55 162.56 162.57],0.053477300583759116,6
2290,2290,[1.1 1.2 1.3 1.4 1.5 1.6 1.7 1.8 1.9 2. ],"[1810.5926   1811.61035  1812.625125 1813.636925 1814.64575  1815.6516
 1816.654475 1817.6544   1818.65185  1819.647325]",[162.78 162.8  162.81 162.83 162.84 162.86 162.87 162.89 162.9  162.91],0.015594601058280593,6
