Vehicle_ID,ID,time,xloc,yloc,line_integral_values,maneuver
2090,2090,"[1.8 1.9 2.  2.1 2.2 2.3 2.4 2.5 2.6 2.7 2.8 2.9 3.  3.1 3.2 3.3 3.4 3.5
 3.6]","[1817.838175 1818.7777   1819.710275 1820.6359   1821.554575 1822.4663
 1823.371575 1824.2704   1825.1628   1826.049275 1826.9293   1827.802875
 1828.6705   1829.532175 1830.3884   1831.239175 1832.084    1832.923375
 1833.7573  ]","[162.11 162.12 162.12 162.13 162.14 162.15 162.16 162.17 162.18 162.19
 162.2  162.21 162.22 162.23 162.23 162.24 162.25 162.25 162.26]",0.4725504686299858,6
2090,2104,[0.  0.1 0.2 0.3 0.4 0.5 0.6 0.7 0.8 0.9 1.  1.1 1.2 1.3 1.4 1.5],"[1818.754775 1819.7682   1820.775575 1821.776925 1822.77225  1823.761525
 1824.744775 1825.722    1826.693175 1827.658325 1828.61745  1829.57055
 1830.51765  1831.458725 1832.393275 1833.321325]","[162.38 162.39 162.41 162.42 162.44 162.45 162.47 162.48 162.5  162.51
 162.53 162.55 162.56 162.58 162.59 162.6 ]",0.02557615685349492,6
2090,2735,[3.8 3.9 4.  4.1 4.2 4.3 4.4 4.5 4.6 4.7 4.8 4.9 5. ],"[1817.68735  1818.71095  1819.73725  1820.76675  1821.79945  1822.83585
 1823.87645  1824.921225 1825.970675 1827.025325 1828.08515  1829.150125
 1830.22075 ]","[161.65 161.61 161.56 161.52 161.47 161.41 161.36 161.3  161.24 161.18
 161.12 161.05 160.99]",0.20418496695635796,6
