Vehicle_ID,ID,time,xloc,yloc,line_integral_values,maneuver
510,488,[3.3 3.4 3.5 3.6 3.7 3.8 3.9 4.  4.1 4.2 4.3 4.4],"[1337.607975 1338.97695  1340.346375 1341.71575  1343.085075 1344.45435
 1345.823575 1347.192275 1348.56045  1349.928575 1351.29615  1352.663175]","[159.07 159.03 159.   158.97 158.94 158.91 158.88 158.85 158.81 158.78
 158.75 158.72]",0.20663243380391652,6
510,510,[1.5 1.6 1.7 1.8 1.9 2.  2.1 2.2 2.3 2.4 2.5 2.6],"[1338.205175 1339.523575 1340.844475 1342.168375 1343.495275 1344.82465
 1346.1565   1347.49085  1348.827175 1350.16545  1351.505675 1352.84785 ]","[158.76 158.74 158.72 158.7  158.68 158.66 158.64 158.62 158.6  158.58
 158.56 158.54]",0.05467198436782802,6
510,522,[0.  0.1 0.2 0.3 0.4 0.5 0.6 0.7 0.8 0.9],"[1341.5973   1342.9066   1344.218875 1345.534125 1346.85235  1348.17355
 1349.497725 1350.824875 1352.155025 1353.48815 ]",[159.55 159.52 159.49 159.47 159.44 159.41 159.38 159.35 159.32 159.3 ],5.461547785352542e-06,6
