Vehicle_ID,ID,time,xloc,yloc,line_integral_values,maneuver
94,85,[4.1 4.2 4.3 4.4 4.5 4.6 4.7 4.8 4.9 5. ],"[1817.035675 1817.76995  1818.48005  1819.1619   1819.810875 1820.423425
 1820.9976   1821.531975 1822.0267   1822.48405 ]",[162.25 162.26 162.26 162.27 162.28 162.28 162.29 162.29 162.3  162.3 ],9.708987984746848,6
94,94,"[2.3 2.4 2.5 2.6 2.7 2.8 2.9 3.  3.1 3.2 3.3 3.4 3.5 3.6 3.7 3.8 3.9 4.
 4.1 4.2 4.3 4.4]","[1817.091375 1818.029275 1818.961025 1819.882575 1820.7909   1821.684
 1822.56095  1823.421375 1824.265925 1825.0963   1825.913675 1826.719175
 1827.513375 1828.296825 1829.070075 1829.8321   1830.5803   1831.3115
 1832.021525 1832.70675  1833.3646   1833.991975]","[162.61 162.62 162.62 162.63 162.63 162.64 162.65 162.65 162.66 162.67
 162.67 162.68 162.69 162.69 162.7  162.7  162.71 162.71 162.72 162.72
 162.73 162.73]",1.970928186177539,6
94,438,"[0.  0.1 0.2 0.3 0.4 0.5 0.6 0.7 0.8 0.9 1.  1.1 1.2 1.3 1.4 1.5 1.6 1.7
 1.8 1.9 2.  2.1 2.2]","[1818.144275 1818.733625 1819.316825 1819.8919   1820.46005  1821.025075
 1821.591825 1822.164625 1822.7493   1823.351625 1823.9763   1824.626425
 1825.303475 1826.008925 1826.742675 1827.50355  1828.28935  1829.0979
 1829.927575 1830.7757   1831.639075 1832.514025 1833.39635 ]","[162.47 162.48 162.49 162.5  162.51 162.51 162.52 162.53 162.54 162.55
 162.56 162.57 162.58 162.59 162.59 162.6  162.61 162.62 162.63 162.64
 162.64 162.65 162.65]",0.3552755788520486,6
