Vehicle_ID,ID,time,xloc,yloc,line_integral_values,maneuver
2247,2150,"[0.  0.1 0.2 0.3 0.4 0.5 0.6 0.7 0.8 0.9 1.  1.1 1.2 1.3 1.4 1.5 1.6 1.7
 1.8 1.9 2. ]","[1608.314425 1609.307825 1610.30815  1611.3149   1612.32755  1613.346125
 1614.370625 1615.40105  1616.4369   1617.478175 1618.5249   1619.57705
 1620.634625 1621.697175 1622.7652   1623.838675 1624.9176   1626.002
 1627.09135  1628.185125 1629.28335 ]","[157.68 157.72 157.75 157.78 157.81 157.85 157.88 157.92 157.95 157.99
 158.02 158.06 158.09 158.12 158.16 158.19 158.22 158.26 158.29 158.32
 158.35]",0.0,6
2247,2247,[3.4 3.5 3.6 3.7 3.8 3.9 4.  4.1 4.2 4.3 4.4 4.5 4.6 4.7 4.8 4.9],"[1600.3539   1601.3719   1602.3969   1603.4289   1604.4679   1605.513375
 1606.565325 1607.62375  1608.688125 1609.758975 1610.8358   1611.918075
 1613.0063   1614.09995  1615.198525 1616.30205 ]","[157.93 157.95 157.97 158.   158.02 158.04 158.06 158.08 158.11 158.13
 158.15 158.17 158.2  158.22 158.24 158.27]",0.0,6
2247,2449,[0.  0.1 0.2],[1627.109775 1628.1773   1629.24975 ],[158.31 158.33 158.35],0.0,6
2247,2509,"[1.5 1.6 1.7 1.8 1.9 2.  2.1 2.2 2.3 2.4 2.5 2.6 2.7 2.8 2.9 3.  3.1 3.2
 3.3 3.4 3.5 3.6 3.7 3.8 3.9 4.  4.1 4.2 4.3]","[1600.402425 1601.349675 1602.304425 1603.267175 1604.23745  1605.21525
 1606.20105  1607.194325 1608.194575 1609.201825 1610.21605  1611.237225
 1612.26535  1613.299925 1614.34045  1615.3869   1616.439275 1617.497075
 1618.559775 1619.627375 1620.699375 1621.7758   1622.85665  1623.9419
 1625.031575 1626.125175 1627.222175 1628.3226   1629.42695 ]","[158.17 158.19 158.2  158.21 158.22 158.24 158.25 158.26 158.28 158.29
 158.31 158.32 158.34 158.36 158.38 158.39 158.41 158.43 158.45 158.47
 158.49 158.51 158.53 158.55 158.57 158.59 158.62 158.64 158.66]",0.0,6
