Vehicle_ID,ID,time,xloc,yloc,line_integral_values,maneuver
0,0,[1.9 2.  2.1 2.2 2.3 2.4 2.5 2.6 2.7 2.8 2.9 3.  3.1 3.2 3.3 3.4 3.5 3.6],"[1817.36595  1818.29775  1819.23105  1820.165325 1821.10055  1822.03675
 1822.973925 1823.91205  1824.85065  1825.789725 1826.72925  1827.669225
 1828.609675 1829.5501   1830.490975 1831.4323   1832.3736   1833.3149  ]","[162.68 162.69 162.71 162.72 162.73 162.74 162.75 162.76 162.77 162.78
 162.79 162.8  162.81 162.82 162.83 162.84 162.84 162.85]",0.7530923519049094,6
0,3,[0.  0.1 0.2 0.3 0.4 0.5 0.6 0.7 0.8 0.9],"[1825.51485  1826.4157   1827.316025 1828.215825 1829.115125 1830.013925
 1830.912225 1831.81     1832.70725  1833.604025]",[162.57 162.58 162.59 162.6  162.61 162.61 162.62 162.63 162.64 162.64],0.0,6
