Vehicle_ID,ID,time,xloc,yloc,line_integral_values,maneuver
2636,2636,[1.4 1.5 1.6 1.7 1.8 1.9 2.  2.1 2.2 2.3 2.4 2.5 2.6 2.7],"[1815.488675 1816.575475 1817.658775 1818.738575 1819.815375 1820.888675
 1821.958475 1823.02475  1824.086475 1825.14365  1826.19575  1827.241725
 1828.28105  1829.3132  ]","[162.27 162.27 162.28 162.29 162.29 162.3  162.31 162.32 162.32 162.33
 162.34 162.35 162.35 162.36]",0.03080270874799787,6
