Vehicle_ID,ID,time,xloc,yloc,line_integral_values,maneuver
2015,899,"[0.  0.1 0.2 0.3 0.4 0.5 0.6 0.7 0.8 0.9 1.  1.1 1.2 1.3 1.4 1.5 1.6 1.7
 1.8 1.9 2.  2.1 2.2 2.3 2.4]","[2109.0162   2109.6863   2110.3554   2111.0235   2111.6906   2112.3572
 2113.0233   2113.6884   2114.353    2115.0171   2115.6802   2116.342825
 2117.004975 2117.666125 2118.326775 2118.986925 2119.646575 2120.30575
 2120.96445  2121.623175 2122.281925 2122.9407   2123.599525 2124.2584
 2124.917825]","[143.41 143.35 143.29 143.24 143.18 143.12 143.07 143.01 142.95 142.9
 142.85 142.79 142.74 142.69 142.63 142.58 142.53 142.48 142.42 142.37
 142.32 142.27 142.22 142.17 142.11]",1.6097282253481874e-13,6
2015,2015,"[2.2 2.3 2.4 2.5 2.6 2.7 2.8 2.9 3.  3.1 3.2 3.3 3.4 3.5 3.6 3.7 3.8 3.9
 4.  4.1 4.2]","[2108.4905   2109.291675 2110.0918   2110.890375 2111.687425 2112.48345
 2113.27795  2114.07095  2114.86295  2115.65395  2116.44395  2117.23295
 2118.02095  2118.80795  2119.59395  2120.37895  2121.162925 2121.945375
 2122.726325 2123.50575  2124.28365 ]","[143.95 143.89 143.82 143.76 143.7  143.63 143.56 143.5  143.43 143.37
 143.3  143.23 143.17 143.1  143.03 142.97 142.9  142.84 142.77 142.7
 142.64]",8.464786648788022e-12,6
