Vehicle_ID,ID,time,xloc,yloc,line_integral_values,maneuver
533,533,[3.2 3.3 3.4 3.5 3.6 3.7 3.8 3.9 4.  4.1 4.2 4.3 4.4 4.5 4.6 4.7 4.8 4.9],"[1800.23     1800.707775 1801.197625 1801.7006   1802.21725  1802.7486
 1803.294625 1803.85425  1804.4264   1805.009975 1805.602875 1806.203025
 1806.809375 1807.420875 1808.035475 1808.651625 1809.2683   1809.884525]","[162.98 162.98 162.98 162.97 162.97 162.97 162.96 162.96 162.95 162.94
 162.94 162.93 162.92 162.91 162.9  162.89 162.88 162.87]",0.010843661779287072,6
533,536,"[0.  0.1 0.2 0.3 0.4 0.5 0.6 0.7 0.8 0.9 1.  1.1 1.2 1.3 1.4 1.5 1.6 1.7
 1.8 1.9 2.  2.1]","[1804.332225 1804.591125 1804.8402   1805.0811   1805.316475 1805.549525
 1805.783425 1806.02075  1806.26305  1806.510825 1806.764025 1807.022575
 1807.2864   1807.55445  1807.825625 1808.09935  1808.3746   1808.6503
 1808.925375 1809.1993   1809.47105  1809.7401  ]","[162.95 162.95 162.94 162.94 162.94 162.94 162.93 162.93 162.93 162.93
 162.92 162.92 162.92 162.91 162.91 162.91 162.9  162.9  162.89 162.89
 162.88 162.88]",0.00963413906166401,6
