Vehicle_ID,ID,time,xloc,yloc,line_integral_values,maneuver
2170,2090,"[0.  0.1 0.2 0.3 0.4 0.5 0.6 0.7 0.8 0.9 1.  1.1 1.2 1.3 1.4 1.5 1.6 1.7
 1.8 1.9 2.  2.1 2.2 2.3 2.4 2.5 2.6 2.7 2.8 2.9]","[1337.893275 1338.42125  1338.9474   1339.47015  1339.989025 1340.503575
 1341.014875 1341.525075 1342.036825 1342.552225 1343.07235  1343.597725
 1344.12885  1344.665675 1345.2066   1345.75055  1346.297475 1346.84635
 1347.39615  1347.94685  1348.497925 1349.0494   1349.602325 1350.15725
 1350.714725 1351.275775 1351.84095  1352.4113   1352.98785  1353.570075]","[159.2  159.19 159.18 159.17 159.16 159.15 159.14 159.13 159.12 159.11
 159.11 159.1  159.09 159.08 159.07 159.06 159.06 159.05 159.04 159.03
 159.03 159.02 159.01 159.   159.   158.99 158.98 158.97 158.96 158.95]",2.270142068168032,6
2170,2104,[0.],[1353.5362],[158.99],0.0,6
2170,2170,[4.1 4.2 4.3 4.4 4.5 4.6 4.7 4.8 4.9 5. ],"[1337.030275 1337.449075 1337.86625  1338.2818   1338.696275 1339.11075
 1339.52735  1339.9482   1340.375375 1340.810425]",[159.   158.99 158.98 158.98 158.97 158.96 158.95 158.94 158.93 158.92],0.9608580410643396,6
