Vehicle_ID,ID,time,xloc,yloc,old_xloc,old_yloc,line_integral_values,maneuver
536,533,[83.4 83.5 83.6 83.7 83.8 83.9 84. ],"[1600.91395  1601.927175 1602.93235  1603.929475 1604.918075 1605.89815
 1606.869675]",[158.63 158.66 158.7  158.74 158.77 158.81 158.84],"[1600.91395  1601.927175 1602.93235  1603.929475 1604.918075 1605.89815
 1606.869675]",[158.63 158.66 158.7  158.74 158.77 158.81 158.84],0.0,6
536,536,"[82.2 82.3 82.4 82.5 82.6 82.7 82.8 82.9 83.  83.1 83.2 83.3 83.4 83.5
 83.6 83.7 83.8 83.9 84. ]","[1600.34175  1601.203575 1602.059075 1602.90875  1603.7531   1604.592675
 1605.427975 1606.259475 1607.0877   1607.91315  1608.7358   1609.555625
 1610.373125 1611.1883   1612.001125 1612.812075 1613.62115  1614.42835
 1615.234175]","[158.55 158.59 158.62 158.65 158.68 158.72 158.75 158.78 158.81 158.84
 158.87 158.9  158.92 158.95 158.98 159.01 159.03 159.06 159.08]","[1600.34175  1601.203575 1602.059075 1602.90875  1603.7531   1604.592675
 1605.427975 1606.259475 1607.0877   1607.91315  1608.7358   1609.555625
 1610.373125 1611.1883   1612.001125 1612.812075 1613.62115  1614.42835
 1615.234175]","[158.55 158.59 158.62 158.65 158.68 158.72 158.75 158.78 158.81 158.84
 158.87 158.9  158.92 158.95 158.98 159.01 159.03 159.06 159.08]",0.0,6
536,586,[79.8 79.9 80. ],[1600.00195  1600.695075 1601.387675],[158.4  158.42 158.43],[1600.00195  1600.695075 1601.387675],[158.4  158.42 158.43],0.0,6
