Vehicle_ID,ID,time,xloc,yloc,line_integral_values,maneuver
2509,2247,[3.3 3.4 3.5 3.6 3.7 3.8 3.9 4.  4.1 4.2 4.3 4.4 4.5 4.6 4.7],"[1815.244325 1816.317575 1817.386825 1818.45255  1819.51475  1820.572925
 1821.627075 1822.6767   1823.721775 1824.7623   1825.797775 1826.828175
 1827.852975 1828.871675 1829.883775]","[162.78 162.8  162.81 162.82 162.83 162.83 162.84 162.85 162.85 162.86
 162.86 162.87 162.87 162.88 162.88]",0.00282496930251173,6
2509,2509,[1.5 1.6 1.7 1.8 1.9 2.  2.1 2.2 2.3 2.4 2.5 2.6 2.7],"[1815.95875  1817.0658   1818.170275 1819.2717   1820.370075 1821.4649
 1822.556175 1823.6444   1824.7296   1825.811775 1826.8904   1827.96495
 1829.035425]","[162.67 162.68 162.69 162.69 162.7  162.71 162.71 162.72 162.72 162.73
 162.73 162.74 162.74]",0.008126613766384894,6
2509,3926,[4.1 4.2 4.3 4.4 4.5 4.6 4.7 4.8 4.9 5. ],"[1815.1241   1816.20365  1817.259475 1818.29105  1819.2979   1820.281125
 1821.2439   1822.18995  1823.1235   1824.04925 ]",[161.7  161.76 161.82 161.88 161.93 161.98 162.02 162.07 162.11 162.15],0.012963652040395719,6
