Vehicle_ID,ID,time,xloc,yloc,line_integral_values,maneuver
2090,2040,[0.  0.1 0.2 0.3 0.4 0.5 0.6 0.7 0.8 0.9 1.  1.1 1.2],"[1347.934925 1348.394125 1348.847    1349.296225 1349.74495  1350.1968
 1350.654875 1351.121725 1351.598875 1352.086775 1352.5853   1353.093325
 1353.6087  ]","[159.34 159.33 159.32 159.3  159.29 159.28 159.27 159.25 159.24 159.22
 159.21 159.19 159.18]",0.0,6
2090,2090,[3.8 3.9 4.  4.1 4.2 4.3 4.4 4.5 4.6 4.7 4.8 4.9 5. ],"[1337.366075 1337.893275 1338.42125  1338.9474   1339.47015  1339.989025
 1340.503575 1341.014875 1341.525075 1342.036825 1342.552225 1343.07235
 1343.597725]","[159.21 159.2  159.19 159.18 159.17 159.16 159.15 159.14 159.13 159.12
 159.11 159.11 159.1 ]",1.3953400966984846,6
2090,2104,"[0.5 0.6 0.7 0.8 0.9 1.  1.1 1.2 1.3 1.4 1.5 1.6 1.7 1.8 1.9 2.  2.1 2.2
 2.3 2.4 2.5 2.6 2.7 2.8 2.9 3.  3.1 3.2 3.3 3.4 3.5 3.6 3.7 3.8 3.9]","[1337.152175 1337.57065  1337.997475 1338.434125 1338.88155  1339.339175
 1339.80585  1340.279875 1340.75905  1341.2407   1341.7217   1342.200475
 1342.675975 1343.1477   1343.6162   1344.081525 1344.544725 1345.006875
 1345.4691   1345.9335   1346.401625 1346.873975 1347.350525 1347.831275
 1348.3167   1348.807325 1349.3042   1349.808325 1350.3197   1350.8388
 1351.3656   1351.899575 1352.44015  1352.986225 1353.5362  ]","[159.32 159.31 159.3  159.28 159.27 159.26 159.25 159.24 159.23 159.22
 159.21 159.2  159.19 159.18 159.17 159.16 159.15 159.14 159.13 159.12
 159.12 159.11 159.1  159.09 159.08 159.07 159.06 159.06 159.05 159.04
 159.03 159.02 159.01 159.   158.99]",7.7602766028358054,6
