Vehicle_ID,ID,time,xloc,yloc,line_integral_values,maneuver
145,145,[1.1 1.2 1.3 1.4 1.5 1.6 1.7 1.8 1.9],"[1801.03055  1802.0892   1803.149275 1804.2108   1805.2738   1806.3388
 1807.4058   1808.475325 1809.547925]",[162.19 162.2  162.21 162.22 162.23 162.24 162.25 162.26 162.27],0.20789141324741178,6
145,540,[4.7 4.8 4.9 5. ],[1800.10525  1801.20285  1802.304975 1803.411125],[162.4  162.42 162.43 162.44],0.0,6
