Vehicle_ID,ID,time,xloc,yloc,line_integral_values,maneuver
91,85,[0.  0.1 0.2 0.3 0.4 0.5 0.6 0.7 0.8 0.9 1. ],"[1802.107175 1802.867025 1803.63345  1804.404925 1805.18045  1805.96005
 1806.7438   1807.53175  1808.324425 1809.121375 1809.9221  ]","[162.04 162.05 162.06 162.07 162.08 162.1  162.11 162.12 162.13 162.14
 162.16]",0.2786732047505851,6
91,91,[1.6 1.7 1.8 1.9 2.  2.1 2.2 2.3 2.4 2.5 2.6 2.7 2.8 2.9 3.  3.1 3.2],"[1800.4062   1801.084975 1801.7541   1802.412075 1803.05895  1803.6948
 1804.31865  1804.9295   1805.5258   1806.106025 1806.6692   1807.21485
 1807.743025 1808.254325 1808.749875 1809.230775 1809.69865 ]","[162.18 162.19 162.2  162.2  162.2  162.21 162.21 162.21 162.22 162.22
 162.22 162.22 162.22 162.23 162.23 162.23 162.23]",0.11307660879148543,6
