Vehicle_ID,ID,time,xloc,yloc,line_integral_values,maneuver
52,52,[1.5 1.6 1.7 1.8 1.9 2.  2.1 2.2 2.3 2.4 2.5 2.6 2.7 2.8 2.9 3. ],"[1337.04475  1338.185075 1339.318375 1340.44515  1341.5654   1342.678625
 1343.784825 1344.884    1345.97615  1347.0613   1348.13995  1349.2121
 1350.277225 1351.335325 1352.386425 1353.430525]","[159.71 159.68 159.66 159.63 159.6  159.58 159.55 159.53 159.5  159.47
 159.45 159.42 159.4  159.37 159.34 159.32]",9.422709574986174,6
52,57,[3.6 3.7 3.8 3.9 4.  4.1 4.2 4.3 4.4 4.5 4.6 4.7 4.8 4.9 5. ],"[1337.160325 1338.287725 1339.4086   1340.52295  1341.6308   1342.732125
 1343.826425 1344.9137   1345.993925 1347.0666   1348.1312   1349.187725
 1350.236175 1351.276025 1352.306775]","[159.18 159.15 159.13 159.1  159.08 159.05 159.03 159.01 158.99 158.97
 158.94 158.92 158.9  158.88 158.86]",1.5991010466373383,6
