Vehicle_ID,ID,time,xloc,yloc,line_integral_values,maneuver
3,0,[4.1 4.2 4.3 4.4 4.5 4.6 4.7 4.8 4.9 5. ],"[1810.88505  1811.806425 1812.729275 1813.653625 1814.579475 1815.506825
 1816.43565  1817.36595  1818.29775  1819.23105 ]",[162.59 162.6  162.62 162.63 162.64 162.66 162.67 162.68 162.69 162.71],0.031246632982075497,6
3,3,[1.2 1.3 1.4 1.5 1.6 1.7 1.8 1.9 2.  2.1 2.2],"[1810.148975 1811.055375 1811.96125  1812.8666   1813.77145  1814.6763
 1815.58065  1816.4845   1817.388375 1818.292275 1819.196175]","[162.32 162.34 162.36 162.38 162.39 162.41 162.42 162.44 162.46 162.47
 162.49]",0.0761283975936041,6
