Vehicle_ID,ID,time,xloc,yloc,line_integral_values,maneuver
94,94,"[2.9 3.  3.1 3.2 3.3 3.4 3.5 3.6 3.7 3.8 3.9 4.  4.1 4.2 4.3 4.4 4.5 4.6
 4.7 4.8 4.9]","[1600.68665  1601.686725 1602.681275 1603.6698   1604.65225  1605.628625
 1606.598425 1607.561125 1608.516225 1609.4632   1610.40205  1611.3328
 1612.255425 1613.169425 1614.074325 1614.9701   1615.85625  1616.7328
 1617.59975  1618.4566   1619.30385 ]","[158.34 158.36 158.38 158.4  158.42 158.44 158.46 158.47 158.49 158.51
 158.53 158.55 158.56 158.58 158.6  158.61 158.63 158.65 158.66 158.68
 158.7 ]",0.0,6
94,438,"[1.  1.1 1.2 1.3 1.4 1.5 1.6 1.7 1.8 1.9 2.  2.1 2.2 2.3 2.4 2.5 2.6 2.7
 2.8 2.9 3.  3.1 3.2 3.3 3.4 3.5 3.6 3.7 3.8 3.9 4.  4.1]","[1600.38005  1601.397375 1602.41165  1603.422875 1604.43055  1605.434675
 1606.435775 1607.43335  1608.427375 1609.41785  1610.404275 1611.38665
 1612.364975 1613.33925  1614.30895  1615.273575 1616.232625 1617.18605
 1618.13335  1619.073525 1620.00655  1620.931925 1621.849125 1622.75815
 1623.6585   1624.549675 1625.4312   1626.303075 1627.1653   1628.017375
 1628.8588   1629.689575]","[158.57 158.59 158.62 158.65 158.67 158.7  158.72 158.74 158.77 158.79
 158.81 158.83 158.85 158.87 158.89 158.91 158.93 158.95 158.97 158.98
 159.   159.02 159.04 159.06 159.07 159.09 159.11 159.13 159.14 159.16
 159.18 159.19]",0.0,6
94,488,[0.  0.1 0.2 0.3 0.4 0.5 0.6 0.7 0.8 0.9 1.  1.1 1.2 1.3],"[1617.2313   1618.2442   1619.252975 1620.2571   1621.2561   1622.24945
 1623.236625 1624.217125 1625.1899   1626.153925 1627.1087   1628.053725
 1628.9885   1629.912525]","[158.99 159.02 159.04 159.06 159.09 159.11 159.13 159.16 159.18 159.2
 159.22 159.24 159.26 159.28]",0.0,6
