Vehicle_ID,ID,time,xloc,yloc,line_integral_values,maneuver
618,392,[3.9 4.  4.1 4.2 4.3 4.4 4.5 4.6 4.7 4.8 4.9 5. ],"[1388.990275 1390.345725 1391.70215  1393.059525 1394.417825 1395.77655
 1397.1352   1398.493775 1399.852275 1401.210175 1402.567475 1403.9242  ]","[156.11 156.17 156.22 156.28 156.33 156.38 156.43 156.47 156.52 156.56
 156.6  156.64]",0.0,6
618,586,[4.4 4.5 4.6 4.7 4.8 4.9 5. ],"[1366.2358   1367.541825 1368.851825 1370.1653   1371.481725 1372.8011
 1374.123425]",[158.3  158.27 158.25 158.23 158.2  158.18 158.16],0.0441292511686785,6
618,618,"[1.3 1.4 1.5 1.6 1.7 1.8 1.9 2.  2.1 2.2 2.3 2.4 2.5 2.6 2.7 2.8 2.9 3.
 3.1 3.2 3.3 3.4 3.5 3.6 3.7 3.8 3.9 4.  4.1 4.2 4.3 4.4 4.5 4.6 4.7 4.8
 4.9 5. ]","[1365.74125  1367.05305  1368.367325 1369.683575 1371.0018   1372.322
 1373.644175 1374.968325 1376.29395  1377.621025 1378.95005  1380.28055
 1381.612025 1382.94445  1384.277825 1385.61215  1386.947425 1388.28365
 1389.620825 1390.958475 1392.2966   1393.6357   1394.975775 1396.316825
 1397.658875 1399.001925 1400.345975 1401.691025 1403.03705  1404.38405
 1405.73155  1407.079525 1408.42795  1409.776325 1411.12465  1412.472925
 1413.82065  1415.167825]","[158.69 158.66 158.62 158.58 158.55 158.51 158.48 158.44 158.41 158.38
 158.34 158.31 158.27 158.24 158.21 158.18 158.14 158.11 158.08 158.05
 158.02 157.99 157.96 157.93 157.91 157.88 157.85 157.82 157.79 157.77
 157.74 157.71 157.69 157.67 157.64 157.62 157.6  157.58]",1.140783622296879,6
