Vehicle_ID,ID,time,xloc,yloc,line_integral_values,maneuver
1008,1008,[1.  1.1 1.2 1.3 1.4 1.5 1.6 1.7 1.8 1.9],"[1800.11555  1801.182425 1802.24675  1803.307525 1804.36475  1805.418425
 1806.468525 1807.51505  1808.557525 1809.59595 ]",[162.35 162.37 162.38 162.4  162.41 162.42 162.44 162.45 162.46 162.47],0.19914349320662506,6
1008,2290,[0.  0.1 0.2 0.3 0.4 0.5],[1804.4136  1805.45235 1806.4876  1807.51885 1808.5466  1809.57135],[162.65 162.68 162.7  162.72 162.74 162.76],0.0,6
1008,2390,[3.9 4.  4.1 4.2 4.3 4.4 4.5 4.6 4.7 4.8],"[1800.04985  1801.09015  1802.126875 1803.159525 1804.1881   1805.213125
 1806.2346   1807.25255  1808.2675   1809.279475]",[162.41 162.43 162.44 162.46 162.47 162.49 162.5  162.52 162.53 162.54],0.16854063798626676,6
