Vehicle_ID,ID,time,xloc,yloc,line_integral_values,maneuver
103,82,[3.7 3.8 3.9 4.  4.1 4.2 4.3 4.4 4.5 4.6 4.7 4.8 4.9 5. ],"[1810.433275 1810.97255  1811.5101   1812.046975 1812.5842   1813.12275
 1813.663125 1814.2053   1814.748175 1815.29065  1815.8306   1816.366425
 1816.897075 1817.421   ]","[162.31 162.32 162.33 162.34 162.35 162.35 162.36 162.37 162.38 162.39
 162.39 162.4  162.41 162.42]",0.043207653770797425,6
103,91,[0.  0.1],[1819.304575 1819.89645 ],[162.16 162.15],0.0,6
103,103,[1.4 1.5 1.6 1.7 1.8 1.9 2.  2.1 2.2 2.3 2.4 2.5 2.6],"[1810.23695  1811.06515  1811.895025 1812.724475 1813.5514   1814.372725
 1815.1864   1815.99195  1816.788925 1817.5774   1818.35745  1819.129125
 1819.891925]","[162.5  162.51 162.51 162.52 162.53 162.53 162.54 162.54 162.55 162.55
 162.56 162.56 162.56]",0.04533714462718198,6
