Vehicle_ID,ID,time,xloc,yloc,line_integral_values,maneuver
2150,1008,[0.  0.1 0.2 0.3 0.4 0.5 0.6 0.7 0.8],"[1872.77415  1873.623475 1874.472875 1875.322375 1876.17195  1877.0221
 1877.872825 1878.724125 1879.5765  ]",[162.19 162.18 162.16 162.14 162.12 162.1  162.08 162.05 162.03],0.0,6
2150,2150,[3.7 3.8 3.9 4.  4.1 4.2 4.3 4.4 4.5 4.6 4.7 4.8 4.9 5. ],"[1840.88225  1841.9195   1842.950175 1843.973775 1844.9903   1846.000275
 1847.003725 1848.00015  1848.989525 1849.97185  1850.947125 1851.915375
 1852.8766   1853.830775]","[162.51 162.51 162.5  162.5  162.49 162.49 162.48 162.47 162.47 162.46
 162.45 162.44 162.43 162.42]",0.15289977532740384,6
2150,2390,"[0.  0.1 0.2 0.3 0.4 0.5 0.6 0.7 0.8 0.9 1.  1.1 1.2 1.3 1.4 1.5 1.6 1.7
 1.8 1.9 2.  2.1 2.2 2.3 2.4 2.5 2.6 2.7 2.8 2.9 3.  3.1 3.2 3.3 3.4 3.5
 3.6]","[1847.3269   1848.25555  1849.180675 1850.102775 1851.02185  1851.9379
 1852.850975 1853.761575 1854.6702   1855.57635  1856.480025 1857.381725
 1858.28145  1859.179225 1860.075025 1860.96885  1861.8607   1862.750575
 1863.638475 1864.5249   1865.409875 1866.293375 1867.1759   1868.0575
 1868.938175 1869.8179   1870.6972   1871.576575 1872.456    1873.3355
 1874.215075 1875.095225 1875.975975 1876.8573   1877.7397   1878.6237
 1879.509275]","[162.8  162.79 162.79 162.78 162.78 162.77 162.77 162.76 162.75 162.75
 162.74 162.73 162.72 162.71 162.7  162.69 162.68 162.67 162.65 162.64
 162.62 162.6  162.59 162.57 162.55 162.53 162.51 162.49 162.47 162.45
 162.42 162.4  162.38 162.36 162.33 162.31 162.28]",1.8870041941866238e-16,6
2150,2449,"[1.9 2.  2.1 2.2 2.3 2.4 2.5 2.6 2.7 2.8 2.9 3.  3.1 3.2 3.3 3.4 3.5 3.6
 3.7 3.8 3.9 4.  4.1 4.2 4.3 4.4 4.5 4.6 4.7 4.8 4.9 5. ]","[1840.080175 1841.09     1842.09275  1843.088925 1844.07855  1845.061625
 1846.03815  1847.007625 1847.97005  1848.925425 1849.87375  1850.815025
 1851.74925  1852.675925 1853.59505  1854.506625 1855.41065  1856.307125
 1857.19555  1858.07595  1858.948825 1859.814175 1860.672025 1861.522875
 1862.36675  1863.20365  1864.033575 1864.857025 1865.6745   1866.485525
 1867.290625 1868.0903  ]","[162.89 162.89 162.89 162.89 162.89 162.88 162.88 162.88 162.88 162.87
 162.87 162.86 162.86 162.85 162.85 162.84 162.83 162.82 162.81 162.8
 162.79 162.78 162.77 162.75 162.74 162.72 162.71 162.69 162.67 162.65
 162.63 162.61]",0.8816618014292568,6
