Vehicle_ID,ID,time,xloc,yloc,line_integral_values,maneuver
1961,1046,[0.  0.1 0.2 0.3],[1825.9015 1827.0494 1828.1963 1829.3422],[162.28 162.28 162.29 162.3 ],0.0,6
1961,1961,[1.4 1.5 1.6 1.7 1.8 1.9 2.  2.1 2.2 2.3 2.4 2.5 2.6],"[1815.7545   1816.922825 1818.090125 1819.2564   1820.42165  1821.585875
 1822.74905  1823.9112   1825.072325 1826.232425 1827.3915   1828.54905
 1829.705075]","[162.54 162.55 162.56 162.58 162.59 162.6  162.61 162.63 162.64 162.65
 162.66 162.67 162.68]",0.0032797707905765127,6
1961,1983,[3.1 3.2 3.3 3.4 3.5 3.6 3.7 3.8 3.9 4.  4.1 4.2 4.3],"[1815.90795  1817.044925 1818.179375 1819.3113   1820.4407   1821.5676
 1822.692    1823.813875 1824.933725 1826.051075 1827.165925 1828.278775
 1829.389125]","[161.98 162.   162.02 162.04 162.05 162.07 162.09 162.11 162.13 162.15
 162.17 162.19 162.21]",0.03773423648947185,6
