Vehicle_ID,ID,time,xloc,yloc,line_integral_values,maneuver
2735,2090,[0.],[1819.710275],[162.12],0.0,6
2735,2170,[3.5 3.6 3.7 3.8 3.9 4.  4.1 4.2 4.3 4.4 4.5 4.6],"[1810.353    1811.24855  1812.1387   1813.02395  1813.9043   1814.780275
 1815.652375 1816.5211   1817.386975 1818.250525 1819.11175  1819.970625]","[162.47 162.48 162.49 162.5  162.51 162.52 162.53 162.54 162.54 162.55
 162.56 162.57]",0.05001045770800483,6
2735,2735,[1.1 1.2 1.3 1.4 1.5 1.6 1.7 1.8 1.9 2. ],"[1810.5528   1811.571775 1812.5904   1813.608675 1814.6271   1815.646175
 1816.665925 1817.68735  1818.71095  1819.73725 ]",[161.87 161.84 161.82 161.79 161.76 161.73 161.69 161.65 161.61 161.56],0.9633051896882969,6
