Vehicle_ID,ID,time,xloc,yloc,line_integral_values,maneuver
2972,2972,[1.2 1.3 1.4 1.5 1.6 1.7 1.8 1.9 2.  2.1 2.2],"[1800.686525 1801.580275 1802.466475 1803.34565  1804.218325 1805.08505
 1805.945825 1806.801675 1807.653125 1808.500175 1809.34335 ]","[162.1  162.11 162.12 162.14 162.15 162.17 162.18 162.2  162.22 162.23
 162.25]",0.24375267070529952,6
2972,3050,[3.5 3.6 3.7 3.8 3.9 4.  4.1 4.2 4.3 4.4 4.5 4.6],"[1800.522025 1801.3474   1802.16885  1802.986375 1803.8005   1804.61175
 1805.4206   1806.227575 1807.032675 1807.8359   1808.63725  1809.4372  ]","[162.41 162.44 162.46 162.48 162.5  162.52 162.54 162.56 162.58 162.6
 162.61 162.63]",0.10050067349535192,6
