Vehicle_ID,ID,time,xloc,yloc,line_integral_values,maneuver
103,82,[4.8 4.9],[1600.677125 1601.413025],[158.35 158.36],0.0,6
103,85,"[0.  0.1 0.2 0.3 0.4 0.5 0.6 0.7 0.8 0.9 1.  1.1 1.2 1.3 1.4 1.5 1.6 1.7
 1.8 1.9 2.  2.1 2.2 2.3 2.4 2.5 2.6 2.7 2.8 2.9]","[1608.6063   1609.50235  1610.3878   1611.26265  1612.1264   1612.97905
 1613.8201   1614.649575 1615.467975 1616.2753   1617.071075 1617.8553
 1618.62795  1619.388525 1620.13755  1620.875025 1621.60045  1622.313825
 1623.01515  1623.70445  1624.38225  1625.048525 1625.702775 1626.345525
 1626.976775 1627.596525 1628.204775 1628.801025 1629.385775 1629.959525]","[158.22 158.25 158.28 158.31 158.34 158.37 158.39 158.42 158.45 158.47
 158.5  158.52 158.55 158.57 158.6  158.62 158.64 158.66 158.68 158.7
 158.72 158.74 158.75 158.77 158.79 158.8  158.81 158.82 158.84 158.85]",0.0,6
103,91,"[0.6 0.7 0.8 0.9 1.  1.1 1.2 1.3 1.4 1.5 1.6 1.7 1.8 1.9 2.  2.1 2.2 2.3
 2.4 2.5 2.6 2.7 2.8 2.9 3.  3.1 3.2 3.3 3.4 3.5 3.6 3.7 3.8 3.9 4.  4.1
 4.2 4.3 4.4 4.5 4.6 4.7 4.8 4.9]","[1600.088    1601.04695  1601.993325 1602.927125 1603.847825 1604.755425
 1605.64995  1606.5309   1607.39775  1608.2505   1609.08915  1609.9137
 1610.72365  1611.5185   1612.29825  1613.063425 1613.814025 1614.549575
 1615.2706   1615.977575 1616.670025 1617.347975 1618.01245  1618.66345
 1619.300975 1619.92505  1620.535675 1621.13335  1621.718575 1622.29135
 1622.8522   1623.401675 1623.939775 1624.4675   1624.98485  1625.4918
 1625.98835  1626.4745   1626.950225 1627.415525 1627.871425 1628.317925
 1628.75555  1629.18535 ]","[158.48 158.5  158.52 158.54 158.55 158.57 158.59 158.61 158.62 158.64
 158.66 158.67 158.69 158.7  158.72 158.73 158.75 158.76 158.77 158.79
 158.8  158.81 158.82 158.83 158.84 158.85 158.86 158.86 158.87 158.88
 158.88 158.89 158.9  158.9  158.91 158.91 158.92 158.93 158.93 158.94
 158.94 158.95 158.95 158.95]",0.0,6
103,94,[0.  0.1 0.2],[1627.948825 1628.669725 1629.378525],[158.87 158.89 158.91],0.0,6
103,103,"[3.  3.1 3.2 3.3 3.4 3.5 3.6 3.7 3.8 3.9 4.  4.1 4.2 4.3 4.4 4.5 4.6 4.7
 4.8 4.9]","[1600.569925 1601.40825  1602.229425 1603.033975 1603.821925 1604.592775
 1605.34705  1606.085275 1606.80695  1607.5126   1608.20275  1608.877425
 1609.537125 1610.18185  1610.81165  1611.427025 1612.028975 1612.617525
 1613.1932   1613.7565  ]","[158.36 158.38 158.4  158.42 158.44 158.46 158.48 158.5  158.52 158.53
 158.55 158.57 158.59 158.61 158.63 158.64 158.66 158.67 158.69 158.7 ]",0.0,6
