Vehicle_ID,ID,time,xloc,yloc,line_integral_values,maneuver
2698,2636,"[0.  0.1 0.2 0.3 0.4 0.5 0.6 0.7 0.8 0.9 1.  1.1 1.2 1.3 1.4 1.5 1.6 1.7
 1.8 1.9 2.  2.1 2.2 2.3 2.4 2.5 2.6 2.7 2.8]","[1600.5011   1601.49705  1602.496    1603.498475 1604.504475 1605.513475
 1606.525475 1607.539975 1608.55695  1609.5769   1610.59985  1611.6258
 1612.65475  1613.686725 1614.721725 1615.759725 1616.800725 1617.84525
 1618.8933   1619.944875 1621.0005   1622.0607   1623.126    1624.1964
 1625.2724   1626.3545   1627.4422   1628.534975 1629.632775]","[158.16 158.18 158.2  158.22 158.24 158.26 158.27 158.29 158.31 158.33
 158.35 158.37 158.39 158.41 158.43 158.45 158.48 158.5  158.52 158.54
 158.56 158.58 158.6  158.62 158.64 158.66 158.68 158.7  158.72]",0.00010401431043378546,6
2698,2698,[3.4 3.5 3.6 3.7 3.8 3.9 4.  4.1 4.2 4.3 4.4 4.5 4.6 4.7 4.8 4.9 5. ],"[1600.235625 1601.220675 1602.211225 1603.2073   1604.2084   1605.2145
 1606.2261   1607.2432   1608.2653   1609.2924   1610.3245   1611.361575
 1612.403625 1613.450675 1614.5027   1615.5592   1616.6202   1617.6862
 1618.7572   1619.8332   1620.9147   1622.0012   1623.092175 1624.1876
 1625.286975 1626.389775 1627.495475 1628.603575 1629.714075]","[158.06 158.08 158.1  158.13 158.15 158.18 158.2  158.23 158.26 158.28
 158.31 158.34 158.37 158.39 158.42 158.45 158.48 158.51 158.53 158.56
 158.59 158.62 158.65 158.67 158.7  158.73 158.76 158.78 158.81]",0.00018462858451135622,6
