Vehicle_ID,ID,time,xloc,yloc,line_integral_values,maneuver
2698,2592,"[0.  0.1 0.2 0.3 0.4 0.5 0.6 0.7 0.8 0.9 1.  1.1 1.2 1.3 1.4 1.5 1.6 1.7
 1.8 1.9 2.  2.1 2.2 2.3 2.4 2.5 2.6 2.7 2.8 2.9 3.  3.1 3.2 3.3 3.4 3.5
 3.6]","[1859.03025  1859.630725 1860.225275 1860.8139   1861.3971   1861.975925
 1862.550375 1863.12095  1863.688175 1864.25205  1864.813575 1865.37325
 1865.9311   1866.487625 1867.043325 1867.598225 1868.1528   1868.707525
 1869.2624   1869.817425 1870.372575 1870.92785  1871.48375  1872.04025
 1872.59735  1873.15555  1873.71485  1874.27525  1874.83725  1875.40135
 1875.96755  1876.53585  1877.10625  1877.67925  1878.255375 1878.834625
 1879.416975]","[162.18 162.17 162.15 162.14 162.13 162.12 162.1  162.09 162.08 162.06
 162.05 162.04 162.02 162.01 162.   161.99 161.97 161.96 161.95 161.93
 161.92 161.91 161.89 161.88 161.86 161.85 161.83 161.81 161.8  161.78
 161.76 161.75 161.73 161.71 161.7  161.68 161.66]",0.0,6
2698,2636,"[0.3 0.4 0.5 0.6 0.7 0.8 0.9 1.  1.1 1.2 1.3 1.4 1.5 1.6 1.7 1.8 1.9 2.
 2.1 2.2 2.3 2.4 2.5 2.6 2.7 2.8 2.9 3.  3.1 3.2 3.3 3.4 3.5 3.6 3.7 3.8
 3.9 4.  4.1 4.2 4.3 4.4 4.5 4.6 4.7 4.8 4.9 5. ]","[1840.03885  1840.94975  1841.849575 1842.738825 1843.6175   1844.485625
 1845.3437   1846.19125  1847.0283   1847.855325 1848.672325 1849.479325
 1850.276325 1851.063325 1851.840325 1852.607325 1853.364325 1854.11185
 1854.8499   1855.577975 1856.296575 1857.0062   1857.706875 1858.3991
 1859.0829   1859.758275 1860.4257   1861.0852   1861.7373   1862.381975
 1863.019225 1863.649575 1864.273025 1864.890075 1865.501225 1866.10595
 1866.70425  1867.29715  1867.88465  1868.46675  1869.04395  1869.61625
 1870.18415  1870.747675 1871.306825 1871.862575 1872.41495  1872.963975]","[162.36 162.36 162.36 162.36 162.36 162.36 162.36 162.36 162.36 162.36
 162.36 162.35 162.35 162.35 162.35 162.35 162.35 162.34 162.34 162.34
 162.34 162.33 162.33 162.33 162.32 162.32 162.31 162.31 162.3  162.3
 162.29 162.29 162.28 162.28 162.27 162.26 162.26 162.25 162.24 162.24
 162.23 162.22 162.21 162.2  162.2  162.19 162.17 162.16]",11.332186330632355,6
2698,2698,[4.5 4.6 4.7 4.8 4.9 5. ],[1840.725875 1841.50425  1842.277175 1843.04465  1843.807175 1844.564775],[162.92 162.93 162.92 162.92 162.92 162.92],0.18770383071110064,6
2698,3926,[0.  0.1 0.2 0.3 0.4],[1876.85255  1877.48275  1878.113575 1878.74555  1879.379175],[162.23 162.21 162.2  162.18 162.16],0.0,6
