Vehicle_ID,ID,time,xloc,yloc,line_integral_values,maneuver
2090,2090,[1.  1.1 1.2 1.3 1.4 1.5 1.6 1.7 1.8 1.9 2. ],"[1810.0462   1811.04855  1812.042375 1813.0282   1814.00605  1814.9759
 1815.937775 1816.8917   1817.838175 1818.7777   1819.710275]","[162.04 162.05 162.05 162.06 162.07 162.08 162.09 162.1  162.11 162.12
 162.12]",0.23454904370419752,6
2090,2104,[0.  0.1],[1818.754775 1819.7682  ],[162.38 162.39],0.0,6
2090,2735,[3.1 3.2 3.3 3.4 3.5 3.6 3.7 3.8 3.9 4. ],"[1810.5528   1811.571775 1812.5904   1813.608675 1814.6271   1815.646175
 1816.665925 1817.68735  1818.71095  1819.73725 ]",[161.87 161.84 161.82 161.79 161.76 161.73 161.69 161.65 161.61 161.56],0.9633051896882969,6
