Vehicle_ID,ID,time,xloc,yloc,line_integral_values,maneuver
3050,2484,[0.  0.1 0.2 0.3 0.4 0.5 0.6 0.7 0.8 0.9 1.  1.1 1.2 1.3],"[1870.385925 1871.11845  1871.84945  1872.57945  1873.308975 1874.038025
 1874.7666   1875.495225 1876.2239   1876.953125 1877.6829   1878.41325
 1879.144175 1879.87565 ]","[162.38 162.35 162.33 162.31 162.28 162.26 162.24 162.21 162.19 162.16
 162.14 162.11 162.09 162.06]",0.0,6
3050,2841,"[0.  0.1 0.2 0.3 0.4 0.5 0.6 0.7 0.8 0.9 1.  1.1 1.2 1.3 1.4 1.5 1.6 1.7
 1.8 1.9 2.  2.1 2.2 2.3 2.4 2.5 2.6 2.7 2.8 2.9 3.  3.1 3.2 3.3 3.4 3.5
 3.6 3.7 3.8]","[1853.71225  1854.400025 1855.08685  1855.773225 1856.45965  1857.145625
 1857.831175 1858.5173   1859.203975 1859.8907   1860.577475 1861.2648
 1861.952675 1862.640575 1863.3285   1864.01695  1864.705925 1865.394925
 1866.083925 1866.772925 1867.461925 1868.1509   1868.839875 1869.528875
 1870.217875 1870.906875 1871.5964   1872.286475 1872.977075 1873.6687
 1874.3614   1875.055675 1875.752    1876.4504   1877.1509   1877.854525
 1878.5623   1879.27475  1879.992925]","[162.06 162.05 162.04 162.03 162.02 162.01 162.   161.99 161.97 161.96
 161.95 161.94 161.92 161.91 161.89 161.88 161.86 161.85 161.83 161.81
 161.79 161.78 161.76 161.74 161.72 161.7  161.68 161.66 161.64 161.62
 161.6  161.57 161.55 161.53 161.5  161.48 161.45 161.42 161.4 ]",0.0,6
3050,2972,"[2.8 2.9 3.  3.1 3.2 3.3 3.4 3.5 3.6 3.7 3.8 3.9 4.  4.1 4.2 4.3 4.4 4.5
 4.6 4.7 4.8 4.9 5. ]","[1840.4133   1841.127725 1841.838625 1842.54655  1843.2515   1843.953975
 1844.654525 1845.354725 1846.05665  1846.761375 1847.47045  1848.1849
 1848.90575  1849.634525 1850.37275  1851.121975 1851.88375  1852.660125
 1853.45315  1854.26485  1855.097775 1855.953975 1856.834975]","[162.65 162.65 162.66 162.66 162.67 162.67 162.68 162.68 162.68 162.68
 162.69 162.69 162.68 162.68 162.68 162.67 162.66 162.66 162.65 162.64
 162.62 162.61 162.6 ]",0.6162628551664829,6
