Vehicle_ID,ID,time,xloc,yloc,line_integral_values,maneuver
2170,2040,[0.  0.1 0.2 0.3 0.4],[1876.078775 1876.964675 1877.85315  1878.7452   1879.640825],[162.57 162.54 162.51 162.49 162.46],0.0,6
2170,2090,"[0.1 0.2 0.3 0.4 0.5 0.6 0.7 0.8 0.9 1.  1.1 1.2 1.3 1.4 1.5 1.6 1.7 1.8
 1.9 2.  2.1 2.2 2.3 2.4 2.5 2.6 2.7 2.8 2.9 3.  3.1 3.2 3.3 3.4 3.5 3.6
 3.7 3.8 3.9 4.  4.1 4.2 4.3 4.4 4.5 4.6 4.7 4.8 4.9]","[1840.261175 1841.056825 1841.849075 1842.638925 1843.426375 1844.211425
 1844.994575 1845.775825 1846.5552   1847.3332   1848.1103   1848.886525
 1849.662375 1850.43835  1851.214475 1851.991225 1852.7686   1853.547125
 1854.3273   1855.1091   1855.893025 1856.6791   1857.467825 1858.2597
 1859.054725 1859.8534   1860.655725 1861.461675 1862.27225  1863.087475
 1863.906825 1864.730775 1865.559825 1866.393475 1867.231725 1868.075075
 1868.924025 1869.77855  1870.63815  1871.503325 1872.374075 1873.2504
 1874.1328   1875.021275 1875.9158   1876.8164   1877.723075 1878.6363
 1879.556075]","[162.28 162.29 162.29 162.29 162.3  162.3  162.3  162.3  162.3  162.3
 162.31 162.31 162.31 162.31 162.31 162.31 162.31 162.3  162.3  162.3
 162.3  162.3  162.29 162.29 162.29 162.28 162.28 162.28 162.27 162.27
 162.26 162.25 162.25 162.24 162.23 162.22 162.21 162.2  162.19 162.18
 162.17 162.15 162.14 162.12 162.1  162.08 162.06 162.04 162.02]",28.020777547569683,6
2170,2104,"[0.  0.1 0.2 0.3 0.4 0.5 0.6 0.7 0.8 0.9 1.  1.1 1.2 1.3 1.4 1.5 1.6 1.7
 1.8 1.9 2.  2.1 2.2 2.3 2.4 2.5 2.6 2.7]","[1857.099875 1857.903075 1858.7059   1859.508875 1860.312    1861.115775
 1861.920675 1862.7267   1863.534375 1864.3437   1865.155175 1865.9693
 1866.786075 1867.606    1868.429075 1869.2558   1870.086675 1870.921675
 1871.7608   1872.60405  1873.4514   1874.30285  1875.1589   1876.019525
 1876.884725 1877.7545   1878.628825 1879.508225]","[162.71 162.7  162.69 162.68 162.66 162.65 162.64 162.62 162.61 162.59
 162.58 162.56 162.55 162.53 162.51 162.49 162.47 162.45 162.43 162.4
 162.38 162.35 162.32 162.3  162.27 162.24 162.21 162.18]",0.0,6
2170,2170,[4.7 4.8 4.9 5. ],[1840.365125 1841.215625 1842.0672   1842.919825],[162.69 162.7  162.7  162.7 ],0.5099462708760487,6
2170,2735,[1.6],[1840.1243],[160.35],0.0,6
