Vehicle_ID,ID,time,xloc,yloc,line_integral_values,maneuver
57,52,[0.  0.1 0.2 0.3 0.4 0.5 0.6 0.7 0.8 0.9],"[1343.784825 1344.884    1345.97615  1347.0613   1348.13995  1349.2121
 1350.277225 1351.335325 1352.386425 1353.430525]",[159.55 159.53 159.5  159.47 159.45 159.42 159.4  159.37 159.34 159.32],3.083799306093095e-11,6
57,57,[1.5 1.6 1.7 1.8 1.9 2.  2.1 2.2 2.3 2.4 2.5 2.6 2.7 2.8 2.9 3. ],"[1337.160325 1338.287725 1339.4086   1340.52295  1341.6308   1342.732125
 1343.826425 1344.9137   1345.993925 1347.0666   1348.1312   1349.187725
 1350.236175 1351.276025 1352.306775 1353.32895 ]","[159.18 159.15 159.13 159.1  159.08 159.05 159.03 159.01 158.99 158.97
 158.94 158.92 158.9  158.88 158.86 158.84]",4.4739187377163665,6
57,61,[3.4 3.5 3.6 3.7 3.8 3.9 4.  4.1 4.2 4.3 4.4 4.5 4.6 4.7 4.8 4.9],"[1337.450275 1338.609075 1339.75725  1340.8948   1342.02175  1343.1376
 1344.24235  1345.336    1346.41805  1347.4885   1348.54735  1349.5941
 1350.629275 1351.652875 1352.6644   1353.66385 ]","[158.69 158.66 158.64 158.62 158.6  158.58 158.56 158.54 158.52 158.5
 158.48 158.46 158.45 158.43 158.41 158.4 ]",0.16557704167898665,6
