Vehicle_ID,ID,time,xloc,yloc,line_integral_values,maneuver
2698,2484,[3.7 3.8 3.9 4.  4.1 4.2 4.3 4.4 4.5],"[1800.926475 1802.015125 1803.0961   1804.1689   1805.2325   1806.2869
 1807.3316   1808.3661   1809.3904  ]",[162.2  162.23 162.25 162.27 162.29 162.32 162.34 162.36 162.38],0.1794185582437959,6
2698,2698,[1.  1.1 1.2 1.3 1.4 1.5 1.6 1.7 1.8 1.9],"[1800.146225 1801.19465  1802.2375   1803.274775 1804.3065   1805.332675
 1806.3533   1807.368375 1808.378425 1809.383475]",[162.42 162.44 162.46 162.48 162.5  162.52 162.54 162.56 162.58 162.6 ],0.15330328563492082,6
