Vehicle_ID,ID,time,xloc,yloc,line_integral_values,maneuver
1961,1961,[1.  1.1 1.2 1.3 1.4 1.5 1.6 1.7],"[1811.0722   1812.243725 1813.4147   1814.585125 1815.7545   1816.922825
 1818.090125 1819.2564  ]",[162.48 162.49 162.51 162.52 162.54 162.55 162.56 162.58],0.016842970834366415,6
1961,1983,[2.6 2.7 2.8 2.9 3.  3.1 3.2 3.3 3.4],"[1810.182175 1811.332975 1812.4807   1813.62585  1814.768425 1815.90795
 1817.044925 1818.179375 1819.3113  ]",[161.89 161.91 161.93 161.94 161.96 161.98 162.   162.02 162.04],0.39134825304160065,6
