Vehicle_ID,ID,time,xloc,yloc,line_integral_values,maneuver
103,82,[3.  3.1 3.2 3.3 3.4 3.5 3.6 3.7 3.8 3.9 4.  4.1],"[1337.040775 1338.4979   1339.957    1341.4181   1342.881175 1344.346225
 1345.812775 1347.2808   1348.750775 1350.222225 1351.69465  1353.168525]","[159.29 159.26 159.22 159.19 159.16 159.12 159.09 159.05 159.02 158.98
 158.95 158.91]",0.8998047608458408,6
103,91,[0.  0.1 0.2 0.3 0.4],[1347.92815  1349.39135  1350.854525 1352.31715  1353.779225],[158.81 158.78 158.75 158.73 158.7 ],0.0,6
103,103,[1.3 1.4 1.5 1.6 1.7 1.8 1.9 2.  2.1 2.2 2.3 2.4],"[1338.000725 1339.4158   1340.832325 1342.2498   1343.668225 1345.0876
 1346.507925 1347.9292   1349.351425 1350.7741   1352.197225 1353.621325]","[159.15 159.12 159.1  159.07 159.04 159.01 158.99 158.96 158.93 158.9
 158.87 158.84]",0.11579827412531374,6
