Vehicle_ID,ID,time,xloc,yloc,line_integral_values,maneuver
77,68,[3.6 3.7 3.8 3.9 4.  4.1 4.2 4.3 4.4 4.5 4.6],"[1337.932075 1339.47585  1341.018975 1342.56045  1344.099775 1345.636925
 1347.1719   1348.704225 1350.2334   1351.759425 1353.2823  ]","[158.68 158.65 158.62 158.59 158.56 158.53 158.5  158.46 158.43 158.4
 158.37]",0.07516039503153471,6
77,77,[1.2 1.3 1.4 1.5 1.6 1.7 1.8 1.9 2.  2.1 2.2],"[1337.30725  1338.84865  1340.391475 1341.935225 1343.479875 1345.025425
 1346.5719   1348.1188   1349.6656   1351.212825 1352.760475]","[159.   158.98 158.95 158.92 158.89 158.85 158.82 158.79 158.76 158.73
 158.7 ]",0.2961167933866241,6
77,83,[0.  0.1],[1350.947525 1352.5037  ],[158.92 158.89],0.0,6
