Vehicle_ID,ID,time,xloc,yloc,line_integral_values,maneuver
1062,1062,[1.  1.1 1.2 1.3 1.4 1.5 1.6 1.7 1.8 1.9],"[1800.24945  1801.3127   1802.37455  1803.434975 1804.493925 1805.550875
 1806.605825 1807.65825  1808.707625 1809.75395 ]",[162.2  162.22 162.23 162.25 162.26 162.28 162.29 162.31 162.33 162.34],0.26223029949484217,6
1062,2017,[3.  3.1 3.2 3.3 3.4 3.5 3.6 3.7 3.8 3.9],"[1800.179125 1801.270175 1802.35875  1803.445375 1804.530025 1805.6122
 1806.6914   1807.768075 1808.842225 1809.91285 ]",[162.01 162.03 162.05 162.07 162.08 162.1  162.12 162.13 162.15 162.17],0.3577836222675721,6
1062,2040,[4.5 4.6 4.7 4.8 4.9 5. ],[1800.236    1801.292975 1802.3471   1803.39885  1804.4482   1805.49465 ],[162.53 162.55 162.57 162.59 162.61 162.63],3.7803879078344225e-08,6
