Vehicle_ID,ID,time,xloc,yloc,line_integral_values,maneuver
488,488,"[2.2 2.3 2.4 2.5 2.6 2.7 2.8 2.9 3.  3.1 3.2 3.3 3.4 3.5 3.6 3.7 3.8 3.9
 4.  4.1]","[1815.4447   1816.21335  1816.978075 1817.737875 1818.493325 1819.24605
 1819.99875  1820.754625 1821.5168   1822.2858   1823.061075 1823.840975
 1824.622275 1825.40075  1826.17165  1826.92975  1827.6688   1828.383575
 1829.06945  1829.722925]","[162.55 162.55 162.54 162.54 162.53 162.53 162.52 162.52 162.51 162.5
 162.5  162.49 162.48 162.48 162.47 162.46 162.45 162.44 162.43 162.42]",0.05186106555945533,6
488,510,[0.  0.1 0.2 0.3 0.4 0.5 0.6 0.7 0.8 0.9 1. ],"[1823.718    1824.315825 1824.914875 1825.5183   1826.12975  1826.751825
 1827.38445  1828.024925 1828.67     1829.315925 1829.959025]","[162.07 162.07 162.07 162.06 162.06 162.06 162.05 162.05 162.04 162.04
 162.03]",3.619624125176917e-07,6
