Vehicle_ID,ID,time,xloc,yloc,line_integral_values,maneuver
2449,2150,[3.2 3.3 3.4 3.5 3.6 3.7 3.8 3.9 4.  4.1 4.2 4.3 4.4],"[1815.5547   1816.6925   1817.8278   1818.9606   1820.0909   1821.2187
 1822.344    1823.4668   1824.5876   1825.705875 1826.821125 1827.93335
 1829.042025]","[162.43 162.45 162.46 162.47 162.48 162.49 162.49 162.5  162.5  162.51
 162.51 162.52 162.52]",0.008123469548625048,6
2449,2449,[1.4 1.5 1.6 1.7 1.8 1.9 2.  2.1 2.2 2.3 2.4 2.5 2.6 2.7],"[1815.408225 1816.52345  1817.63565  1818.744825 1819.850975 1820.9541
 1822.0542   1823.150775 1824.2438   1825.333275 1826.4187   1827.500075
 1828.5774   1829.65015 ]","[162.79 162.8  162.81 162.82 162.83 162.83 162.84 162.85 162.85 162.86
 162.87 162.87 162.87 162.88]",0.0024444843609932507,6
