Vehicle_ID,ID,time,xloc,yloc,line_integral_values,maneuver
540,0,"[0.  0.1 0.2 0.3 0.4 0.5 0.6 0.7 0.8 0.9 1.  1.1 1.2 1.3 1.4 1.5 1.6 1.7
 1.8 1.9 2.  2.1 2.2 2.3 2.4 2.5 2.6 2.7 2.8 2.9 3.  3.1 3.2 3.3 3.4 3.5
 3.6 3.7 3.8 3.9 4.  4.1 4.2 4.3 4.4 4.5 4.6 4.7 4.8 4.9]","[1613.75485  1614.2391   1614.7136   1615.1789   1615.63555  1616.084125
 1616.52465  1616.957125 1617.38155  1617.797925 1618.2057   1618.6033
 1618.989175 1619.362275 1619.72105  1620.063975 1620.39     1620.6981
 1620.987825 1621.2592   1621.51225  1621.747575 1621.966275 1622.169425
 1622.358625 1622.535975 1622.70305  1622.861425 1623.012675 1623.15835
 1623.299975 1623.438525 1623.573975 1623.705775 1623.83385  1623.95815
 1624.0776   1624.19165  1624.300825 1624.40565  1624.50715  1624.606375
 1624.70485  1624.8031   1624.901125 1624.999925 1625.1      1625.20185
 1625.305975 1625.41285 ]","[158.31 158.31 158.32 158.33 158.33 158.34 158.34 158.35 158.35 158.36
 158.36 158.37 158.37 158.38 158.38 158.39 158.4  158.4  158.41 158.41
 158.42 158.43 158.43 158.44 158.44 158.45 158.45 158.46 158.46 158.47
 158.47 158.47 158.48 158.48 158.49 158.49 158.49 158.5  158.5  158.5
 158.51 158.51 158.51 158.51 158.52 158.52 158.52 158.52 158.52 158.53]",0.0,6
540,3,[0.  0.1],[1629.5816  1629.97155],[158.75 158.76],0.0,6
540,145,"[0.3 0.4 0.5 0.6 0.7 0.8 0.9 1.  1.1 1.2 1.3 1.4 1.5 1.6 1.7 1.8 1.9 2.
 2.1 2.2 2.3 2.4 2.5 2.6 2.7 2.8 2.9 3.  3.1 3.2 3.3 3.4 3.5 3.6 3.7 3.8
 3.9 4.  4.1 4.2 4.3 4.4 4.5 4.6 4.7 4.8 4.9]","[1600.0541   1600.68825  1601.3168   1601.94025  1602.5581   1603.16985
 1603.774975 1604.37245  1604.961225 1605.540225 1606.108425 1606.664275
 1607.20625  1607.733325 1608.24395  1608.73765  1609.214475 1609.67395
 1610.11665  1610.543175 1610.954575 1611.35245  1611.7384   1612.114
 1612.480825 1612.839925 1613.19235  1613.539625 1613.88225  1614.220175
 1614.553325 1614.88115  1615.2026   1615.517125 1615.824175 1616.12375
 1616.416375 1616.7031   1616.985    1617.2631   1617.538425 1617.810975
 1618.08125  1618.35025  1618.61795  1618.88435  1619.149425]","[157.88 157.89 157.9  157.91 157.91 157.92 157.93 157.94 157.94 157.95
 157.96 157.96 157.97 157.98 157.98 157.99 158.   158.   158.01 158.02
 158.02 158.03 158.04 158.04 158.05 158.06 158.06 158.07 158.08 158.08
 158.09 158.1  158.1  158.11 158.12 158.13 158.14 158.15 158.15 158.16
 158.17 158.18 158.18 158.19 158.2  158.2  158.21]",0.0,6
