Vehicle_ID,ID,time,xloc,yloc,old_xloc,old_yloc,line_integral_values,maneuver
1961,942,[0.  0.1 0.2 0.3 0.4 0.5 0.6],[56.638925 57.152025 57.6641   58.17515  58.6852   59.194775 59.7044  ],"[1.38184615 1.39184615 1.41184615 1.42184615 1.43184615 1.45184615
 1.46184615]","[1626.638925 1627.152025 1627.6641   1628.17515  1628.6852   1629.194775
 1629.7044  ]",[158.35 158.36 158.38 158.39 158.4  158.42 158.43],0.0,6
1961,972,"[1.5 1.6 1.7 1.8 1.9 2.  2.1 2.2 2.3 2.4 2.5 2.6 2.7 2.8 2.9 3.  3.1 3.2
 3.3 3.4 3.5 3.6 3.7 3.8 3.9 4.  4.1 4.2 4.3 4.4 4.5 4.6 4.7 4.8 4.9 5. ]","[30.256475 30.6926   31.131175 31.572225 32.015725 32.46115  32.908525
 33.35785  33.809125 34.26185  34.716025 35.171625 35.62815  36.086125
 36.545575 37.006    37.467375 37.9297   38.393    38.857275 39.3225
 39.7887   40.255875 40.724025 41.19315  41.663225 42.133775 42.6048
 43.0763   43.548275 44.021225 44.494675 44.9686   45.4435   45.9194
 46.3963  ]","[1.09184615 1.10184615 1.11184615 1.13184615 1.14184615 1.15184615
 1.16184615 1.18184615 1.19184615 1.20184615 1.21184615 1.22184615
 1.23184615 1.24184615 1.25184615 1.26184615 1.27184615 1.28184615
 1.29184615 1.29184615 1.30184615 1.31184615 1.32184615 1.33184615
 1.34184615 1.35184615 1.36184615 1.37184615 1.38184615 1.39184615
 1.40184615 1.40184615 1.41184615 1.42184615 1.43184615 1.44184615]","[1600.256475 1600.6926   1601.131175 1601.572225 1602.015725 1602.46115
 1602.908525 1603.35785  1603.809125 1604.26185  1604.716025 1605.171625
 1605.62815  1606.086125 1606.545575 1607.006    1607.467375 1607.9297
 1608.393    1608.857275 1609.3225   1609.7887   1610.255875 1610.724025
 1611.19315  1611.663225 1612.133775 1612.6048   1613.0763   1613.548275
 1614.021225 1614.494675 1614.9686   1615.4435   1615.9194   1616.3963  ]","[158.06 158.07 158.08 158.1  158.11 158.12 158.13 158.15 158.16 158.17
 158.18 158.19 158.2  158.21 158.22 158.23 158.24 158.25 158.26 158.26
 158.27 158.28 158.29 158.3  158.31 158.32 158.33 158.34 158.35 158.36
 158.37 158.37 158.38 158.39 158.4  158.41]",2.4625444818795e-311,6
