Vehicle_ID,ID,time,xloc,yloc,line_integral_values,maneuver
537,537,[1.7 1.8 1.9 2.  2.1 2.2 2.3 2.4 2.5 2.6 2.7 2.8 2.9 3. ],"[1817.958375 1819.102875 1820.2503   1821.400175 1822.5525   1823.70775
 1824.865425 1826.02505  1827.187125 1828.35165  1829.5181   1830.686475
 1831.8563   1833.027575]","[162.56 162.58 162.6  162.62 162.64 162.66 162.68 162.69 162.71 162.73
 162.74 162.76 162.77 162.78]",0.11964326648706003,6
537,540,[0.  0.1 0.2 0.3 0.4 0.5 0.6 0.7 0.8 0.9 1.  1.1],"[1820.35395  1821.49915  1822.64685  1823.797575 1824.95135  1826.108175
 1827.26855  1828.432975 1829.60095  1830.772475 1831.948025 1833.1271  ]","[162.59 162.6  162.61 162.61 162.62 162.62 162.63 162.63 162.63 162.63
 162.64 162.64]",4.704238826514527e-06,6
537,732,[4.4 4.5 4.6 4.7 4.8 4.9 5. ],"[1817.8926   1819.031325 1820.169975 1821.30905  1822.4486   1823.58865
 1824.7297  ]",[162.55 162.57 162.58 162.59 162.61 162.62 162.63],0.14994147479979786,6
