Vehicle_ID,ID,time,xloc,yloc,line_integral_values,maneuver
3110,2972,"[0.  0.1 0.2 0.3 0.4 0.5 0.6 0.7 0.8 0.9 1.  1.1 1.2 1.3 1.4 1.5 1.6 1.7
 1.8 1.9 2.  2.1 2.2 2.3 2.4 2.5 2.6 2.7 2.8 2.9 3.  3.1 3.2 3.3 3.4 3.5
 3.6 3.7 3.8]","[1344.335575 1344.5549   1344.775775 1344.9982   1345.222175 1345.447675
 1345.6747   1345.90275  1346.1323   1346.363375 1346.595475 1346.829075
 1347.064175 1347.3008   1347.53945  1347.779625 1348.02135  1348.265625
 1348.512425 1348.76125  1349.012125 1349.26555  1349.521525 1349.780025
 1350.04105  1350.304625 1350.571225 1350.84035  1351.112    1351.386675
 1351.664375 1351.9446   1352.22735  1352.5131   1352.80135  1353.0916
 1353.38435  1353.679575 1353.976775]","[158.93 158.92 158.91 158.91 158.9  158.89 158.88 158.88 158.87 158.86
 158.85 158.85 158.84 158.83 158.82 158.82 158.81 158.8  158.8  158.79
 158.78 158.78 158.77 158.77 158.76 158.75 158.75 158.74 158.73 158.73
 158.72 158.71 158.71 158.7  158.69 158.68 158.67 158.67 158.66]",0.45999056847400555,6
3110,3050,"[1.4 1.5 1.6 1.7 1.8 1.9 2.  2.1 2.2 2.3 2.4 2.5 2.6 2.7 2.8 2.9 3.  3.1
 3.2 3.3 3.4 3.5 3.6 3.7 3.8 3.9 4.  4.1 4.2 4.3 4.4 4.5 4.6 4.7 4.8 4.9
 5. ]","[1337.05005  1337.28935  1337.52815  1337.76645  1338.00425  1338.24155
 1338.47835  1338.71515  1338.95195  1339.188775 1339.425125 1339.660975
 1339.89685  1340.13275  1340.36865  1340.60455  1340.84045  1341.07635
 1341.312275 1341.548225 1341.784175 1342.02065  1342.25765  1342.495175
 1342.73325  1342.971875 1343.211525 1343.4522   1343.6939   1343.936125
 1344.178875 1344.42265  1344.667475 1344.913825 1345.1617   1345.411125
 1345.6621  ]","[158.9  158.89 158.89 158.89 158.89 158.88 158.88 158.88 158.87 158.87
 158.87 158.87 158.86 158.86 158.86 158.85 158.85 158.85 158.84 158.84
 158.84 158.83 158.83 158.83 158.82 158.82 158.82 158.81 158.81 158.81
 158.8  158.8  158.8  158.8  158.8  158.79 158.79]",0.22730950430906624,6
