Vehicle_ID,ID,time,xloc,yloc,line_integral_values,maneuver
82,82,[1.2 1.3 1.4 1.5 1.6 1.7 1.8 1.9 2.  2.1 2.2 2.3],"[1337.040775 1338.4979   1339.957    1341.4181   1342.881175 1344.346225
 1345.812775 1347.2808   1348.750775 1350.222225 1351.69465  1353.168525]","[159.29 159.26 159.22 159.19 159.16 159.12 159.09 159.05 159.02 158.98
 158.95 158.91]",0.8998047608458408,6
82,83,[3.6 3.7 3.8 3.9 4.  4.1 4.2 4.3 4.4 4.5 4.6],"[1337.039475 1338.572275 1340.108975 1341.649075 1343.19255  1344.7394
 1346.288625 1347.839725 1349.3927   1350.947525 1352.5037  ]","[159.22 159.19 159.15 159.12 159.09 159.05 159.02 158.99 158.95 158.92
 158.89]",0.7378225462300124,6
82,103,[0.  0.1 0.2 0.3 0.4 0.5 0.6],"[1345.0876   1346.507925 1347.9292   1349.351425 1350.7741   1352.197225
 1353.621325]",[159.01 158.99 158.96 158.93 158.9  158.87 158.84],1.8567318612903344e-15,6
