Vehicle_ID,ID,time,xloc,yloc,line_integral_values,maneuver
61,3,[4.9 5. ],[1810.148975 1811.055375],[162.32 162.34],0.0,6
61,61,[1.4 1.5 1.6 1.7 1.8 1.9 2.  2.1 2.2 2.3 2.4 2.5],"[1810.716125 1811.5235   1812.33395  1813.146975 1813.962525 1814.7811
 1815.602225 1816.425875 1817.25255  1818.08225  1818.914975 1819.75075 ]","[162.   162.01 162.03 162.04 162.06 162.07 162.09 162.1  162.11 162.12
 162.13 162.14]",0.18759516773458923,6
