Vehicle_ID,ID,time,xloc,yloc,line_integral_values,maneuver
2104,1062,[0.  0.1 0.2 0.3 0.4 0.5 0.6 0.7 0.8 0.9 1.  1.1 1.2],"[1619.74195  1620.545    1621.35545  1622.172775 1622.996475 1623.82655
 1624.662475 1625.50375  1626.349875 1627.20085  1628.056175 1628.91535
 1629.778375]","[158.32 158.33 158.35 158.37 158.38 158.4  158.42 158.43 158.45 158.46
 158.48 158.49 158.51]",0.0,6
2104,2017,"[0.2 0.3 0.4 0.5 0.6 0.7 0.8 0.9 1.  1.1 1.2 1.3 1.4 1.5 1.6 1.7 1.8 1.9
 2.  2.1 2.2 2.3 2.4 2.5 2.6 2.7 2.8 2.9 3.  3.1 3.2 3.3 3.4 3.5 3.6 3.7
 3.8 3.9 4.  4.1 4.2 4.3]","[1600.552775 1601.153525 1601.759275 1602.36955  1602.98435  1603.60415
 1604.22895  1604.858775 1605.493625 1606.1335   1606.7784   1607.428325
 1608.0838   1608.7448   1609.411325 1610.0839   1610.762525 1611.4472
 1612.137925 1612.834675 1613.53745  1614.24625  1614.96105  1615.681375
 1616.407225 1617.139075 1617.8764   1618.6187   1619.366475 1620.119725
 1620.87795  1621.640625 1622.40775  1623.179325 1623.95535  1624.735825
 1625.52025  1626.308625 1627.10095  1627.897225 1628.69695  1629.500125]","[157.88 157.89 157.91 157.92 157.93 157.95 157.96 157.97 157.99 158.
 158.02 158.03 158.04 158.06 158.07 158.09 158.1  158.11 158.13 158.14
 158.16 158.17 158.19 158.2  158.22 158.23 158.25 158.27 158.29 158.3
 158.32 158.34 158.36 158.38 158.4  158.42 158.44 158.46 158.48 158.5
 158.51 158.54]",0.0,6
2104,2040,"[2.4 2.5 2.6 2.7 2.8 2.9 3.  3.1 3.2 3.3 3.4 3.5 3.6 3.7 3.8 3.9 4.  4.1
 4.2 4.3 4.4 4.5 4.6 4.7 4.8 4.9]","[1600.172475 1600.827125 1601.4863   1602.15     1602.8187   1603.492425
 1604.1712   1604.855025 1605.5439   1606.2383   1606.938225 1607.6437
 1608.3547   1609.0707   1609.7917   1610.5172   1611.247175 1611.982125
 1612.72155  1613.46495  1614.212825 1614.965175 1615.722    1616.4833
 1617.2491   1618.0194  ]","[157.88 157.9  157.91 157.92 157.94 157.95 157.96 157.98 157.99 158.01
 158.03 158.04 158.06 158.07 158.09 158.11 158.12 158.14 158.16 158.17
 158.19 158.21 158.22 158.24 158.25 158.27]",0.0,6
