Vehicle_ID,ID,time,xloc,yloc,line_integral_values,maneuver
52,52,[5.],[1840.267075],[162.3],0.0,6
52,66,[0.  0.1 0.2 0.3 0.4 0.5 0.6 0.7 0.8],"[1873.812625 1874.573375 1875.33355  1876.093175 1876.852275 1877.611375
 1878.370975 1879.131625 1879.89385 ]",[162.5  162.48 162.46 162.44 162.42 162.4  162.38 162.36 162.33],0.0,6
52,69,"[0.  0.1 0.2 0.3 0.4 0.5 0.6 0.7 0.8 0.9 1.  1.1 1.2 1.3 1.4 1.5 1.6 1.7
 1.8 1.9 2.  2.1 2.2 2.3 2.4 2.5]","[1860.548325 1861.321075 1862.092725 1862.8633   1863.632825 1864.4018
 1865.17025  1865.9382   1866.70665  1867.475625 1868.24515  1869.0152
 1869.785775 1870.5574   1871.32955  1872.1022   1872.875375 1873.649075
 1874.42325  1875.1974   1875.97155  1876.745675 1877.519775 1878.29335
 1879.0664   1879.839425]","[161.9  161.89 161.88 161.88 161.87 161.86 161.84 161.83 161.82 161.81
 161.8  161.79 161.77 161.76 161.75 161.74 161.72 161.71 161.7  161.69
 161.67 161.66 161.64 161.63 161.61 161.6 ]",0.0,6
