Vehicle_ID,ID,time,xloc,yloc,line_integral_values,maneuver
52,52,[1.6 1.7 1.8 1.9 2.  2.1 2.2 2.3 2.4 2.5 2.6 2.7 2.8 2.9],"[1800.508825 1801.1982   1801.8907   1802.58685  1803.287175 1803.992675
 1804.703375 1805.419775 1806.142375 1806.871175 1807.60665  1808.34875
 1809.096975 1809.8513  ]","[161.75 161.76 161.77 161.79 161.8  161.82 161.83 161.85 161.87 161.88
 161.9  161.91 161.93 161.95]",0.31822948873253654,6
52,57,[4.8 4.9 5. ],[1800.500425 1801.21285  1801.924875],[162.35 162.36 162.37],0.0,6
