Vehicle_ID,ID,time,xloc,yloc,line_integral_values,maneuver
1836,1836,[1.  1.1 1.2 1.3 1.4 1.5 1.6 1.7 1.8],"[1810.82295  1811.89755  1812.962075 1814.01705  1815.062475 1816.097875
 1817.123775 1818.140675 1819.148575]",[162.55 162.56 162.57 162.58 162.59 162.6  162.61 162.62 162.62],0.04006699958235803,6
1836,2290,[4.  4.1 4.2 4.3 4.4 4.5 4.6 4.7 4.8 4.9],"[1810.5926   1811.61035  1812.625125 1813.636925 1814.64575  1815.6516
 1816.654475 1817.6544   1818.65185  1819.647325]",[162.78 162.8  162.81 162.83 162.84 162.86 162.87 162.89 162.9  162.91],0.015594601058280593,6
