Vehicle_ID,ID,time,xloc,yloc,line_integral_values,maneuver
522,510,[4.5 4.6 4.7 4.8 4.9 5. ],[1805.226875 1805.7836   1806.349925 1806.926875 1807.515475 1808.1157  ],[162.02 162.03 162.03 162.04 162.05 162.05],1.4099979039915227,6
522,522,"[1.1 1.2 1.3 1.4 1.5 1.6 1.7 1.8 1.9 2.  2.1 2.2 2.3 2.4 2.5 2.6 2.7 2.8
 2.9 3.  3.1 3.2 3.3 3.4 3.5 3.6 3.7 3.8 3.9 4.  4.1 4.2 4.3 4.4 4.5 4.6
 4.7 4.8 4.9 5. ]","[1805.238875 1805.709925 1806.169125 1806.618125 1807.06015  1807.499425
 1807.939625 1808.38335  1808.831625 1809.2849   1809.742575 1810.203025
 1810.665125 1811.12725  1811.5873   1812.044225 1812.498025 1812.948725
 1813.3969   1813.84465  1814.29405  1814.7462   1815.203175 1815.666525
 1816.137275 1816.6159   1817.10235  1817.59605  1818.0959   1818.600825
 1819.10925  1819.6201   1820.13285  1820.646975 1821.16195  1821.67885
 1822.1993   1822.724875 1823.25715  1823.79665 ]","[162.6  162.6  162.6  162.6  162.6  162.6  162.6  162.6  162.6  162.59
 162.59 162.59 162.59 162.59 162.59 162.59 162.59 162.59 162.59 162.58
 162.58 162.58 162.58 162.57 162.57 162.57 162.56 162.56 162.55 162.55
 162.54 162.54 162.53 162.52 162.52 162.51 162.51 162.5  162.5  162.49]",2.722942554997148,6
522,533,"[0.  0.1 0.2 0.3 0.4 0.5 0.6 0.7 0.8 0.9 1.  1.1 1.2 1.3 1.4 1.5 1.6 1.7
 1.8 1.9 2.  2.1 2.2 2.3 2.4 2.5 2.6 2.7 2.8 2.9 3.  3.1 3.2 3.3 3.4 3.5
 3.6 3.7 3.8 3.9 4.  4.1 4.2 4.3 4.4 4.5 4.6 4.7 4.8 4.9 5. ]","[1810.499825 1811.11375  1811.726825 1812.3391   1812.9501   1813.5593
 1814.1641   1814.761375 1815.34905  1815.92455  1816.485825 1817.031375
 1817.560775 1818.074625 1818.5751   1819.06545  1819.5489   1820.02915
 1820.508825 1820.989425 1821.4709   1821.952175 1822.4316   1822.907025
 1823.37635  1823.837975 1824.29085  1824.7345   1825.169475 1825.59685
 1826.018225 1826.435725 1826.851475 1827.267075 1827.684075 1828.1045
 1828.529375 1828.95915  1829.39325  1829.831125 1830.272725 1830.7175
 1831.165425 1831.615975 1832.0686   1832.5238   1832.98315  1833.448225
 1833.920075 1834.40025  1834.88925 ]","[162.86 162.85 162.84 162.83 162.82 162.81 162.8  162.79 162.78 162.76
 162.75 162.74 162.72 162.7  162.69 162.67 162.65 162.63 162.61 162.59
 162.57 162.55 162.53 162.51 162.5  162.48 162.46 162.44 162.43 162.41
 162.39 162.38 162.36 162.35 162.33 162.31 162.29 162.28 162.26 162.24
 162.22 162.2  162.18 162.16 162.14 162.13 162.11 162.1  162.09 162.07
 162.06]",6.671425476926876e-08,6
