Vehicle_ID,ID,time,xloc,yloc,line_integral_values,maneuver
1983,972,"[0.  0.1 0.2 0.3 0.4 0.5 0.6 0.7 0.8 0.9 1.  1.1 1.2 1.3 1.4 1.5 1.6 1.7
 1.8 1.9 2.  2.1 2.2 2.3 2.4 2.5 2.6 2.7 2.8 2.9 3.  3.1]","[1614.494675 1614.9686   1615.4435   1615.9194   1616.3963   1616.8737
 1617.3516   1617.8305   1618.3104   1618.7913   1619.2732   1619.756125
 1620.240075 1620.725025 1621.210975 1621.697925 1622.1859   1622.6749
 1623.165425 1623.657475 1624.15105  1624.646675 1625.144325 1625.6435
 1626.144725 1626.6485   1627.154325 1627.6627   1628.174125 1628.688625
 1629.206225 1629.727425]","[158.37 158.38 158.39 158.4  158.41 158.42 158.43 158.44 158.44 158.45
 158.46 158.47 158.47 158.48 158.49 158.5  158.51 158.51 158.52 158.53
 158.54 158.55 158.56 158.57 158.58 158.59 158.59 158.6  158.61 158.62
 158.62 158.63]",0.0,6
1983,1046,"[2.  2.1 2.2 2.3 2.4 2.5 2.6 2.7 2.8 2.9 3.  3.1 3.2 3.3 3.4 3.5 3.6 3.7
 3.8 3.9 4.  4.1 4.2 4.3 4.4 4.5 4.6 4.7 4.8 4.9]","[1600.222175 1600.620925 1601.020175 1601.41995  1601.82075  1602.222575
 1602.62595  1603.030875 1603.43735  1603.845875 1604.25645  1604.6691
 1605.084325 1605.502625 1605.9235   1606.346925 1606.773425 1607.203
 1607.636125 1608.0728   1608.512525 1608.9553   1609.401625 1609.8515
 1610.3044   1610.760325 1611.219275 1611.68175  1612.14775  1612.61675 ]","[158.03 158.04 158.04 158.04 158.05 158.06 158.06 158.07 158.07 158.08
 158.09 158.09 158.1  158.11 158.11 158.12 158.13 158.13 158.14 158.15
 158.15 158.16 158.17 158.17 158.18 158.19 158.2  158.2  158.21 158.22]",0.0,6
