Vehicle_ID,ID,time,xloc,yloc,line_integral_values,maneuver
536,558,[1.3 1.4 1.5 1.6 1.7 1.8 1.9 2. ],"[1814.036725 1814.200175 1814.3532   1814.495275 1814.62645  1814.746775
 1814.857825 1814.964775]",[162.81 162.8  162.8  162.8  162.79 162.79 162.79 162.79],0.003619324176544817,6
