Vehicle_ID,ID,time,xloc,yloc,line_integral_values,maneuver
91,85,"[1.3 1.4 1.5 1.6 1.7 1.8 1.9 2.  2.1 2.2 2.3 2.4 2.5 2.6 2.7 2.8 2.9 3.
 3.1 3.2 3.3 3.4 3.5 3.6 3.7 3.8 3.9 4.  4.1 4.2 4.3 4.4 4.5 4.6 4.7 4.8
 4.9]","[1600.1027   1601.08405  1602.056825 1603.020525 1603.975125 1604.920625
 1605.85655  1606.7829   1607.69965  1608.6063   1609.50235  1610.3878
 1611.26265  1612.1264   1612.97905  1613.8201   1614.649575 1615.467975
 1616.2753   1617.071075 1617.8553   1618.62795  1619.388525 1620.13755
 1620.875025 1621.60045  1622.313825 1623.01515  1623.70445  1624.38225
 1625.048525 1625.702775 1626.345525 1626.976775 1627.596525 1628.204775
 1628.801025]","[157.95 157.98 158.01 158.04 158.07 158.1  158.13 158.16 158.19 158.22
 158.25 158.28 158.31 158.34 158.37 158.39 158.42 158.45 158.47 158.5
 158.52 158.55 158.57 158.6  158.62 158.64 158.66 158.68 158.7  158.72
 158.74 158.75 158.77 158.79 158.8  158.81 158.82]",0.0,6
91,91,"[2.8 2.9 3.  3.1 3.2 3.3 3.4 3.5 3.6 3.7 3.8 3.9 4.  4.1 4.2 4.3 4.4 4.5
 4.6 4.7 4.8 4.9]","[1600.088    1601.04695  1601.993325 1602.927125 1603.847825 1604.755425
 1605.64995  1606.5309   1607.39775  1608.2505   1609.08915  1609.9137
 1610.72365  1611.5185   1612.29825  1613.063425 1613.814025 1614.549575
 1615.2706   1615.977575 1616.670025 1617.347975]","[158.48 158.5  158.52 158.54 158.55 158.57 158.59 158.61 158.62 158.64
 158.66 158.67 158.69 158.7  158.72 158.73 158.75 158.76 158.77 158.79
 158.8  158.81]",0.0,6
91,94,"[0.  0.1 0.2 0.3 0.4 0.5 0.6 0.7 0.8 0.9 1.  1.1 1.2 1.3 1.4 1.5 1.6 1.7
 1.8 1.9 2.  2.1 2.2 2.3 2.4]","[1609.4632   1610.40205  1611.3328   1612.255425 1613.169425 1614.074325
 1614.9701   1615.85625  1616.7328   1617.59975  1618.4566   1619.30385
 1620.141525 1620.969125 1621.786625 1622.59355  1623.389925 1624.176225
 1624.95245  1625.718125 1626.47275  1627.216325 1627.948825 1628.669725
 1629.378525]","[158.51 158.53 158.55 158.56 158.58 158.6  158.61 158.63 158.65 158.66
 158.68 158.7  158.71 158.73 158.74 158.76 158.78 158.79 158.81 158.83
 158.84 158.86 158.87 158.89 158.91]",0.0,6
91,438,[0.  0.1 0.2 0.3],[1627.1653   1628.017375 1628.8588   1629.689575],[159.14 159.16 159.18 159.19],0.0,6
