Vehicle_ID,ID,time,xloc,yloc,line_integral_values,maneuver
2484,2484,[1.  1.1 1.2 1.3 1.4 1.5 1.6 1.7 1.8],"[1800.926475 1802.015125 1803.0961   1804.1689   1805.2325   1806.2869
 1807.3316   1808.3661   1809.3904  ]",[162.2  162.23 162.25 162.27 162.29 162.32 162.34 162.36 162.38],0.1794185582437959,6
2484,2841,[2.8 2.9 3.  3.1 3.2 3.3 3.4 3.5 3.6 3.7 3.8],"[1800.05125  1801.066325 1802.07175  1803.067525 1804.054175 1805.031725
 1806.0002   1806.959625 1807.910525 1808.852925 1809.786825]","[162.01 162.03 162.05 162.06 162.08 162.09 162.1  162.12 162.13 162.14
 162.15]",0.3340717172425246,6
