Vehicle_ID,ID,time,xloc,yloc,line_integral_values,maneuver
2104,2017,[0.  0.1 0.2 0.3 0.4 0.5 0.6 0.7 0.8 0.9 1.  1.1 1.2 1.3 1.4 1.5 1.6],"[1344.02075  1344.659825 1345.292175 1345.918875 1346.541    1347.159125
 1347.7743   1348.38755  1348.998925 1349.608925 1350.2175   1350.8236
 1351.426675 1352.0262   1352.6206   1353.207775 1353.786675]","[159.48 159.47 159.46 159.44 159.43 159.42 159.4  159.39 159.37 159.36
 159.34 159.33 159.31 159.3  159.29 159.27 159.26]",1.7173643797945872,6
2104,2040,"[0.8 0.9 1.  1.1 1.2 1.3 1.4 1.5 1.6 1.7 1.8 1.9 2.  2.1 2.2 2.3 2.4 2.5
 2.6 2.7 2.8 2.9 3.  3.1 3.2 3.3 3.4 3.5 3.6 3.7 3.8 3.9]","[1337.2154   1337.83755  1338.459275 1339.0795   1339.697675 1340.312775
 1340.923225 1341.527425 1342.123275 1342.708725 1343.283275 1343.847475
 1344.400875 1344.942975 1345.473275 1345.990775 1346.4955   1346.987475
 1347.46675  1347.934925 1348.394125 1348.847    1349.296225 1349.74495
 1350.1968   1350.654875 1351.121725 1351.598875 1352.086775 1352.5853
 1353.093325 1353.6087  ]","[159.58 159.56 159.55 159.53 159.52 159.5  159.49 159.48 159.46 159.45
 159.44 159.43 159.41 159.4  159.39 159.38 159.37 159.36 159.35 159.34
 159.33 159.32 159.3  159.29 159.28 159.27 159.25 159.24 159.22 159.21
 159.19 159.18]",3.3441450804219244,6
2104,2104,"[3.2 3.3 3.4 3.5 3.6 3.7 3.8 3.9 4.  4.1 4.2 4.3 4.4 4.5 4.6 4.7 4.8 4.9
 5. ]","[1337.152175 1337.57065  1337.997475 1338.434125 1338.88155  1339.339175
 1339.80585  1340.279875 1340.75905  1341.2407   1341.7217   1342.200475
 1342.675975 1343.1477   1343.6162   1344.081525 1344.544725 1345.006875
 1345.4691  ]","[159.32 159.31 159.3  159.28 159.27 159.26 159.25 159.24 159.23 159.22
 159.21 159.2  159.19 159.18 159.17 159.16 159.15 159.14 159.13]",4.290151733135592,6
