Vehicle_ID,ID,time,xloc,yloc,line_integral_values,maneuver
82,82,[2.9 3.  3.1],[1980.02465 1980.39905 1980.76885],[155.5  155.48 155.45],0.00019533250067857766,6
