Vehicle_ID,ID,time,xloc,yloc,line_integral_values,maneuver
2390,1008,[0.  0.1],[1828.6758 1829.6482],[162.59 162.59],0.0,6
2390,2390,[1.6 1.7 1.8 1.9 2.  2.1 2.2 2.3 2.4 2.5 2.6 2.7 2.8 2.9 3. ],"[1815.30885  1816.308225 1817.30615  1818.302625 1819.29815  1820.2922
 1821.284775 1822.275875 1823.264975 1824.252575 1825.238675 1826.222775
 1827.204875 1828.184975 1829.163075]","[162.62 162.63 162.64 162.65 162.66 162.67 162.68 162.69 162.7  162.71
 162.71 162.72 162.73 162.73 162.74]",0.007311911974659638,6
2390,2449,[4.5 4.6 4.7 4.8 4.9 5. ],[1815.408225 1816.52345  1817.63565  1818.744825 1819.850975 1820.9541  ],[162.79 162.8  162.81 162.82 162.83 162.83],0.0007857381608268638,6
