Vehicle_ID,ID,time,xloc,yloc,line_integral_values,maneuver
1046,972,[0.  0.1 0.2 0.3 0.4 0.5 0.6 0.7 0.8 0.9 1.  1.1],"[1347.050375 1347.67105  1348.292775 1348.915525 1349.538775 1350.162525
 1350.786775 1351.411    1352.035175 1352.658825 1353.28195  1353.905025]","[158.95 158.95 158.95 158.95 158.95 158.95 158.95 158.95 158.95 158.95
 158.95 158.94]",0.0,6
1046,1046,"[2.5 2.6 2.7 2.8 2.9 3.  3.1 3.2 3.3 3.4 3.5 3.6 3.7 3.8 3.9 4.  4.1 4.2
 4.3 4.4 4.5 4.6 4.7 4.8 4.9]","[1337.5001   1338.1957   1338.890325 1339.583475 1340.275125 1340.965275
 1341.65395  1342.34115  1343.02685  1343.711575 1344.395325 1345.0781
 1345.759925 1346.440775 1347.12065  1347.800075 1348.479025 1349.156975
 1349.83395  1350.51045  1351.186475 1351.861525 1352.536075 1353.21015
 1353.88375 ]","[159.32 159.3  159.29 159.28 159.26 159.25 159.23 159.22 159.2  159.19
 159.17 159.16 159.14 159.13 159.11 159.1  159.08 159.06 159.05 159.04
 159.02 159.01 158.99 158.98 158.96]",2.845149983806097,6
