Vehicle_ID,ID,time,xloc,yloc,line_integral_values,maneuver
488,488,"[3.2 3.3 3.4 3.5 3.6 3.7 3.8 3.9 4.  4.1 4.2 4.3 4.4 4.5 4.6 4.7 4.8 4.9
 5. ]","[1920.11285  1920.648775 1921.214875 1921.8073   1922.421175 1923.050575
 1923.6886   1924.328425 1924.9643   1925.5931   1926.212325 1926.8195
 1927.41365  1927.993825 1928.55965  1929.112825 1929.65555  1930.1905
 1930.71985 ]","[159.5  159.48 159.45 159.42 159.4  159.37 159.34 159.31 159.28 159.25
 159.23 159.2  159.17 159.14 159.11 159.08 159.05 159.01 158.98]",0.028229679858413688,6
488,510,"[0.  0.1 0.2 0.3 0.4 0.5 0.6 0.7 0.8 0.9 1.  1.1 1.2 1.3 1.4 1.5 1.6 1.7
 1.8 1.9 2.  2.1 2.2 2.3 2.4 2.5 2.6 2.7 2.8 2.9 3.  3.1 3.2 3.3 3.4 3.5
 3.6 3.7 3.8 3.9 4.  4.1 4.2 4.3 4.4 4.5 4.6 4.7 4.8 4.9 5. ]","[1922.788475 1923.386225 1923.960125 1924.513925 1925.05135  1925.5761
 1926.0913   1926.599025 1927.1008   1927.5971   1928.0879   1928.573625
 1929.053675 1929.526475 1929.9914   1930.447375 1930.89285  1931.3278
 1931.7538   1932.17245  1932.58585  1932.9961   1933.404775 1933.812875
 1934.220875 1934.62925  1935.039    1935.452725 1935.87465  1936.311075
 1936.7693   1937.25605  1937.7759   1938.3308   1938.920025 1939.54075
 1940.1881   1940.856125 1941.538425 1942.2276   1942.9168   1943.600325
 1944.274075 1944.935525 1945.581675 1946.210575 1946.822875 1947.420325
 1948.006225 1948.58435  1949.1574  ]","[159.4  159.38 159.36 159.34 159.32 159.3  159.27 159.25 159.23 159.21
 159.19 159.17 159.15 159.12 159.1  159.08 159.05 159.03 159.   158.98
 158.95 158.93 158.9  158.88 158.85 158.82 158.79 158.77 158.74 158.71
 158.68 158.65 158.62 158.59 158.56 158.52 158.49 158.46 158.42 158.39
 158.36 158.32 158.29 158.26 158.22 158.19 158.16 158.13 158.1  158.06
 158.04]",4.456440248961837e-06,6
488,522,"[0.  0.1 0.2 0.3 0.4 0.5 0.6 0.7 0.8 0.9 1.  1.1 1.2 1.3 1.4 1.5 1.6 1.7
 1.8 1.9 2.  2.1 2.2 2.3 2.4 2.5 2.6 2.7]","[1938.35845  1939.118725 1939.86005  1940.581975 1941.28455  1941.968325
 1942.63335  1943.27965  1943.90725  1944.515675 1945.10495  1945.675075
 1946.226575 1946.760525 1947.2775   1947.77855  1948.26525  1948.738675
 1949.200375 1949.652425 1950.0964   1950.533325 1950.9647   1951.391025
 1951.81225  1952.22885  1952.641325 1953.051975]","[158.35 158.32 158.3  158.27 158.25 158.22 158.2  158.17 158.14 158.12
 158.1  158.07 158.05 158.03 158.01 157.99 157.98 157.96 157.94 157.93
 157.91 157.9  157.89 157.88 157.87 157.86 157.85 157.84]",0.0,6
