Vehicle_ID,ID,time,xloc,yloc,line_integral_values,maneuver
85,85,[1.4 1.5 1.6 1.7 1.8 1.9 2.  2.1 2.2 2.3 2.4 2.5 2.6],"[1810.726075 1811.531725 1812.336425 1813.138125 1813.935325 1814.7265
 1815.50955  1816.280825 1817.035675 1817.76995  1818.48005  1819.1619
 1819.810875]","[162.17 162.18 162.19 162.2  162.21 162.22 162.23 162.24 162.25 162.26
 162.26 162.27 162.28]",0.1088079322613485,6
85,91,[3.6 3.7 3.8 3.9 4.  4.1 4.2 4.3 4.4 4.5 4.6 4.7 4.8 4.9 5. ],"[1810.15615  1810.606425 1811.05315  1811.499475 1811.947975 1812.40015
 1812.856475 1813.317375 1813.781725 1814.248925 1814.7184   1815.1896
 1815.66355  1816.142375 1816.62975 ]","[162.23 162.23 162.23 162.23 162.23 162.22 162.22 162.22 162.22 162.22
 162.21 162.21 162.2  162.2  162.19]",0.0601410555041251,6
85,94,[0.  0.1 0.2 0.3 0.4 0.5 0.6 0.7],"[1813.3556   1814.279175 1815.2122   1816.150975 1817.091375 1818.029275
 1818.961025 1819.882575]",[162.6  162.6  162.61 162.61 162.61 162.62 162.62 162.63],0.0005471347196496683,6
