Vehicle_ID,ID,time,xloc,yloc,line_integral_values,maneuver
1008,1008,[1.1 1.2 1.3 1.4 1.5 1.6 1.7 1.8 1.9 2. ],"[1810.630325 1811.66065  1812.68695  1813.70975  1814.72905  1815.74485
 1816.75765  1817.767475 1818.774325 1819.778175]",[162.49 162.5  162.51 162.52 162.53 162.54 162.55 162.55 162.56 162.57],0.053477300583759116,6
1008,2290,[0.  0.1 0.2 0.3 0.4 0.5 0.6],"[1813.636925 1814.64575  1815.6516   1816.654475 1817.6544   1818.65185
 1819.647325]",[162.83 162.84 162.86 162.87 162.89 162.9  162.91],1.0737172563517396e-05,6
1008,2390,[4.  4.1 4.2 4.3 4.4 4.5 4.6 4.7 4.8 4.9],"[1810.288975 1811.296525 1812.30215  1813.305825 1814.30805  1815.30885
 1816.308225 1817.30615  1818.302625 1819.29815 ]",[162.56 162.57 162.58 162.6  162.61 162.62 162.63 162.64 162.65 162.66],0.04135613214854733,6
