Vehicle_ID,ID,time,xloc,yloc,line_integral_values,maneuver
75,66,"[0.  0.1 0.2 0.3 0.4 0.5 0.6 0.7 0.8 0.9 1.  1.1 1.2 1.3 1.4 1.5 1.6 1.7
 1.8 1.9 2.  2.1 2.2 2.3 2.4 2.5 2.6 2.7 2.8 2.9 3.  3.1 3.2 3.3 3.4 3.5
 3.6 3.7]","[1832.27875  1832.9676   1833.66295  1834.364275 1835.071025 1835.782675
 1836.4987   1837.2186   1837.941875 1838.668    1839.396975 1840.1283
 1840.861475 1841.5965   1842.333375 1843.072125 1843.81225  1844.55325
 1845.29515  1846.03845  1846.78315  1847.528775 1848.27585  1849.024375
 1849.77385  1850.524275 1851.27565  1852.02745  1852.77915  1853.53075
 1854.281725 1855.031575 1855.7798   1856.5264   1857.2714   1858.0148
 1858.75715  1859.498475]","[162.71 162.72 162.73 162.73 162.74 162.74 162.75 162.75 162.76 162.76
 162.77 162.77 162.77 162.78 162.78 162.78 162.78 162.79 162.79 162.79
 162.79 162.79 162.79 162.8  162.8  162.8  162.8  162.79 162.79 162.79
 162.79 162.78 162.78 162.77 162.76 162.75 162.75 162.74]",0.03862751917050491,6
75,69,"[1.5 1.6 1.7 1.8 1.9 2.  2.1 2.2 2.3 2.4 2.5 2.6 2.7 2.8 2.9 3.  3.1 3.2
 3.3 3.4 3.5 3.6 3.7 3.8 3.9 4.  4.1 4.2 4.3 4.4 4.5 4.6 4.7 4.8 4.9 5. ]","[1830.226325 1830.886525 1831.552225 1832.223425 1832.90015  1833.5829
 1834.27115  1834.9649   1835.66465  1836.3699   1837.08065  1837.7969
 1838.518125 1839.2438   1839.973925 1840.707975 1841.445425 1842.186275
 1842.9295   1843.6751   1844.423075 1845.172925 1845.9247   1846.6789
 1847.435525 1848.1946   1848.95615  1849.720175 1850.48665  1851.255075
 1852.02545  1852.797775 1853.571525 1854.346175 1855.12175  1855.897725]","[162.11 162.11 162.11 162.1  162.1  162.1  162.1  162.09 162.09 162.09
 162.08 162.08 162.08 162.08 162.07 162.07 162.07 162.06 162.06 162.05
 162.05 162.04 162.03 162.03 162.02 162.01 162.01 162.   161.99 161.99
 161.98 161.97 161.97 161.96 161.95 161.94]",3.760544308231122,6
75,75,[4.],[1830.70375],[160.37],0.0,6
