Vehicle_ID,ID,time,xloc,yloc,line_integral_values,maneuver
788,788,[1.  1.1 1.2 1.3 1.4 1.5 1.6 1.7],"[1800.997775 1802.119875 1803.243575 1804.368875 1805.49625  1806.625675
 1807.75715  1808.890175]",[162.38 162.39 162.4  162.41 162.42 162.43 162.43 162.44],0.07803745350981207,6
788,856,[2.7 2.8 2.9 3.  3.1 3.2 3.3 3.4],"[1800.97545  1802.1405   1803.309075 1804.481175 1805.656275 1806.834375
 1808.015475 1809.19955 ]",[162.35 162.36 162.38 162.4  162.41 162.43 162.45 162.46],0.06094446871927428,6
788,899,[4.2 4.3 4.4 4.5 4.6 4.7 4.8 4.9 5. ],"[1800.8074   1801.937225 1803.071075 1804.2084   1805.3487   1806.491975
 1807.637675 1808.7853   1809.93485 ]",[162.07 162.09 162.1  162.11 162.12 162.14 162.15 162.16 162.17],0.2361280496271952,6
