Vehicle_ID,ID,time,xloc,yloc,line_integral_values,maneuver
91,82,[5.],[1337.040775],[159.29],0.0,6
91,85,[0.  0.1 0.2 0.3],[1348.920725 1350.336425 1351.750025 1353.161525],[158.53 158.5  158.48 158.45],0.0,6
91,91,[1.3 1.4 1.5 1.6 1.7 1.8 1.9 2.  2.1 2.2 2.3 2.4],"[1337.68045  1339.144025 1340.608025 1342.07245  1343.536825 1345.00115
 1346.464925 1347.92815  1349.39135  1350.854525 1352.31715  1353.779225]","[159.01 158.98 158.95 158.92 158.89 158.86 158.84 158.81 158.78 158.75
 158.73 158.7 ]",0.16973117877787194,6
91,103,[3.3 3.4 3.5 3.6 3.7 3.8 3.9 4.  4.1 4.2 4.3 4.4],"[1338.000725 1339.4158   1340.832325 1342.2498   1343.668225 1345.0876
 1346.507925 1347.9292   1349.351425 1350.7741   1352.197225 1353.621325]","[159.15 159.12 159.1  159.07 159.04 159.01 158.99 158.96 158.93 158.9
 158.87 158.84]",0.11579827412531374,6
