Vehicle_ID,ID,time,xloc,yloc,line_integral_values,maneuver
66,66,[3.4 3.5 3.6 3.7 3.8 3.9 4.  4.1 4.2 4.3 4.4 4.5 4.6 4.7 4.8 4.9 5. ],"[1817.25295  1817.78755  1818.32575  1818.86805  1819.414425 1819.9654
 1820.5215   1821.0827   1821.649525 1822.2225   1822.801625 1823.386875
 1823.978725 1824.577175 1825.182225 1825.793875 1826.4121  ]","[162.56 162.56 162.57 162.58 162.58 162.59 162.59 162.6  162.6  162.61
 162.62 162.62 162.63 162.63 162.64 162.65 162.65]",2.740840817195945,6
66,68,"[0.  0.1 0.2 0.3 0.4 0.5 0.6 0.7 0.8 0.9 1.  1.1 1.2 1.3 1.4 1.5 1.6 1.7
 1.8 1.9 2.  2.1]","[1821.543    1822.06085  1822.5843   1823.11285  1823.646475 1824.185125
 1824.728275 1825.275925 1825.828075 1826.384225 1826.944875 1827.51005
 1828.07975  1828.654475 1829.23425  1829.8196   1830.41155  1831.0106
 1831.616775 1832.230575 1832.851975 1833.47995 ]","[162.66 162.66 162.67 162.68 162.69 162.7  162.71 162.72 162.73 162.73
 162.74 162.75 162.75 162.76 162.76 162.77 162.77 162.78 162.78 162.79
 162.79 162.8 ]",1.2665791468338198e-05,6
