Vehicle_ID,ID,time,xloc,yloc,line_integral_values,maneuver
536,536,[3.4 3.5 3.6 3.7 3.8 3.9 4.  4.1 4.2 4.3 4.4 4.5 4.6 4.7 4.8 4.9 5. ],"[1800.1712   1800.485475 1800.797575 1801.107    1801.41325  1801.716325
 1802.0163   1802.31425  1802.611725 1802.90925  1803.20525  1803.4976
 1803.784175 1804.0629   1804.332225 1804.591125 1804.8402  ]","[162.97 162.97 162.97 162.98 162.98 162.98 162.98 162.97 162.97 162.97
 162.97 162.96 162.96 162.95 162.95 162.95 162.94]",0.0016186505634943568,6
536,558,"[0.  0.1 0.2 0.3 0.4 0.5 0.6 0.7 0.8 0.9 1.  1.1 1.2 1.3 1.4 1.5 1.6 1.7
 1.8 1.9 2.  2.1 2.2 2.3 2.4 2.5 2.6 2.7 2.8]","[1801.9054   1802.1876   1802.4789   1802.776625 1803.07865  1803.381325
 1803.681475 1803.976525 1804.265475 1804.549425 1804.82955  1805.108025
 1805.3875   1805.66955  1805.95525  1806.24515  1806.538675 1806.834175
 1807.12955  1807.4232   1807.71355  1807.999625 1808.28145  1808.5601
 1808.8367   1809.112325 1809.3885   1809.66575  1809.943575]","[162.81 162.81 162.82 162.82 162.83 162.83 162.84 162.84 162.84 162.85
 162.85 162.86 162.86 162.86 162.87 162.87 162.87 162.87 162.88 162.88
 162.88 162.88 162.88 162.88 162.88 162.88 162.87 162.87 162.87]",0.013475244472213497,6
