Vehicle_ID,ID,time,xloc,yloc,line_integral_values,maneuver
533,522,[4.1 4.2 4.3 4.4 4.5 4.6 4.7 4.8 4.9 5. ],"[1810.203025 1810.665125 1811.12725  1811.5873   1812.044225 1812.498025
 1812.948725 1813.3969   1813.84465  1814.29405 ]",[162.59 162.59 162.59 162.59 162.59 162.59 162.59 162.59 162.58 162.58],0.01444350403395128,6
533,533,[1.9 2.  2.1 2.2 2.3 2.4 2.5 2.6 2.7 2.8 2.9 3.  3.1 3.2 3.3 3.4 3.5],"[1810.499825 1811.11375  1811.726825 1812.3391   1812.9501   1813.5593
 1814.1641   1814.761375 1815.34905  1815.92455  1816.485825 1817.031375
 1817.560775 1818.074625 1818.5751   1819.06545  1819.5489  ]","[162.86 162.85 162.84 162.83 162.82 162.81 162.8  162.79 162.78 162.76
 162.75 162.74 162.72 162.7  162.69 162.67 162.65]",0.009587940581171236,6
533,536,[0.  0.1 0.2 0.3 0.4 0.5 0.6],"[1812.402225 1812.67315  1812.947625 1813.226675 1813.510825 1813.80005
 1814.0918  ]",[162.87 162.87 162.88 162.88 162.88 162.88 162.88],0.004155187656307049,6
