Vehicle_ID,ID,time,xloc,yloc,line_integral_values,maneuver
75,75,[1.6 1.7 1.8 1.9 2.  2.1 2.2 2.3 2.4 2.5 2.6 2.7 2.8 2.9],"[1800.283425 1800.984875 1801.6892   1802.395375 1803.102875 1803.8112
 1804.52035  1805.23035  1805.94175  1806.655075 1807.370375 1808.0887
 1808.8111   1809.5381  ]","[161.7  161.7  161.69 161.69 161.68 161.67 161.66 161.64 161.63 161.61
 161.59 161.57 161.55 161.52]",0.5630455196522224,6
