Vehicle_ID,ID,time,xloc,yloc,line_integral_values,maneuver
2290,1008,[3.  3.1 3.2 3.3 3.4 3.5 3.6 3.7 3.8 3.9 4.  4.1 4.2 4.3 4.4],"[1815.74485  1816.75765  1817.767475 1818.774325 1819.778175 1820.77905
 1821.77695  1822.77185  1823.76375  1824.75265  1825.738575 1826.721
 1827.6999   1828.6758   1829.6482  ]","[162.54 162.55 162.55 162.56 162.57 162.57 162.57 162.58 162.58 162.58
 162.58 162.59 162.59 162.59 162.59]",0.01194819176144887,6
2290,1836,[0.],[1829.7164],[162.68],0.0,6
2290,2290,[1.6 1.7 1.8 1.9 2.  2.1 2.2 2.3 2.4 2.5 2.6 2.7 2.8 2.9 3. ],"[1815.6516   1816.654475 1817.6544   1818.65185  1819.647325 1820.640875
 1821.6325   1822.622175 1823.6099   1824.595675 1825.58     1826.56285
 1827.5432   1828.52105  1829.4969  ]","[162.86 162.87 162.89 162.9  162.91 162.92 162.93 162.94 162.95 162.95
 162.96 162.97 162.98 162.98 162.99]",0.00721726915389501,6
