Vehicle_ID,ID,time,xloc,yloc,line_integral_values,maneuver
540,0,[0.  0.1 0.2 0.3 0.4 0.5 0.6 0.7 0.8],"[1872.333725 1873.28605  1874.23735  1875.18765  1876.137425 1877.086675
 1878.034925 1878.98215  1879.92835 ]",[162.68 162.66 162.64 162.61 162.59 162.57 162.55 162.52 162.5 ],0.0,6
540,145,"[0.1 0.2 0.3 0.4 0.5 0.6 0.7 0.8 0.9 1.  1.1 1.2 1.3 1.4 1.5 1.6 1.7 1.8
 1.9 2.  2.1 2.2 2.3 2.4 2.5 2.6 2.7 2.8 2.9 3.  3.1 3.2 3.3]","[1841.075925 1842.254175 1843.435425 1844.620175 1845.8084   1846.999075
 1848.1922   1849.387775 1850.5853   1851.78475  1852.986125 1854.188925
 1855.39265  1856.5978   1857.804375 1859.0119   1860.220375 1861.4298
 1862.640175 1863.8515   1865.0643   1866.278575 1867.4938   1868.71
 1869.926675 1871.1438   1872.361375 1873.5794   1874.797875 1876.015775
 1877.2331   1878.44985  1879.666025]","[162.38 162.38 162.38 162.38 162.38 162.38 162.38 162.37 162.37 162.36
 162.36 162.35 162.35 162.34 162.33 162.33 162.32 162.31 162.3  162.29
 162.28 162.26 162.25 162.23 162.22 162.2  162.19 162.17 162.15 162.13
 162.11 162.08 162.06]",0.18578117727080845,6
540,540,[3.6 3.7 3.8 3.9 4.  4.1 4.2 4.3 4.4 4.5 4.6 4.7 4.8 4.9 5. ],"[1840.25975  1841.456125 1842.65445  1843.8547   1845.056375 1846.2595
 1847.4646   1848.671175 1849.879225 1851.089275 1852.301325 1853.515375
 1854.731925 1855.950975 1857.172025]","[162.64 162.64 162.64 162.64 162.63 162.63 162.63 162.62 162.62 162.61
 162.61 162.6  162.59 162.58 162.57]",0.8262079122718898,6
