Vehicle_ID,ID,time,xloc,yloc,line_integral_values,maneuver
2841,2484,[0.  0.1 0.2],[1818.120625 1819.03615  1819.94115 ],[162.55 162.56 162.58],8.55088686147728e-61,6
2841,2841,[1.2 1.3 1.4 1.5 1.6 1.7 1.8 1.9 2.  2.1 2.2],"[1810.712725 1811.63065  1812.5411   1813.444075 1814.339075 1815.2266
 1816.107175 1816.980275 1817.8459   1818.705075 1819.557825]","[162.16 162.17 162.18 162.19 162.2  162.2  162.21 162.22 162.23 162.23
 162.24]",0.1327502383500516,6
