Vehicle_ID,ID,time,xloc,yloc,line_integral_values,maneuver
586,586,[4.3 4.4 4.5],[1600.00195  1600.695075 1601.387675],[158.4  158.42 158.43],0.0,6
