Vehicle_ID,ID,time,xloc,yloc,line_integral_values,maneuver
558,533,[4.3 4.4 4.5 4.6 4.7 4.8 4.9 5. ],"[1577.812925 1578.9784   1580.1393   1581.295075 1582.445725 1583.59075
 1584.72965  1585.861925]",[157.95 157.98 158.02 158.05 158.08 158.11 158.14 158.17],0.44142329949577064,6
558,536,[2.9 3.  3.1 3.2 3.3 3.4 3.5 3.6 3.7 3.8 3.9 4.  4.1 4.2 4.3 4.4],"[1577.8437   1578.9254   1579.999    1581.064    1582.1204   1583.1682
 1584.2069   1585.236525 1586.257075 1587.268025 1588.268875 1589.260125
 1590.241275 1591.211825 1592.172275 1593.122125]","[157.78 157.81 157.84 157.87 157.9  157.93 157.97 158.   158.03 158.07
 158.1  158.13 158.17 158.2  158.24 158.27]",0.8958047263903429,6
558,558,[1.8 1.9 2.  2.1 2.2 2.3 2.4 2.5 2.6 2.7 2.8 2.9 3. ],"[1577.067225 1577.948825 1578.81735  1579.673325 1580.5173   1581.3498
 1582.17135  1582.982    1583.78275  1584.574625 1585.35765  1586.13285
 1586.90075 ]","[158.07 158.1  158.12 158.14 158.16 158.19 158.21 158.23 158.25 158.28
 158.3  158.32 158.34]",2.252555012944114,6
558,586,"[0.  0.1 0.2 0.3 0.4 0.5 0.6 0.7 0.8 0.9 1.  1.1 1.2 1.3 1.4 1.5 1.6 1.7
 1.8 1.9]","[1580.744725 1581.447925 1582.148325 1582.845925 1583.5407   1584.23265
 1584.922275 1585.61005  1586.295975 1586.98005  1587.662275 1588.343125
 1589.0236   1589.70375  1590.383575 1591.06355  1591.744175 1592.42595
 1593.108875 1593.79295 ]","[157.93 157.95 157.97 157.99 158.01 158.03 158.05 158.06 158.08 158.1
 158.12 158.13 158.15 158.17 158.19 158.2  158.22 158.23 158.25 158.27]",4.0937221150384285e-05,6
