Vehicle_ID,ID,time,xloc,yloc,line_integral_values,maneuver
1046,972,"[0.  0.1 0.2 0.3 0.4 0.5 0.6 0.7 0.8 0.9 1.  1.1 1.2 1.3 1.4 1.5 1.6 1.7
 1.8 1.9 2.  2.1 2.2 2.3 2.4 2.5 2.6 2.7 2.8 2.9 3.  3.1 3.2 3.3 3.4 3.5]","[1844.46105  1845.521225 1846.577375 1847.630025 1848.679175 1849.724325
 1850.765475 1851.803125 1852.837275 1853.867425 1854.8941   1855.9178
 1856.938525 1857.9563   1858.971625 1859.9845   1860.994925 1862.0034
 1863.00995  1864.014575 1865.01725  1866.01795  1867.016675 1868.01345
 1869.008275 1870.001625 1870.9935   1871.983425 1872.9719   1873.958925
 1874.944475 1875.92905  1876.912675 1877.89535  1878.877075 1879.85835 ]","[162.27 162.26 162.25 162.24 162.23 162.21 162.2  162.19 162.18 162.17
 162.16 162.15 162.13 162.12 162.1  162.09 162.07 162.06 162.04 162.02
 162.   161.98 161.96 161.94 161.92 161.9  161.88 161.86 161.84 161.82
 161.79 161.77 161.75 161.72 161.69 161.67]",5.8601614755096613e-08,6
1046,1046,[3.6 3.7 3.8 3.9 4.  4.1 4.2 4.3 4.4 4.5 4.6 4.7 4.8 4.9 5. ],"[1840.691225 1841.81005  1842.925325 1844.03755  1845.146225 1846.25135
 1847.353425 1848.451975 1849.547    1850.639    1851.727475 1852.812425
 1853.894375 1854.973325 1856.049275]","[162.33 162.33 162.33 162.33 162.33 162.33 162.33 162.33 162.33 162.33
 162.33 162.32 162.32 162.31 162.31]",0.2757179401883634,6
