Vehicle_ID,ID,time,xloc,yloc,line_integral_values,maneuver
1008,1008,[1.4 1.5 1.6 1.7 1.8 1.9 2.  2.1 2.2 2.3 2.4 2.5 2.6],"[2108.3331   2109.643375 2110.9576   2112.275775 2113.597925 2114.924075
 2116.254225 2117.588875 2118.92855  2120.273275 2121.62305  2122.978375
 2124.33925 ]","[143.89 143.78 143.67 143.56 143.46 143.35 143.24 143.13 143.02 142.92
 142.81 142.7  142.59]",3.028837411198671e-12,6
1008,1836,[0.],[2124.557125],[142.64],0.0,6
1008,2290,[0.3 0.4 0.5 0.6 0.7 0.8 0.9 1.  1.1 1.2 1.3 1.4 1.5],"[2109.2546   2110.530475 2111.8124   2113.10085  2114.396325 2115.69835
 2117.006925 2118.322525 2119.64465  2120.9733   2122.308975 2123.651175
 2124.9999  ]","[143.98 143.87 143.77 143.67 143.56 143.46 143.36 143.25 143.15 143.05
 142.94 142.84 142.73]",9.364962924016293e-13,6
1008,2390,[3.5 3.6 3.7 3.8 3.9 4.  4.1 4.2 4.3 4.4 4.5 4.6 4.7],"[2108.493225 2109.8537   2111.2171   2112.582925 2113.9512   2115.321925
 2116.6951   2118.071225 2119.450325 2120.832425 2122.218025 2123.60715
 2124.999825]","[143.98 143.86 143.75 143.64 143.53 143.42 143.31 143.2  143.09 142.98
 142.87 142.76 142.65]",3.4678245220172197e-12,6
