Vehicle_ID,ID,time,xloc,yloc,line_integral_values,maneuver
438,438,"[1.6 1.7 1.8 1.9 2.  2.1 2.2 2.3 2.4 2.5 2.6 2.7 2.8 2.9 3.  3.1 3.2 3.3
 3.4 3.5 3.6]","[1800.362525 1800.896475 1801.41205  1801.913025 1802.40315  1802.8861
 1803.36555  1803.8441   1804.322725 1804.801875 1805.280975 1805.7584
 1806.2325   1806.70165  1807.16425  1807.6187   1808.062925 1808.49535
 1808.9144   1809.318025 1809.70465 ]","[162.26 162.26 162.26 162.27 162.27 162.27 162.28 162.28 162.28 162.29
 162.29 162.3  162.3  162.31 162.31 162.32 162.32 162.33 162.33 162.34
 162.34]",0.05472872810585204,6
