Vehicle_ID,ID,time,xloc,yloc,line_integral_values,maneuver
2698,2592,[0.  0.1 0.2 0.3 0.4 0.5 0.6 0.7 0.8],"[1349.331475 1349.874225 1350.415875 1350.956425 1351.4954   1352.0323
 1352.5676   1353.100775 1353.631325]",[158.43 158.42 158.41 158.4  158.39 158.39 158.38 158.37 158.36],0.0,6
2698,2636,"[0.1 0.2 0.3 0.4 0.5 0.6 0.7 0.8 0.9 1.  1.1 1.2 1.3 1.4 1.5 1.6 1.7 1.8
 1.9 2.  2.1 2.2 2.3 2.4 2.5 2.6 2.7 2.8 2.9 3.  3.1 3.2 3.3 3.4 3.5 3.6
 3.7]","[1337.304025 1337.754825 1338.20465  1338.654025 1339.103475 1339.553025
 1340.003175 1340.454425 1340.907275 1341.361725 1341.8178   1342.276
 1342.736275 1343.198625 1343.66255  1344.1275   1344.59345  1345.059875
 1345.52625  1345.992575 1346.45885  1346.92455  1347.389175 1347.85275
 1348.31525  1348.77615  1349.23495  1349.69165  1350.14625  1350.598225
 1351.047075 1351.492825 1351.935475 1352.375025 1352.810975 1353.242825
 1353.670575]","[158.67 158.66 158.65 158.64 158.63 158.62 158.6  158.59 158.58 158.57
 158.55 158.54 158.53 158.52 158.51 158.5  158.49 158.48 158.47 158.46
 158.45 158.44 158.43 158.42 158.41 158.4  158.39 158.38 158.37 158.36
 158.35 158.35 158.34 158.33 158.32 158.31 158.31]",0.5680756009935721,6
2698,2698,[3.9 4.  4.1 4.2 4.3 4.4 4.5 4.6 4.7 4.8 4.9 5. ],"[1337.09     1337.5519   1338.0143   1338.4772   1338.940575 1339.4039
 1339.8672   1340.330475 1340.7937   1341.256375 1341.718475 1342.18    ]","[158.96 158.95 158.94 158.93 158.92 158.92 158.91 158.9  158.89 158.89
 158.88 158.87]",1.1477995369750356,6
