Vehicle_ID,ID,time,xloc,yloc,line_integral_values,maneuver
510,510,"[3.1 3.2 3.3 3.4 3.5 3.6 3.7 3.8 3.9 4.  4.1 4.2 4.3 4.4 4.5 4.6 4.7 4.8
 4.9 5. ]","[1817.453025 1818.095425 1818.73975  1819.38385  1820.025075 1820.6603
 1821.28745  1821.905575 1822.515275 1823.1187   1823.718    1824.315825
 1824.914875 1825.5183   1826.12975  1826.751825 1827.38445  1828.024925
 1828.67     1829.315925]","[162.1  162.09 162.09 162.09 162.09 162.09 162.08 162.08 162.08 162.08
 162.07 162.07 162.07 162.06 162.06 162.06 162.05 162.05 162.04 162.04]",2.415795323134036,6
510,522,"[0.3 0.4 0.5 0.6 0.7 0.8 0.9 1.  1.1 1.2 1.3 1.4 1.5 1.6 1.7 1.8 1.9 2.
 2.1 2.2 2.3 2.4 2.5 2.6 2.7 2.8 2.9 3.  3.1 3.2 3.3 3.4]","[1817.10235  1817.59605  1818.0959   1818.600825 1819.10925  1819.6201
 1820.13285  1820.646975 1821.16195  1821.67885  1822.1993   1822.724875
 1823.25715  1823.79665  1824.3428   1824.894    1825.448125 1826.00305
 1826.55665  1827.106325 1827.65055  1828.1899   1828.726025 1829.2616
 1829.7993   1830.341775 1830.8911   1831.44775  1832.0117   1832.58235
 1833.15755  1833.734175]","[162.56 162.56 162.55 162.55 162.54 162.54 162.53 162.52 162.52 162.51
 162.51 162.5  162.5  162.49 162.48 162.47 162.47 162.46 162.45 162.44
 162.43 162.42 162.41 162.39 162.38 162.37 162.36 162.35 162.34 162.33
 162.31 162.3 ]",3.0375175351968675,6
510,533,[0.  0.1 0.2 0.3 0.4 0.5 0.6 0.7 0.8 0.9 1.  1.1 1.2 1.3 1.4],"[1827.684075 1828.1045   1828.529375 1828.95915  1829.39325  1829.831125
 1830.272725 1830.7175   1831.165425 1831.615975 1832.0686   1832.5238
 1832.98315  1833.448225 1833.920075]","[162.33 162.31 162.29 162.28 162.26 162.24 162.22 162.2  162.18 162.16
 162.14 162.13 162.11 162.1  162.09]",0.0,6
