Vehicle_ID,ID,time,xloc,yloc,line_integral_values,maneuver
68,68,"[2.3 2.4 2.5 2.6 2.7 2.8 2.9 3.  3.1 3.2 3.3 3.4 3.5 3.6 3.7 3.8 3.9 4.
 4.1 4.2 4.3 4.4 4.5 4.6 4.7 4.8 4.9 5. ]","[1980.339225 1981.0217   1981.700525 1982.375175 1983.0446   1983.7078
 1984.363775 1985.012475 1985.652875 1986.283975 1986.905275 1987.51575
 1988.1149   1988.70275  1989.279275 1989.844475 1990.39835  1990.940875
 1991.471575 1991.990475 1992.49805  1992.9943   1993.479225 1993.952825
 1994.415125 1994.866125 1995.305825 1995.734225]","[155.38 155.32 155.26 155.2  155.14 155.08 155.02 154.96 154.91 154.85
 154.8  154.75 154.7  154.65 154.6  154.56 154.51 154.47 154.43 154.39
 154.36 154.32 154.29 154.26 154.23 154.2  154.17 154.15]",5.0138263086824e-05,6
68,77,"[0.  0.1 0.2 0.3 0.4 0.5 0.6 0.7 0.8 0.9 1.  1.1 1.2 1.3 1.4 1.5 1.6 1.7
 1.8 1.9]","[1981.85235  1982.416475 1982.969825 1983.5124   1984.0442   1984.565225
 1985.075475 1985.57495  1986.06365  1986.54155  1987.008675 1987.465025
 1987.910575 1988.34535  1988.76935  1989.182575 1989.585025 1989.976675
 1990.35755  1990.7328  ]","[155.74 155.68 155.63 155.58 155.53 155.48 155.43 155.39 155.34 155.3
 155.26 155.22 155.19 155.15 155.12 155.09 155.06 155.03 155.   154.98]",4.154003537135093e-06,6
