Vehicle_ID,ID,time,xloc,yloc,line_integral_values,maneuver
1046,1046,[1.4 1.5 1.6 1.7 1.8 1.9 2.  2.1 2.2 2.3 2.4 2.5 2.6],"[1815.5168   1816.676275 1817.8342   1818.9906   1820.1455   1821.2994
 1822.4518   1823.6027   1824.7526   1825.9015   1827.0494   1828.1963
 1829.3422  ]","[162.21 162.22 162.23 162.24 162.24 162.25 162.26 162.27 162.27 162.28
 162.28 162.29 162.3 ]",0.023759072476099402,6
1046,1961,[3.7 3.8 3.9 4.  4.1 4.2 4.3 4.4 4.5 4.6 4.7 4.8 4.9],"[1815.7545   1816.922825 1818.090125 1819.2564   1820.42165  1821.585875
 1822.74905  1823.9112   1825.072325 1826.232425 1827.3915   1828.54905
 1829.705075]","[162.54 162.55 162.56 162.58 162.59 162.6  162.61 162.63 162.64 162.65
 162.66 162.67 162.68]",0.0032797707905765127,6
