Vehicle_ID,ID,time,xloc,yloc,line_integral_values,maneuver
2094,942,"[0.1 0.2 0.3 0.4 0.5 0.6 0.7 0.8 0.9 1.  1.1 1.2 1.3 1.4 1.5 1.6 1.7 1.8
 1.9 2.  2.1 2.2]","[2108.352275 2109.13475  2109.916175 2110.69705  2111.4774   2112.256725
 2113.035525 2113.813825 2114.591625 2115.368925 2116.145725 2116.92305
 2117.700925 2118.47885  2119.257325 2120.03685  2120.81745  2121.599625
 2122.38335  2123.16865  2123.956025 2124.74495 ]","[143.86 143.79 143.73 143.66 143.6  143.53 143.47 143.41 143.35 143.29
 143.22 143.16 143.1  143.04 142.98 142.91 142.85 142.79 142.72 142.66
 142.6  142.53]",5.676958791578073e-12,6
2094,1387,[4.5 4.6 4.7 4.8 4.9 5. ],[2108.6783   2109.449925 2110.224    2111.000525 2111.7795   2112.56095 ],[143.35 143.29 143.23 143.17 143.11 143.04],1.6847622760763546e-13,6
2094,2094,"[2.5 2.6 2.7 2.8 2.9 3.  3.1 3.2 3.3 3.4 3.5 3.6 3.7 3.8 3.9 4.  4.1 4.2
 4.3 4.4 4.5 4.6 4.7]","[2108.32705  2109.065525 2109.80495  2110.545825 2111.288175 2112.0315
 2112.7763   2113.5226   2114.2704   2115.0197   2115.7705   2116.523325
 2117.278175 2118.035025 2118.7939   2119.5548   2120.3177   2121.082625
 2121.849575 2122.618525 2123.3895   2124.163    2124.939   ]","[143.98 143.92 143.86 143.8  143.74 143.69 143.63 143.57 143.51 143.45
 143.39 143.33 143.27 143.21 143.15 143.09 143.03 142.97 142.91 142.85
 142.79 142.73 142.67]",1.2891152872883852e-11,6
