Vehicle_ID,ID,time,xloc,yloc,line_integral_values,maneuver
66,68,"[3.1 3.2 3.3 3.4 3.5 3.6 3.7 3.8 3.9 4.  4.1 4.2 4.3 4.4 4.5 4.6 4.7 4.8
 4.9 5. ]","[1840.065025 1840.7459   1841.42965  1842.116325 1842.805925 1843.498975
 1844.196    1844.897025 1845.602075 1846.31165  1847.026275 1847.746475
 1848.47225  1849.20305  1849.938875 1850.679725 1851.42505  1852.174325
 1852.92755  1853.6837  ]","[162.8  162.8  162.79 162.79 162.79 162.78 162.78 162.77 162.77 162.76
 162.75 162.75 162.74 162.73 162.73 162.72 162.71 162.7  162.69 162.68]",0.9679191995038572,6
66,77,"[0.  0.1 0.2 0.3 0.4 0.5 0.6 0.7 0.8 0.9 1.  1.1 1.2 1.3 1.4 1.5 1.6 1.7
 1.8 1.9 2.  2.1 2.2 2.3 2.4 2.5 2.6 2.7 2.8 2.9 3.  3.1 3.2 3.3 3.4 3.5
 3.6 3.7 3.8 3.9 4.  4.1 4.2 4.3 4.4 4.5 4.6 4.7 4.8 4.9 5. ]","[1843.63235  1844.3229   1845.020375 1845.7237   1846.43135  1847.142775
 1847.85695  1848.57235  1849.28845  1850.00475  1850.72075  1851.435975
 1852.15045  1852.8642   1853.57675  1854.288625 1855.0004   1855.712625
 1856.4258   1857.139425 1857.853    1858.5665   1859.2799   1859.9927
 1860.7039   1861.412975 1862.119925 1862.82475  1863.526925 1864.226475
 1864.9229   1865.6157   1866.3054   1866.992    1867.67605  1868.3581
 1869.038675 1869.7183   1870.397525 1871.0779   1871.75995  1872.4442
 1873.13165  1873.822825 1874.518225 1875.217825 1875.9216   1876.6295
 1877.341    1878.055575 1878.7732  ]","[162.88 162.89 162.89 162.89 162.9  162.9  162.9  162.9  162.9  162.9
 162.9  162.9  162.9  162.9  162.9  162.89 162.89 162.89 162.89 162.88
 162.88 162.88 162.87 162.87 162.86 162.86 162.85 162.84 162.84 162.83
 162.82 162.8  162.79 162.78 162.77 162.75 162.74 162.72 162.71 162.69
 162.67 162.65 162.64 162.62 162.6  162.58 162.55 162.53 162.51 162.49
 162.46]",0.0005944079405671925,6
66,83,"[0.  0.1 0.2 0.3 0.4 0.5 0.6 0.7 0.8 0.9 1.  1.1 1.2 1.3 1.4 1.5 1.6 1.7
 1.8 1.9 2.  2.1]","[1866.400875 1867.025725 1867.65305  1868.2818   1868.910925 1869.5399
 1870.168225 1870.795375 1871.42085  1872.044175 1872.66585  1873.286425
 1873.90645  1874.52645  1875.146975 1875.7691   1876.393875 1877.02235
 1877.65555  1878.293975 1878.9376   1879.586375]","[162.11 162.1  162.09 162.09 162.08 162.06 162.05 162.04 162.03 162.01
 162.   161.98 161.96 161.94 161.93 161.91 161.89 161.87 161.85 161.83
 161.81 161.79]",0.0,6
