Vehicle_ID,ID,time,xloc,yloc,line_integral_values,maneuver
2509,2150,"[0.  0.1 0.2 0.3 0.4 0.5 0.6 0.7 0.8 0.9 1.  1.1 1.2 1.3 1.4 1.5 1.6 1.7
 1.8 1.9 2.  2.1 2.2 2.3]","[1339.0832   1339.726975 1340.372475 1341.018675 1341.6656   1342.3138
 1342.96385  1343.616325 1344.27225  1344.931625 1345.593425 1346.2566
 1346.919575 1347.5808   1348.23975  1348.8959   1349.54825  1350.196325
 1350.840125 1351.47915  1352.1124   1352.739375 1353.3601   1353.9741  ]","[158.86 158.85 158.83 158.82 158.8  158.79 158.77 158.76 158.74 158.73
 158.71 158.69 158.68 158.66 158.65 158.63 158.62 158.6  158.59 158.58
 158.56 158.55 158.53 158.52]",0.26899846616399037,6
2509,2449,[0.  0.1 0.2],[1352.510275 1353.12805  1353.74565 ],[158.57 158.56 158.54],0.0,6
2509,2509,"[2.6 2.7 2.8 2.9 3.  3.1 3.2 3.3 3.4 3.5 3.6 3.7 3.8 3.9 4.  4.1 4.2 4.3
 4.4 4.5 4.6 4.7 4.8 4.9 5. ]","[1337.037425 1337.706875 1338.373675 1339.0384   1339.702075 1340.36525
 1341.02795  1341.690675 1342.35345  1343.01625  1343.67905  1344.34135
 1345.0021   1345.660225 1346.314675 1346.964925 1347.610475 1348.250325
 1348.885    1349.515575 1350.14315  1350.769325 1351.395675 1352.02375
 1352.654575]","[159.17 159.15 159.14 159.12 159.1  159.08 159.07 159.05 159.03 159.01
 158.99 158.98 158.96 158.94 158.92 158.91 158.89 158.88 158.86 158.85
 158.83 158.82 158.8  158.79 158.77]",2.1305556073592586,6
