Vehicle_ID,ID,time,xloc,yloc,old_xloc,old_yloc,line_integral_values,maneuver
145,0,"[0.  0.1 0.2 0.3 0.4 0.5 0.6 0.7 0.8 0.9 1.  1.1 1.2 1.3 1.4 1.5 1.6 1.7
 1.8 1.9 2.  2.1 2.2]","[45.1789   45.63555  46.084125 46.52465  46.957125 47.38155  47.797925
 48.2057   48.6033   48.989175 49.362275 49.72105  50.063975 50.39
 50.6981   50.987825 51.2592   51.51225  51.747575 51.966275 52.169425
 52.358625 52.535975]","[158.33 158.33 158.34 158.34 158.35 158.35 158.36 158.36 158.37 158.37
 158.38 158.38 158.39 158.4  158.4  158.41 158.41 158.42 158.43 158.43
 158.44 158.44 158.45]","[1615.1789   1615.63555  1616.084125 1616.52465  1616.957125 1617.38155
 1617.797925 1618.2057   1618.6033   1618.989175 1619.362275 1619.72105
 1620.063975 1620.39     1620.6981   1620.987825 1621.2592   1621.51225
 1621.747575 1621.966275 1622.169425 1622.358625 1622.535975]","[158.33 158.33 158.34 158.34 158.35 158.35 158.36 158.36 158.37 158.37
 158.38 158.38 158.39 158.4  158.4  158.41 158.41 158.42 158.43 158.43
 158.44 158.44 158.45]",0.0,6
145,145,"[0.  0.1 0.2 0.3 0.4 0.5 0.6 0.7 0.8 0.9 1.  1.1 1.2 1.3 1.4 1.5 1.6 1.7
 1.8 1.9 2.  2.1 2.2]","[30.0541   30.68825  31.3168   31.94025  32.5581   33.16985  33.774975
 34.37245  34.961225 35.540225 36.108425 36.664275 37.20625  37.733325
 38.24395  38.73765  39.214475 39.67395  40.11665  40.543175 40.954575
 41.35245  41.7384  ]","[157.88 157.89 157.9  157.91 157.91 157.92 157.93 157.94 157.94 157.95
 157.96 157.96 157.97 157.98 157.98 157.99 158.   158.   158.01 158.02
 158.02 158.03 158.04]","[1600.0541   1600.68825  1601.3168   1601.94025  1602.5581   1603.16985
 1603.774975 1604.37245  1604.961225 1605.540225 1606.108425 1606.664275
 1607.20625  1607.733325 1608.24395  1608.73765  1609.214475 1609.67395
 1610.11665  1610.543175 1610.954575 1611.35245  1611.7384  ]","[157.88 157.89 157.9  157.91 157.91 157.92 157.93 157.94 157.94 157.95
 157.96 157.96 157.97 157.98 157.98 157.99 158.   158.   158.01 158.02
 158.02 158.03 158.04]",0.0,6
