Vehicle_ID,ID,time,xloc,yloc,old_xloc,old_yloc,line_integral_values,maneuver
2592,2247,"[250.7 250.8 250.9 251.  251.1 251.2 251.3 251.4 251.5 251.6 251.7 251.8
 251.9 252.  252.1 252.2 252.3 252.4 252.5 252.6 252.7 252.8]","[1606.565325 1607.62375  1608.688125 1609.758975 1610.8358   1611.918075
 1613.0063   1614.09995  1615.198525 1616.30205  1617.4105   1618.523875
 1619.641675 1620.7639   1621.89055  1623.021125 1624.155625 1625.293525
 1626.434325 1627.578025 1628.7241   1629.871525]","[158.06 158.08 158.11 158.13 158.15 158.17 158.2  158.22 158.24 158.27
 158.29 158.32 158.34 158.37 158.4  158.42 158.45 158.48 158.5  158.53
 158.56 158.58]","[1606.565325 1607.62375  1608.688125 1609.758975 1610.8358   1611.918075
 1613.0063   1614.09995  1615.198525 1616.30205  1617.4105   1618.523875
 1619.641675 1620.7639   1621.89055  1623.021125 1624.155625 1625.293525
 1626.434325 1627.578025 1628.7241   1629.871525]","[158.06 158.08 158.11 158.13 158.15 158.17 158.2  158.22 158.24 158.27
 158.29 158.32 158.34 158.37 158.4  158.42 158.45 158.48 158.5  158.53
 158.56 158.58]",0.0,6
2592,2509,[250.7 250.8 250.9 251. ],[1626.125175 1627.222175 1628.3226   1629.42695 ],[158.59 158.62 158.64 158.66],[1626.125175 1627.222175 1628.3226   1629.42695 ],[158.59 158.62 158.64 158.66],0.0,6
2592,2592,"[253.8 253.9 254.  254.1 254.2 254.3 254.4 254.5 254.6 254.7 254.8 254.9
 255.  255.1 255.2 255.3 255.4 255.5 255.6]","[1600.190275 1601.28465  1602.383975 1603.48875  1604.599    1605.714225
 1606.834425 1607.959625 1609.090325 1610.226525 1611.368225 1612.515425
 1613.66815  1614.8269   1615.99115  1617.1609   1618.33615  1619.5169
 1620.70315 ]","[157.38 157.41 157.43 157.46 157.48 157.51 157.54 157.56 157.59 157.61
 157.64 157.67 157.7  157.72 157.75 157.78 157.8  157.83 157.85]","[1600.190275 1601.28465  1602.383975 1603.48875  1604.599    1605.714225
 1606.834425 1607.959625 1609.090325 1610.226525 1611.368225 1612.515425
 1613.66815  1614.8269   1615.99115  1617.1609   1618.33615  1619.5169
 1620.70315 ]","[157.38 157.41 157.43 157.46 157.48 157.51 157.54 157.56 157.59 157.61
 157.64 157.67 157.7  157.72 157.75 157.78 157.8  157.83 157.85]",0.0,6
