Vehicle_ID,ID,time,xloc,yloc,line_integral_values,maneuver
2592,2592,[1.2 1.3 1.4 1.5 1.6 1.7 1.8 1.9 2.  2.1 2.2],"[1810.512825 1811.404725 1812.294825 1813.183625 1814.071125 1814.958325
 1815.845225 1816.7318   1817.618025 1818.503875 1819.389325]","[161.97 161.98 162.   162.01 162.02 162.04 162.05 162.06 162.08 162.09
 162.1 ]",0.24624278389568247,6
2592,2636,[4.7 4.8 4.9 5. ],[1810.000875 1811.105775 1812.20715  1813.3045  ],[162.24 162.25 162.25 162.26],1.5077927882251354e-49,6
2592,3926,[0.  0.1],[1818.29105 1819.2979 ],[161.88 161.93],0.0,6
