Vehicle_ID,ID,time,xloc,yloc,line_integral_values,maneuver
2170,1836,[4.4 4.5 4.6 4.7 4.8 4.9 5. ],"[1800.71885  1801.877175 1803.027425 1804.1691   1805.3017   1806.425225
 1807.539175]",[162.45 162.46 162.47 162.49 162.5  162.51 162.52],0.07882373593525217,6
2170,2170,[1.  1.1 1.2 1.3 1.4 1.5 1.6 1.7 1.8 1.9 2. ],"[1800.0524   1801.0244   1801.9894   1802.947375 1803.898325 1804.841775
 1805.777725 1806.706675 1807.628625 1808.543575 1809.451525]","[162.32 162.34 162.35 162.37 162.38 162.39 162.41 162.42 162.43 162.45
 162.46]",0.17572137751650077,6
