Vehicle_ID,ID,time,xloc,yloc,line_integral_values,maneuver
2247,2247,[1.  1.1 1.2 1.3 1.4 1.5 1.6 1.7 1.8],"[1810.911    1812.000375 1813.085725 1814.16705  1815.244325 1816.317575
 1817.386825 1818.45255  1819.51475 ]",[162.73 162.74 162.76 162.77 162.78 162.8  162.81 162.82 162.83],0.017261992872173813,6
2247,2592,[3.7 3.8 3.9 4.  4.1 4.2 4.3 4.4 4.5 4.6 4.7],"[1810.512825 1811.404725 1812.294825 1813.183625 1814.071125 1814.958325
 1815.845225 1816.7318   1817.618025 1818.503875 1819.389325]","[161.97 161.98 162.   162.01 162.02 162.04 162.05 162.06 162.08 162.09
 162.1 ]",0.24624278389568247,6
2247,3926,[1.8 1.9 2.  2.1 2.2 2.3 2.4 2.5 2.6],"[1810.596175 1811.75635  1812.898625 1814.0219   1815.1241   1816.20365
 1817.259475 1818.29105  1819.2979  ]",[161.42 161.49 161.57 161.64 161.7  161.76 161.82 161.88 161.93],0.5466696933986679,6
