Vehicle_ID,ID,time,xloc,yloc,line_integral_values,maneuver
732,732,[1.  1.1 1.2 1.3 1.4 1.5 1.6 1.7],"[1811.06765  1812.20295  1813.339675 1814.477325 1815.615375 1816.7538
 1817.8926   1819.031325]",[162.43 162.46 162.48 162.5  162.51 162.53 162.55 162.57],0.023859020809130736,6
