Vehicle_ID,ID,time,xloc,yloc,line_integral_values,maneuver
1046,1046,[1.6 1.7 1.8 1.9 2.  2.1 2.2 2.3 2.4 2.5 2.6 2.7 2.8 2.9 3. ],"[1817.8342   1818.9906   1820.1455   1821.2994   1822.4518   1823.6027
 1824.7526   1825.9015   1827.0494   1828.1963   1829.3422   1830.4871
 1831.6305   1832.771875 1833.9112  ]","[162.23 162.24 162.24 162.25 162.26 162.27 162.27 162.28 162.28 162.29
 162.3  162.3  162.31 162.31 162.31]",0.01857065724002299,6
1046,1961,[3.9 4.  4.1 4.2 4.3 4.4 4.5 4.6 4.7 4.8 4.9 5. ],"[1818.090125 1819.2564   1820.42165  1821.585875 1822.74905  1823.9112
 1825.072325 1826.232425 1827.3915   1828.54905  1829.705075 1830.85955 ]","[162.56 162.58 162.59 162.6  162.61 162.63 162.64 162.65 162.66 162.67
 162.68 162.7 ]",3.0605790092175976e-06,6
