Vehicle_ID,ID,time,xloc,yloc,line_integral_values,maneuver
536,522,[4.2 4.3 4.4 4.5 4.6 4.7 4.8 4.9 5. ],"[1337.6887   1338.9881   1340.290975 1341.5973   1342.9066   1344.218875
 1345.534125 1346.85235  1348.17355 ]",[159.63 159.6  159.57 159.55 159.52 159.49 159.47 159.44 159.41],0.3592255975197527,6
536,533,[3.  3.1 3.2 3.3 3.4 3.5 3.6 3.7 3.8 3.9 4.  4.1 4.2],"[1337.615325 1338.918425 1340.2265   1341.53955  1342.857575 1344.180075
 1345.507075 1346.83905  1348.1755   1349.516425 1350.8618   1352.21115
 1353.564475]","[159.22 159.19 159.16 159.13 159.11 159.08 159.05 159.02 158.99 158.96
 158.93 158.9  158.87]",0.255373335462188,6
536,536,[1.4 1.5 1.6 1.7 1.8 1.9 2.  2.1 2.2 2.3 2.4 2.5 2.6],"[1337.4468   1338.739325 1340.0353   1341.33475  1342.637675 1343.94405
 1345.2534   1346.565725 1347.881    1349.199225 1350.5199   1351.843025
 1353.1686  ]","[159.21 159.18 159.15 159.11 159.08 159.05 159.02 158.99 158.96 158.93
 158.9  158.87 158.85]",0.34943279456249243,6
536,558,[0.2 0.3 0.4 0.5 0.6 0.7 0.8 0.9 1.  1.1 1.2 1.3 1.4],"[1337.386075 1338.6461   1339.909575 1341.176    1342.4454   1343.717775
 1344.9936   1346.2729   1347.555175 1348.840425 1350.129175 1351.4214
 1352.7166  ]","[159.66 159.63 159.6  159.57 159.54 159.51 159.48 159.45 159.41 159.38
 159.35 159.32 159.28]",3.0593104819217265,6
