Vehicle_ID,ID,time,xloc,yloc,line_integral_values,maneuver
1983,1046,"[0.  0.1 0.2 0.3 0.4 0.5 0.6 0.7 0.8 0.9 1.  1.1 1.2 1.3 1.4 1.5 1.6 1.7
 1.8 1.9 2.  2.1 2.2 2.3 2.4 2.5 2.6 2.7 2.8 2.9 3.  3.1 3.2 3.3]","[1845.146225 1846.25135  1847.353425 1848.451975 1849.547    1850.639
 1851.727475 1852.812425 1853.894375 1854.973325 1856.049275 1857.122225
 1858.192175 1859.259125 1860.323075 1861.38405  1862.44205  1863.49705
 1864.54905  1865.59805  1866.64405  1867.68705  1868.72705  1869.76405
 1870.79805  1871.82905  1872.85705  1873.88205  1874.90405  1875.92305
 1876.93905  1877.952575 1878.963625 1879.971675]","[162.33 162.33 162.33 162.33 162.33 162.33 162.33 162.32 162.32 162.31
 162.31 162.3  162.29 162.28 162.27 162.26 162.25 162.24 162.22 162.21
 162.19 162.17 162.15 162.12 162.1  162.08 162.05 162.02 162.   161.97
 161.94 161.91 161.87 161.84]",4.4316765225513626e-10,6
1983,1961,"[1.8 1.9 2.  2.1 2.2 2.3 2.4 2.5 2.6 2.7 2.8 2.9 3.  3.1 3.2 3.3 3.4 3.5
 3.6 3.7 3.8 3.9 4.  4.1 4.2 4.3 4.4 4.5 4.6 4.7 4.8 4.9 5. ]","[1840.033725 1841.1709   1842.305525 1843.4376   1844.5671   1845.693525
 1846.8169   1847.937225 1849.054    1850.167225 1851.276875 1852.38245
 1853.483975 1854.58145  1855.674875 1856.76425  1857.849575 1858.93135
 1860.0096   1861.083825 1862.154025 1863.220225 1864.282925 1865.342125
 1866.397325 1867.449025 1868.497225 1869.541925 1870.583125 1871.620325
 1872.654025 1873.684225 1874.710925]","[162.78 162.79 162.79 162.8  162.81 162.81 162.82 162.82 162.82 162.82
 162.82 162.82 162.82 162.82 162.81 162.81 162.8  162.8  162.79 162.78
 162.78 162.77 162.76 162.75 162.73 162.72 162.71 162.69 162.67 162.66
 162.64 162.62 162.6 ]",1.3613218963075442,6
1983,1983,[3.6 3.7 3.8 3.9 4.  4.1 4.2 4.3 4.4 4.5 4.6 4.7 4.8 4.9 5. ],"[1840.3463   1841.427    1842.5052   1843.580375 1844.652525 1845.721675
 1846.7878   1847.8509   1848.910475 1849.966525 1851.01955  1852.06955
 1853.116025 1854.158975 1855.198925]","[162.37 162.39 162.4  162.42 162.43 162.44 162.45 162.46 162.47 162.47
 162.48 162.49 162.49 162.49 162.49]",0.9562687488670047,6
