Vehicle_ID,ID,time,xloc,yloc,line_integral_values,maneuver
856,788,[0.  0.1 0.2 0.3 0.4 0.5 0.6 0.7 0.8 0.9 1.  1.1 1.2 1.3],"[1819.1109   1820.246075 1821.381225 1822.5169   1823.6536   1824.791325
 1825.930075 1827.06985  1828.210675 1829.35255  1830.49595  1831.640875
 1832.786825 1833.933775]","[162.46 162.46 162.46 162.46 162.45 162.45 162.45 162.44 162.44 162.43
 162.43 162.42 162.41 162.41]",0.01038159468511928,6
856,856,[1.5 1.6 1.7 1.8 1.9 2.  2.1 2.2 2.3 2.4 2.5 2.6 2.7 2.8],"[1817.556475 1818.75875  1819.962975 1821.169175 1822.377375 1823.58755
 1824.7997   1826.013825 1827.229925 1828.448    1829.667525 1830.888025
 1832.11     1833.333425]","[162.57 162.58 162.6  162.61 162.62 162.64 162.65 162.66 162.67 162.68
 162.69 162.7  162.7  162.71]",0.8548490173391475,6
856,899,[3.1 3.2 3.3 3.4 3.5 3.6 3.7 3.8 3.9 4.  4.1 4.2 4.3 4.4],"[1818.0105   1819.167875 1820.3262   1821.486    1822.6473   1823.8096
 1824.9734   1826.138675 1827.305425 1828.473675 1829.643425 1830.81465
 1831.98685  1833.159525]","[162.25 162.26 162.27 162.28 162.3  162.31 162.32 162.33 162.34 162.36
 162.37 162.38 162.39 162.41]",0.24173489149087204,6
