Vehicle_ID,ID,time,xloc,yloc,line_integral_values,maneuver
2170,1836,[4.4 4.5 4.6 4.7 4.8 4.9 5. ],"[1810.82295  1811.89755  1812.962075 1814.01705  1815.062475 1816.097875
 1817.123775]",[162.55 162.56 162.57 162.58 162.59 162.6  162.61],0.03591066267855637,6
2170,2170,[1.2 1.3 1.4 1.5 1.6 1.7 1.8 1.9 2.  2.1 2.2 2.3],"[1810.353    1811.24855  1812.1387   1813.02395  1813.9043   1814.780275
 1815.652375 1816.5211   1817.386975 1818.250525 1819.11175  1819.970625]","[162.47 162.48 162.49 162.5  162.51 162.52 162.53 162.54 162.54 162.55
 162.56 162.57]",0.05001045770800483,6
