Vehicle_ID,ID,time,xloc,yloc,line_integral_values,maneuver
61,52,"[0.  0.1 0.2 0.3 0.4 0.5 0.6 0.7 0.8 0.9 1.  1.1 1.2 1.3 1.4 1.5 1.6 1.7
 1.8 1.9 2.  2.1 2.2 2.3 2.4 2.5 2.6 2.7 2.8]","[1852.3242   1853.267425 1854.212625 1855.1598   1856.108925 1857.060025
 1858.0126   1858.966625 1859.9221   1860.87905  1861.837475 1862.79685
 1863.757175 1864.71845  1865.680675 1866.64335  1867.606475 1868.57005
 1869.533575 1870.49705  1871.460475 1872.423825 1873.3871   1874.349825
 1875.312    1876.2736   1877.234125 1878.1936   1879.152   ]","[162.13 162.11 162.09 162.07 162.04 162.02 161.99 161.96 161.93 161.9
 161.87 161.84 161.81 161.78 161.75 161.72 161.68 161.65 161.61 161.58
 161.54 161.51 161.47 161.44 161.4  161.36 161.33 161.29 161.25]",0.0,6
61,57,"[2.3 2.4 2.5 2.6 2.7 2.8 2.9 3.  3.1 3.2 3.3 3.4 3.5 3.6 3.7 3.8 3.9 4.
 4.1 4.2 4.3 4.4 4.5 4.6 4.7 4.8 4.9 5. ]","[1840.807975 1841.619275 1842.4321   1843.24745  1844.065325 1844.88525
 1845.707725 1846.53325  1847.361825 1848.19345  1849.028125 1849.86585
 1850.706625 1851.55095  1852.398825 1853.24975  1854.1042   1854.962175
 1855.8237   1856.689275 1857.558375 1858.431    1859.30765  1860.187825
 1861.071525 1861.95925  1862.851    1863.746775]","[162.83 162.84 162.84 162.84 162.85 162.85 162.85 162.85 162.85 162.86
 162.86 162.86 162.86 162.86 162.86 162.86 162.85 162.85 162.85 162.84
 162.84 162.83 162.82 162.82 162.81 162.8  162.79 162.78]",0.23225018187512442,6
61,61,[4.9 5. ],[1840.50805 1841.37925],[162.28 162.28],0.0,6
