Vehicle_ID,ID,time,xloc,yloc,line_integral_values,maneuver
85,85,"[2.  2.1 2.2 2.3 2.4 2.5 2.6 2.7 2.8 2.9 3.  3.1 3.2 3.3 3.4 3.5 3.6 3.7
 3.8 3.9 4.  4.1 4.2 4.3 4.4 4.5 4.6 4.7 4.8 4.9 5. ]","[1815.50955  1816.280825 1817.035675 1817.76995  1818.48005  1819.1619
 1819.810875 1820.423425 1820.9976   1821.531975 1822.0267   1822.48405
 1822.90785  1823.302425 1823.673125 1824.025775 1824.366675 1824.702125
 1825.03835  1825.381025 1825.733725 1826.0989   1826.4769   1826.867025
 1827.268075 1827.6778   1828.094    1828.515025 1828.9408   1829.3724
 1829.812975]","[162.23 162.24 162.25 162.26 162.26 162.27 162.28 162.28 162.29 162.29
 162.3  162.3  162.3  162.31 162.31 162.31 162.32 162.32 162.32 162.32
 162.33 162.33 162.33 162.34 162.34 162.34 162.34 162.34 162.34 162.34
 162.34]",0.07319829712148428,6
85,91,[4.7 4.8 4.9 5. ],[1815.1896   1815.66355  1816.142375 1816.62975 ],[162.21 162.2  162.2  162.19],1.40234408254044e-14,6
85,94,[0.2 0.3 0.4 0.5 0.6 0.7 0.8 0.9 1.  1.1 1.2 1.3 1.4 1.5 1.6 1.7 1.8 1.9],"[1815.2122   1816.150975 1817.091375 1818.029275 1818.961025 1819.882575
 1820.7909   1821.684    1822.56095  1823.421375 1824.265925 1825.0963
 1825.913675 1826.719175 1827.513375 1828.296825 1829.070075 1829.8321  ]","[162.61 162.61 162.61 162.62 162.62 162.63 162.63 162.64 162.65 162.65
 162.66 162.67 162.67 162.68 162.69 162.69 162.7  162.7 ]",0.014272378888162893,6
