Vehicle_ID,ID,time,xloc,yloc,old_xloc,old_yloc,line_integral_values,maneuver
1961,942,[198.6 198.7 198.8 198.9 199.  199.1 199.2],"[1626.638925 1627.152025 1627.6641   1628.17515  1628.6852   1629.194775
 1629.7044  ]",[158.35 158.36 158.38 158.39 158.4  158.42 158.43],"[1626.638925 1627.152025 1627.6641   1628.17515  1628.6852   1629.194775
 1629.7044  ]",[158.35 158.36 158.38 158.39 158.4  158.42 158.43],0.0,6
1961,972,"[200.1 200.2 200.3 200.4 200.5 200.6 200.7 200.8 200.9 201.  201.1 201.2
 201.3 201.4 201.5 201.6 201.7 201.8 201.9 202.  202.1 202.2 202.3 202.4
 202.5 202.6 202.7 202.8 202.9 203.  203.1 203.2 203.3 203.4 203.5]","[1600.256475 1600.6926   1601.131175 1601.572225 1602.015725 1602.46115
 1602.908525 1603.35785  1603.809125 1604.26185  1604.716025 1605.171625
 1605.62815  1606.086125 1606.545575 1607.006    1607.467375 1607.9297
 1608.393    1608.857275 1609.3225   1609.7887   1610.255875 1610.724025
 1611.19315  1611.663225 1612.133775 1612.6048   1613.0763   1613.548275
 1614.021225 1614.494675 1614.9686   1615.4435   1615.9194  ]","[158.06 158.07 158.08 158.1  158.11 158.12 158.13 158.15 158.16 158.17
 158.18 158.19 158.2  158.21 158.22 158.23 158.24 158.25 158.26 158.26
 158.27 158.28 158.29 158.3  158.31 158.32 158.33 158.34 158.35 158.36
 158.37 158.37 158.38 158.39 158.4 ]","[1600.256475 1600.6926   1601.131175 1601.572225 1602.015725 1602.46115
 1602.908525 1603.35785  1603.809125 1604.26185  1604.716025 1605.171625
 1605.62815  1606.086125 1606.545575 1607.006    1607.467375 1607.9297
 1608.393    1608.857275 1609.3225   1609.7887   1610.255875 1610.724025
 1611.19315  1611.663225 1612.133775 1612.6048   1613.0763   1613.548275
 1614.021225 1614.494675 1614.9686   1615.4435   1615.9194  ]","[158.06 158.07 158.08 158.1  158.11 158.12 158.13 158.15 158.16 158.17
 158.18 158.19 158.2  158.21 158.22 158.23 158.24 158.25 158.26 158.26
 158.27 158.28 158.29 158.3  158.31 158.32 158.33 158.34 158.35 158.36
 158.37 158.37 158.38 158.39 158.4 ]",0.0,6
