Vehicle_ID,ID,time,xloc,yloc,line_integral_values,maneuver
899,788,[0.  0.1 0.2 0.3 0.4 0.5 0.6 0.7 0.8 0.9 1.  1.1 1.2],"[1345.69255  1346.3977   1347.09795  1347.7933   1348.48375  1349.169775
 1349.851375 1350.52805  1351.2003   1351.868125 1352.5315   1353.190925
 1353.8459  ]","[158.73 158.72 158.7  158.69 158.67 158.66 158.65 158.63 158.62 158.61
 158.6  158.59 158.57]",0.0007662205131734897,6
899,856,"[0.4 0.5 0.6 0.7 0.8 0.9 1.  1.1 1.2 1.3 1.4 1.5 1.6 1.7 1.8 1.9 2.  2.1
 2.2 2.3 2.4 2.5 2.6 2.7 2.8]","[1337.69805  1338.43535  1339.16675  1339.892225 1340.61175  1341.32535
 1342.033525 1342.73625  1343.433025 1344.12435  1344.810225 1345.49065
 1346.165625 1346.83515  1347.4997   1348.158775 1348.8129   1349.462575
 1350.1073   1350.7471   1351.382475 1352.0139   1352.641375 1353.264925
 1353.88455 ]","[159.28 159.26 159.25 159.23 159.21 159.2  159.18 159.17 159.15 159.14
 159.12 159.11 159.09 159.08 159.06 159.05 159.03 159.02 159.01 158.99
 158.98 158.97 158.95 158.94 158.93]",2.787444771370591,6
899,899,"[2.2 2.3 2.4 2.5 2.6 2.7 2.8 2.9 3.  3.1 3.2 3.3 3.4 3.5 3.6 3.7 3.8 3.9
 4.  4.1 4.2 4.3 4.4 4.5 4.6 4.7 4.8]","[1337.3747   1338.1054   1338.8286   1339.5443   1340.2525   1340.9527
 1341.644875 1342.329025 1343.00515  1343.67325  1344.332825 1344.98385
 1345.626325 1346.260275 1346.8857   1347.5026   1348.1115   1348.712425
 1349.305875 1349.89185  1350.470375 1351.04195  1351.606575 1352.16425
 1352.7155   1353.260325 1353.7987  ]","[159.21 159.2  159.19 159.18 159.17 159.16 159.15 159.14 159.13 159.12
 159.1  159.09 159.08 159.08 159.07 159.06 159.05 159.04 159.03 159.02
 159.02 159.01 159.01 159.   159.   158.99 158.99]",2.2534836180463036,6
899,942,[5.],[1337.58915],[159.18],0.0,6
