Vehicle_ID,ID,time,xloc,yloc,line_integral_values,maneuver
3,0,[4.1 4.2 4.3 4.4 4.5 4.6 4.7 4.8 4.9 5. ],"[1800.839625 1801.744475 1802.6518   1803.5611   1804.47185  1805.384025
 1806.29765  1807.212725 1808.12925  1809.046725]",[162.41 162.42 162.44 162.46 162.47 162.49 162.51 162.53 162.54 162.56],0.14588364563462608,6
3,3,[1.2 1.3 1.4 1.5 1.6 1.7 1.8 1.9 2.  2.1 2.2],"[1800.127825 1801.039925 1801.9525   1802.865    1803.777425 1804.6898
 1805.6016   1806.512825 1807.423475 1808.33305  1809.24155 ]","[162.13 162.14 162.16 162.18 162.2  162.22 162.24 162.25 162.27 162.29
 162.31]",0.2288733462629584,6
