Vehicle_ID,ID,time,xloc,yloc,line_integral_values,maneuver
2017,1062,[0.  0.1 0.2 0.3 0.4 0.5 0.6 0.7 0.8 0.9 1.  1.1 1.2 1.3],"[1820.0806   1821.10465  1822.128275 1823.151475 1824.174775 1825.19765
 1826.220075 1827.24255  1828.264575 1829.285625 1830.305675 1831.3247
 1832.342175 1833.357075]","[162.49 162.5  162.51 162.53 162.54 162.55 162.56 162.57 162.58 162.59
 162.6  162.61 162.62 162.62]",8.441353185808548e-05,6
2017,2017,[1.7 1.8 1.9 2.  2.1 2.2 2.3 2.4 2.5 2.6 2.7 2.8 2.9 3.  3.1 3.2 3.3],"[1817.308775 1818.350625 1819.38895  1820.42325  1821.454025 1822.481275
 1823.504525 1824.52375  1825.53895  1826.550125 1827.557275 1828.560425
 1829.55955  1830.55465  1831.545725 1832.532775 1833.5153  ]","[162.27 162.29 162.3  162.31 162.33 162.34 162.35 162.36 162.37 162.38
 162.39 162.39 162.4  162.41 162.42 162.42 162.43]",1.2009604755177716,6
2017,2040,[3.3 3.4 3.5 3.6 3.7 3.8 3.9 4.  4.1 4.2 4.3 4.4 4.5 4.6 4.7 4.8 4.9],"[1817.751575 1818.743925 1819.731775 1820.71565  1821.69605  1822.672975
 1823.64645  1824.616975 1825.58455  1826.548675 1827.509325 1828.467
 1829.4212   1830.3714   1831.317575 1832.259725 1833.19785 ]","[162.83 162.84 162.86 162.87 162.88 162.89 162.9  162.91 162.92 162.93
 162.93 162.94 162.95 162.95 162.96 162.96 162.96]",0.18466844136261207,6
