Vehicle_ID,ID,time,xloc,yloc,line_integral_values,maneuver
197,145,[0.  0.1 0.2 0.3],[1139.038575 1140.422275 1141.8099   1143.20145 ],[160.44 160.46 160.48 160.5 ],0.0,6
197,197,[1.4 1.5 1.6 1.7 1.8 1.9 2.  2.1 2.2 2.3 2.4],"[1128.379975 1129.828925 1131.28275  1132.74095  1134.203525 1135.670475
 1137.141325 1138.616075 1140.094225 1141.575775 1143.061225]","[159.92 159.95 159.97 160.   160.02 160.05 160.07 160.1  160.13 160.15
 160.18]",0.05681382652045161,6
197,540,[4.6 4.7 4.8 4.9 5. ],[1128.205075 1129.700675 1131.201175 1132.7061   1134.215475],[160.24 160.27 160.3  160.33 160.36],0.07184704397241509,6
