Vehicle_ID,ID,time,xloc,yloc,line_integral_values,maneuver
2509,2247,[2.8 2.9 3.  3.1 3.2 3.3 3.4 3.5 3.6],"[1800.923075 1802.048875 1803.17105  1804.289075 1805.402975 1806.512775
 1807.618475 1808.720075 1809.817575]",[162.57 162.59 162.61 162.63 162.65 162.66 162.68 162.7  162.71],0.07473903305780247,6
2509,2509,[0.9 1.  1.1 1.2 1.3 1.4 1.5 1.6 1.7],"[1800.2155   1801.350975 1802.4854   1803.618775 1804.750575 1805.8808
 1807.00945  1808.136025 1809.26055 ]",[162.52 162.53 162.55 162.56 162.57 162.59 162.6  162.61 162.62],0.12573723271900852,6
2509,3926,[3.7 3.8 3.9 4.  4.1 4.2 4.3 4.4],"[1800.784175 1802.062675 1803.323825 1804.569675 1805.8017   1807.02085
 1808.22705  1809.4192  ]",[160.69 160.79 160.89 160.98 161.08 161.17 161.25 161.34],0.12373506071848239,6
