Vehicle_ID,ID,time,xloc,yloc,line_integral_values,maneuver
2104,2090,[2.8 2.9 3.  3.1 3.2 3.3 3.4 3.5 3.6 3.7 3.8],"[1810.0462   1811.04855  1812.042375 1813.0282   1814.00605  1814.9759
 1815.937775 1816.8917   1817.838175 1818.7777   1819.710275]","[162.04 162.05 162.05 162.06 162.07 162.08 162.09 162.1  162.11 162.12
 162.12]",0.23454904370419752,6
2104,2104,[1.  1.1 1.2 1.3 1.4 1.5 1.6 1.7 1.8 1.9],"[1810.450825 1811.507075 1812.5583   1813.604475 1814.6456   1815.6812
 1816.711275 1817.7358   1818.754775 1819.7682  ]",[162.27 162.28 162.3  162.31 162.32 162.34 162.35 162.36 162.38 162.39],0.10891720583471495,6
2104,2735,[4.9 5. ],[1810.5528   1811.571775],[161.87 161.84],0.0,6
