Vehicle_ID,ID,time,xloc,yloc,line_integral_values,maneuver
2150,2150,[0.9 1.  1.1 1.2 1.3 1.4 1.5 1.6 1.7],"[1800.510775 1801.6837   1802.854575 1804.0229   1805.18915  1806.352825
 1807.513425 1808.67095  1809.825425]",[162.21 162.23 162.25 162.27 162.29 162.31 162.33 162.34 162.36],0.18431369509980508,6
2150,2509,[3.6 3.7 3.8 3.9 4.  4.1 4.2 4.3 4.4],"[1800.2155   1801.350975 1802.4854   1803.618775 1804.750575 1805.8808
 1807.00945  1808.136025 1809.26055 ]",[162.52 162.53 162.55 162.56 162.57 162.59 162.6  162.61 162.62],0.12573723271900852,6
