Vehicle_ID,ID,time,xloc,yloc,old_xloc,old_yloc,line_integral_values,maneuver
1836,1836,[234.2 234.3 234.4],[1600.4431 1601.1815 1601.925 ],[157.84 157.85 157.86],[1600.4431 1601.1815 1601.925 ],[157.84 157.85 157.86],0.0,6
1836,2090,[229.5 229.6 229.7 229.8],[1626.58025  1627.5374   1628.502075 1629.474275],[158.48 158.5  158.52 158.55],[1626.58025  1627.5374   1628.502075 1629.474275],[158.48 158.5  158.52 158.55],0.0,6
1836,2170,"[230.3 230.4 230.5 230.6 230.7 230.8 230.9 231.  231.1 231.2 231.3 231.4
 231.5 231.6 231.7 231.8 231.9 232.  232.1 232.2 232.3 232.4 232.5 232.6
 232.7 232.8 232.9 233.  233.1 233.2 233.3 233.4 233.5 233.6]","[1600.49775  1601.218975 1601.947275 1602.682675 1603.425175 1604.175275
 1604.933475 1605.700275 1606.4757   1607.25975  1608.0529   1608.855175
 1609.667075 1610.488575 1611.319675 1612.160875 1613.012175 1613.873575
 1614.74505  1615.6271   1616.51975  1617.422975 1618.33675  1619.2611
 1620.196525 1621.1425   1622.099025 1623.0666   1624.0447   1625.0333
 1626.0324   1627.0415   1628.0606   1629.0897  ]","[157.8  157.82 157.83 157.85 157.87 157.89 157.9  157.92 157.94 157.96
 157.98 158.01 158.03 158.05 158.07 158.09 158.12 158.14 158.16 158.19
 158.21 158.23 158.26 158.28 158.3  158.33 158.35 158.37 158.4  158.42
 158.45 158.47 158.5  158.52]","[1600.49775  1601.218975 1601.947275 1602.682675 1603.425175 1604.175275
 1604.933475 1605.700275 1606.4757   1607.25975  1608.0529   1608.855175
 1609.667075 1610.488575 1611.319675 1612.160875 1613.012175 1613.873575
 1614.74505  1615.6271   1616.51975  1617.422975 1618.33675  1619.2611
 1620.196525 1621.1425   1622.099025 1623.0666   1624.0447   1625.0333
 1626.0324   1627.0415   1628.0606   1629.0897  ]","[157.8  157.82 157.83 157.85 157.87 157.89 157.9  157.92 157.94 157.96
 157.98 158.01 158.03 158.05 158.07 158.09 158.12 158.14 158.16 158.19
 158.21 158.23 158.26 158.28 158.3  158.33 158.35 158.37 158.4  158.42
 158.45 158.47 158.5  158.52]",0.0,6
