Vehicle_ID,ID,time,xloc,yloc,line_integral_values,maneuver
68,68,"[1.9 2.  2.1 2.2 2.3 2.4 2.5 2.6 2.7 2.8 2.9 3.  3.1 3.2 3.3 3.4 3.5 3.6
 3.7 3.8 3.9]","[1810.051025 1810.55555  1811.056025 1811.552425 1812.044225 1812.530925
 1813.012025 1813.487525 1813.95795  1814.42335  1814.88475  1815.3432
 1815.799275 1816.254525 1816.710525 1817.16885  1817.631025 1818.098075
 1818.570525 1819.04935  1819.535025]","[162.37 162.39 162.41 162.42 162.43 162.45 162.46 162.48 162.49 162.5
 162.51 162.52 162.53 162.55 162.56 162.57 162.58 162.59 162.6  162.61
 162.62]",0.027740019586906448,6
68,77,[0.],[1819.7702],[162.69],0.0,6
