Vehicle_ID,ID,time,xloc,yloc,line_integral_values,maneuver
2390,1836,[0.  0.1 0.2 0.3 0.4 0.5 0.6 0.7 0.8],"[1348.13985  1348.79665  1349.4682   1350.152875 1350.84905  1351.554075
 1352.2648   1352.979125 1353.69445 ]",[158.8  158.78 158.76 158.74 158.73 158.71 158.69 158.67 158.66],0.0,6
2390,2290,"[0.6 0.7 0.8 0.9 1.  1.1 1.2 1.3 1.4 1.5 1.6 1.7 1.8 1.9 2.  2.1 2.2 2.3
 2.4 2.5 2.6 2.7 2.8 2.9 3.  3.1 3.2]","[1337.536125 1338.1927   1338.851775 1339.510725 1340.16645  1340.816925
 1341.461175 1342.09825  1342.7277   1343.35015  1343.96725  1344.581125
 1345.192875 1345.8036   1346.414375 1347.0257   1347.6381   1348.251075
 1348.864075 1349.476525 1350.0879   1350.6977   1351.305925 1351.9126
 1352.5172   1353.119175 1353.716975]","[159.08 159.06 159.04 159.03 159.01 159.   158.98 158.97 158.96 158.94
 158.93 158.91 158.9  158.88 158.87 158.85 158.84 158.82 158.81 158.79
 158.77 158.75 158.74 158.72 158.7  158.69 158.67]",1.2043146394478892,6
2390,2390,"[3.1 3.2 3.3 3.4 3.5 3.6 3.7 3.8 3.9 4.  4.1 4.2 4.3 4.4 4.5 4.6 4.7 4.8
 4.9 5. ]","[1337.48665  1338.067775 1338.644125 1339.21465  1339.77885  1340.33675
 1340.8884   1341.4344   1341.976875 1342.51795  1343.05975  1343.6054
 1344.157    1344.716625 1345.2863   1345.866525 1346.457225 1347.0578
 1347.667175 1348.284225]","[159.21 159.2  159.18 159.17 159.16 159.15 159.13 159.12 159.11 159.1
 159.09 159.08 159.07 159.05 159.04 159.03 159.02 159.01 158.99 158.98]",2.2062795177122068,6
