Vehicle_ID,ID,time,xloc,yloc,line_integral_values,maneuver
2247,2247,"[2.9 3.  3.1 3.2 3.3 3.4 3.5 3.6 3.7 3.8 3.9 4.  4.1 4.2 4.3 4.4 4.5 4.6
 4.7 4.8 4.9 5. ]","[1337.4783   1338.139325 1338.803825 1339.470725 1340.138475 1340.8055
 1341.47125  1342.134175 1342.79275  1343.446475 1344.09485  1344.737375
 1345.373075 1346.001975 1346.624625 1347.241625 1347.854025 1348.462375
 1349.06775  1349.671175 1350.27215  1350.870675]","[159.08 159.06 159.04 159.03 159.01 158.99 158.97 158.96 158.94 158.92
 158.91 158.89 158.87 158.86 158.84 158.83 158.81 158.8  158.78 158.77
 158.76 158.74]",0.9235778834215923,6
2247,2509,"[0.  0.1 0.2 0.3 0.4 0.5 0.6 0.7 0.8 0.9 1.  1.1 1.2 1.3 1.4 1.5 1.6 1.7
 1.8 1.9 2.  2.1 2.2 2.3 2.4 2.5 2.6]","[1337.037425 1337.706875 1338.373675 1339.0384   1339.702075 1340.36525
 1341.02795  1341.690675 1342.35345  1343.01625  1343.67905  1344.34135
 1345.0021   1345.660225 1346.314675 1346.964925 1347.610475 1348.250325
 1348.885    1349.515575 1350.14315  1350.769325 1351.395675 1352.02375
 1352.654575 1353.28865  1353.925975]","[159.17 159.15 159.14 159.12 159.1  159.08 159.07 159.05 159.03 159.01
 158.99 158.98 158.96 158.94 158.92 158.91 158.89 158.88 158.86 158.85
 158.83 158.82 158.8  158.79 158.77 158.76 158.74]",2.449805819040328,6
