Vehicle_ID,ID,time,xloc,yloc,line_integral_values,maneuver
2484,2484,[1.  1.1 1.2 1.3 1.4 1.5 1.6 1.7 1.8 1.9 2. ],"[1810.4045   1811.407925 1812.4002   1813.381325 1814.3513   1815.31015
 1816.2579   1817.19455  1818.120625 1819.03615  1819.94115 ]","[162.4  162.42 162.44 162.46 162.48 162.5  162.51 162.53 162.55 162.56
 162.58]",0.05860612197748677,6
2484,2841,[3.  3.1 3.2 3.3 3.4 3.5 3.6 3.7 3.8 3.9 4. ],"[1810.712725 1811.63065  1812.5411   1813.444075 1814.339075 1815.2266
 1816.107175 1816.980275 1817.8459   1818.705075 1819.557825]","[162.16 162.17 162.18 162.19 162.2  162.2  162.21 162.22 162.23 162.23
 162.24]",0.1327502383500516,6
