Vehicle_ID,ID,time,xloc,yloc,line_integral_values,maneuver
85,85,[1.9 2.  2.1 2.2 2.3 2.4 2.5 2.6 2.7 2.8 2.9 3.  3.1],"[1800.613425 1801.35545  1802.107175 1802.867025 1803.63345  1804.404925
 1805.18045  1805.96005  1806.7438   1807.53175  1808.324425 1809.121375
 1809.9221  ]","[162.01 162.02 162.04 162.05 162.06 162.07 162.08 162.1  162.11 162.12
 162.13 162.14 162.16]",0.21376497718079204,6
85,91,[3.7 3.8 3.9 4.  4.1 4.2 4.3 4.4 4.5 4.6 4.7 4.8 4.9 5. ],"[1800.4062   1801.084975 1801.7541   1802.412075 1803.05895  1803.6948
 1804.31865  1804.9295   1805.5258   1806.106025 1806.6692   1807.21485
 1807.743025 1808.254325]","[162.18 162.19 162.2  162.2  162.2  162.21 162.21 162.21 162.22 162.22
 162.22 162.22 162.22 162.23]",0.11307660879148543,6
85,94,[0.  0.1 0.2 0.3 0.4 0.5 0.6 0.7 0.8 0.9 1.  1.1 1.2 1.3 1.4],"[1800.40815  1801.008675 1801.605525 1802.200375 1802.797    1803.400725
 1804.016825 1804.64955  1805.30415  1805.98525  1806.69485  1807.433925
 1808.202875 1809.00155  1809.827775]","[162.57 162.57 162.57 162.57 162.57 162.57 162.57 162.57 162.57 162.57
 162.57 162.58 162.58 162.58 162.58]",0.05036554285752024,6
