Vehicle_ID,ID,time,xloc,yloc,line_integral_values,maneuver
536,536,[3.7 3.8 3.9 4.  4.1 4.2 4.3 4.4 4.5 4.6 4.7 4.8 4.9 5. ],"[1810.007    1810.2723   1810.537025 1810.8017   1811.066825 1811.3324
 1811.598425 1811.8654   1812.133325 1812.402225 1812.67315  1812.947625
 1813.226675 1813.510825]","[162.88 162.88 162.87 162.87 162.87 162.87 162.87 162.87 162.87 162.87
 162.87 162.88 162.88 162.88]",1.506006902473632,6
536,558,"[0.  0.1 0.2 0.3 0.4 0.5 0.6 0.7 0.8 0.9 1.  1.1 1.2 1.3 1.4 1.5 1.6 1.7
 1.8 1.9 2. ]","[1811.2997   1811.553925 1811.800325 1812.038425 1812.26825  1812.489825
 1812.70365  1812.910275 1813.110775 1813.3067   1813.498075 1813.68435
 1813.864425 1814.036725 1814.200175 1814.3532   1814.495275 1814.62645
 1814.746775 1814.857825 1814.964775]","[162.86 162.85 162.85 162.85 162.84 162.84 162.84 162.83 162.83 162.82
 162.82 162.82 162.81 162.81 162.8  162.8  162.8  162.79 162.79 162.79
 162.79]",1.0209928383804256,6
