ID,time,xloc,yloc,old_xloc,old_yloc,line_integral_values,maneuver
533,[3.6 3.7 3.8 3.9 4.  4.1 4.2 4.3 4.4 4.5 4.6 4.7 4.8 4.9 5. ],"[30.91395  31.927175 32.93235  33.929475 34.918075 35.89815  36.869675
 37.83265  38.7871   39.732525 40.6694   41.59775  42.517075 43.427875
 44.3307  ]","[0.23 0.26 0.3  0.34 0.37 0.41 0.44 0.47 0.5  0.54 0.57 0.6  0.62 0.65
 0.68]","[30.91395  31.927175 32.93235  33.929475 34.918075 35.89815  36.869675
 37.83265  38.7871   39.732525 40.6694   41.59775  42.517075 43.427875
 44.3307  ]","[158.63 158.66 158.7  158.74 158.77 158.81 158.84 158.87 158.9  158.94
 158.97 159.   159.02 159.05 159.08]",0.0,6
536,"[2.4 2.5 2.6 2.7 2.8 2.9 3.  3.1 3.2 3.3 3.4 3.5 3.6 3.7 3.8 3.9 4.  4.1
 4.2 4.3 4.4 4.5 4.6 4.7 4.8 4.9 5. ]","[30.34175  31.203575 32.059075 32.90875  33.7531   34.592675 35.427975
 36.259475 37.0877   37.91315  38.7358   39.555625 40.373125 41.1883
 42.001125 42.812075 43.62115  44.42835  45.234175 46.038625 46.841675
 47.643825 48.4456   49.247    50.048    50.849125 51.650375]","[0.15 0.19 0.22 0.25 0.28 0.32 0.35 0.38 0.41 0.44 0.47 0.5  0.52 0.55
 0.58 0.61 0.63 0.66 0.68 0.71 0.73 0.76 0.78 0.8  0.82 0.84 0.87]","[30.34175  31.203575 32.059075 32.90875  33.7531   34.592675 35.427975
 36.259475 37.0877   37.91315  38.7358   39.555625 40.373125 41.1883
 42.001125 42.812075 43.62115  44.42835  45.234175 46.038625 46.841675
 47.643825 48.4456   49.247    50.048    50.849125 51.650375]","[158.55 158.59 158.62 158.65 158.68 158.72 158.75 158.78 158.81 158.84
 158.87 158.9  158.92 158.95 158.98 159.01 159.03 159.06 159.08 159.11
 159.13 159.16 159.18 159.2  159.22 159.24 159.27]",0.0,6
586,[0.  0.1 0.2],[30.00195  30.695075 31.387675],[0.   0.02 0.03],[30.00195  30.695075 31.387675],[158.4  158.42 158.43],0.0,6
