Vehicle_ID,ID,time,xloc,yloc,line_integral_values,maneuver
2509,2150,"[1.5 1.6 1.7 1.8 1.9 2.  2.1 2.2 2.3 2.4 2.5 2.6 2.7 2.8 2.9 3.  3.1 3.2
 3.3 3.4 3.5 3.6 3.7 3.8 3.9 4.  4.1 4.2 4.3]","[1600.638325 1601.5688   1602.5083   1603.456325 1604.412375 1605.376425
 1606.34845  1607.32795  1608.314425 1609.307825 1610.30815  1611.3149
 1612.32755  1613.346125 1614.370625 1615.40105  1616.4369   1617.478175
 1618.5249   1619.57705  1620.634625 1621.697175 1622.7652   1623.838675
 1624.9176   1626.002    1627.09135  1628.185125 1629.28335 ]","[157.45 157.48 157.51 157.54 157.56 157.59 157.62 157.65 157.68 157.72
 157.75 157.78 157.81 157.85 157.88 157.92 157.95 157.99 158.02 158.06
 158.09 158.12 158.16 158.19 158.22 158.26 158.29 158.32 158.35]",0.0,6
2509,2449,"[0.  0.1 0.2 0.3 0.4 0.5 0.6 0.7 0.8 0.9 1.  1.1 1.2 1.3 1.4 1.5 1.6 1.7
 1.8 1.9 2.  2.1 2.2 2.3 2.4 2.5]","[1604.2611   1605.179475 1606.104325 1607.036175 1607.974525 1608.919375
 1609.87125  1610.83065  1611.797575 1612.771525 1613.7525   1614.7405
 1615.7355   1616.7375   1617.7465   1618.762475 1619.784925 1620.81385
 1621.849225 1622.89055  1623.937325 1624.98955  1626.0472   1627.109775
 1628.1773   1629.24975 ]","[157.84 157.86 157.88 157.9  157.92 157.94 157.96 157.98 158.01 158.03
 158.05 158.07 158.09 158.11 158.13 158.15 158.17 158.19 158.21 158.23
 158.25 158.27 158.29 158.31 158.33 158.35]",0.0,6
2509,2509,[3.8 3.9 4.  4.1 4.2 4.3 4.4 4.5 4.6 4.7 4.8 4.9],"[1600.402425 1601.349675 1602.304425 1603.267175 1604.23745  1605.21525
 1606.20105  1607.194325 1608.194575 1609.201825 1610.21605  1611.237225]","[158.17 158.19 158.2  158.21 158.22 158.24 158.25 158.26 158.28 158.29
 158.31 158.32]",0.0,6
