Vehicle_ID,ID,time,xloc,yloc,line_integral_values,maneuver
522,522,[4.1 4.2 4.3 4.4 4.5 4.6 4.7 4.8 4.9 5. ],"[1920.859825 1921.876975 1922.90425  1923.933325 1924.955925 1925.9659
 1926.95875  1927.931575 1928.8841   1929.8181  ]",[158.93 158.9  158.87 158.84 158.81 158.77 158.74 158.71 158.68 158.64],7.008575949878155e-05,6
522,533,[2.  2.1 2.2 2.3 2.4 2.5 2.6 2.7 2.8 2.9],"[1920.17715  1920.544275 1920.9286   1921.333275 1921.760925 1922.2141
 1922.694825 1923.205625 1923.748575 1924.307875]",[159.32 159.3  159.29 159.28 159.27 159.25 159.24 159.23 159.23 159.22],0.01144266963870265,6
