Vehicle_ID,ID,time,xloc,yloc,line_integral_values,maneuver
2090,2017,[0.  0.1 0.2 0.3 0.4 0.5 0.6 0.7 0.8 0.9 1.  1.1 1.2 1.3 1.4 1.5 1.6],"[1617.139075 1617.8764   1618.6187   1619.366475 1620.119725 1620.87795
 1621.640625 1622.40775  1623.179325 1623.95535  1624.735825 1625.52025
 1626.308625 1627.10095  1627.897225 1628.69695  1629.500125]","[158.23 158.25 158.27 158.29 158.3  158.32 158.34 158.36 158.38 158.4
 158.42 158.44 158.46 158.48 158.5  158.51 158.54]",0.0,6
2090,2040,"[0.  0.1 0.2 0.3 0.4 0.5 0.6 0.7 0.8 0.9 1.  1.1 1.2 1.3 1.4 1.5 1.6 1.7
 1.8 1.9 2.  2.1 2.2 2.3 2.4 2.5 2.6 2.7 2.8 2.9 3.  3.1 3.2 3.3 3.4 3.5
 3.6]","[1602.15     1602.8187   1603.492425 1604.1712   1604.855025 1605.5439
 1606.2383   1606.938225 1607.6437   1608.3547   1609.0707   1609.7917
 1610.5172   1611.247175 1611.982125 1612.72155  1613.46495  1614.212825
 1614.965175 1615.722    1616.4833   1617.2491   1618.0194   1618.7942
 1619.574    1620.3583   1621.147125 1621.940975 1622.739325 1623.542175
 1624.350025 1625.16235  1625.97915  1626.80045  1627.625725 1628.45495
 1629.287625]","[157.92 157.94 157.95 157.96 157.98 157.99 158.01 158.03 158.04 158.06
 158.07 158.09 158.11 158.12 158.14 158.16 158.17 158.19 158.21 158.22
 158.24 158.25 158.27 158.29 158.31 158.33 158.34 158.36 158.38 158.4
 158.42 158.44 158.46 158.48 158.5  158.52 158.54]",0.0,6
2090,2104,"[2.5 2.6 2.7 2.8 2.9 3.  3.1 3.2 3.3 3.4 3.5 3.6 3.7 3.8 3.9 4.  4.1 4.2
 4.3 4.4 4.5 4.6 4.7 4.8 4.9]","[1600.59525  1601.277675 1601.96515  1602.6572   1603.354325 1604.057
 1604.764725 1605.4775   1606.195325 1606.9187   1607.648125 1608.3831
 1609.123625 1609.870175 1610.62225  1611.379875 1612.143525 1612.9127
 1613.6874   1614.4676   1615.2533   1616.0445   1616.8412   1617.6434
 1618.4506  ]","[157.58 157.6  157.61 157.63 157.64 157.66 157.68 157.7  157.71 157.73
 157.75 157.77 157.79 157.81 157.84 157.86 157.88 157.9  157.92 157.95
 157.97 157.99 158.01 158.03 158.05]",0.0,6
