Vehicle_ID,ID,time,xloc,yloc,line_integral_values,maneuver
2390,2390,[1.1 1.2 1.3 1.4 1.5 1.6 1.7 1.8 1.9 2. ],"[1810.288975 1811.296525 1812.30215  1813.305825 1814.30805  1815.30885
 1816.308225 1817.30615  1818.302625 1819.29815 ]",[162.56 162.57 162.58 162.6  162.61 162.62 162.63 162.64 162.65 162.66],0.04135613214854733,6
2390,2449,[4.1 4.2 4.3 4.4 4.5 4.6 4.7 4.8 4.9],"[1810.917575 1812.0444   1813.1687   1814.289975 1815.408225 1816.52345
 1817.63565  1818.744825 1819.850975]",[162.75 162.76 162.77 162.78 162.79 162.8  162.81 162.82 162.83],0.01609451233684264,6
