Vehicle_ID,ID,time,xloc,yloc,line_integral_values,maneuver
537,537,"[2.1 2.2 2.3 2.4 2.5 2.6 2.7 2.8 2.9 3.  3.1 3.2 3.3 3.4 3.5 3.6 3.7 3.8
 3.9 4.  4.1 4.2]","[1337.68685  1338.4934   1339.297025 1340.0977   1340.895425 1341.690175
 1342.48195  1343.270725 1344.055975 1344.837225 1345.61445  1346.387625
 1347.156775 1347.9214   1348.681475 1349.437025 1350.18805  1350.93505
 1351.67805  1352.41705  1353.15205  1353.88305 ]","[159.18 159.16 159.15 159.13 159.12 159.1  159.09 159.07 159.06 159.04
 159.03 159.01 159.   158.99 158.97 158.96 158.95 158.94 158.93 158.91
 158.9  158.89]",1.677617412988178,6
537,540,[0.  0.1 0.2 0.3 0.4 0.5 0.6 0.7 0.8 0.9 1.  1.1 1.2],"[1344.3886   1345.15375  1345.916025 1346.675925 1347.4334   1348.18795
 1348.939575 1349.68825  1350.43395  1351.176175 1351.914925 1352.6507
 1353.3835  ]","[159.   158.98 158.96 158.94 158.93 158.91 158.89 158.88 158.86 158.84
 158.82 158.81 158.79]",0.12842711967294868,6
