Vehicle_ID,ID,time,xloc,yloc,line_integral_values,maneuver
2636,2247,[0.  0.1 0.2 0.3],[1352.06135  1352.651925 1353.238425 1353.8203  ],[158.72 158.71 158.69 158.68],0.0,6
2636,2592,"[1.3 1.4 1.5 1.6 1.7 1.8 1.9 2.  2.1 2.2 2.3 2.4 2.5 2.6 2.7 2.8 2.9 3.
 3.1 3.2 3.3 3.4 3.5 3.6 3.7 3.8 3.9 4.  4.1 4.2 4.3 4.4]","[1337.128925 1337.634275 1338.140225 1338.647325 1339.156625 1339.669125
 1340.184825 1340.704225 1341.2278   1341.755025 1342.285375 1342.8188
 1343.355275 1343.894275 1344.435275 1344.97775  1345.521175 1346.06555
 1346.61035  1347.15505  1347.69965  1348.244175 1348.788125 1349.331475
 1349.874225 1350.415875 1350.956425 1351.4954   1352.0323   1352.5676
 1353.100775 1353.631325]","[158.68 158.67 158.65 158.64 158.63 158.62 158.61 158.59 158.58 158.57
 158.56 158.55 158.53 158.52 158.51 158.5  158.49 158.48 158.47 158.46
 158.45 158.44 158.43 158.43 158.42 158.41 158.4  158.39 158.39 158.38
 158.37 158.36]",0.5969710016801351,6
2636,2636,[3.7 3.8 3.9 4.  4.1 4.2 4.3 4.4 4.5 4.6 4.7 4.8 4.9 5. ],"[1337.304025 1337.754825 1338.20465  1338.654025 1339.103475 1339.553025
 1340.003175 1340.454425 1340.907275 1341.361725 1341.8178   1342.276
 1342.736275 1343.198625]","[158.67 158.66 158.65 158.64 158.63 158.62 158.6  158.59 158.58 158.57
 158.55 158.54 158.53 158.52]",0.640934806047571,6
