Vehicle_ID,ID,time,xloc,yloc,line_integral_values,maneuver
68,68,[3.4 3.5 3.6 3.7 3.8 3.9 4.  4.1 4.2 4.3 4.4 4.5 4.6 4.7 4.8 4.9 5. ],"[1817.16885  1817.631025 1818.098075 1818.570525 1819.04935  1819.535025
 1820.027025 1820.5258   1821.0313   1821.543    1822.06085  1822.5843
 1823.11285  1823.646475 1824.185125 1824.728275 1825.275925]","[162.57 162.58 162.59 162.6  162.61 162.62 162.63 162.64 162.65 162.66
 162.66 162.67 162.68 162.69 162.7  162.71 162.72]",3.9729157289621306,6
68,77,"[0.  0.1 0.2 0.3 0.4 0.5 0.6 0.7 0.8 0.9 1.  1.1 1.2 1.3 1.4 1.5 1.6 1.7
 1.8 1.9 2.  2.1 2.2 2.3 2.4 2.5 2.6 2.7]","[1819.7702   1820.270925 1820.770425 1821.268725 1821.76585  1822.261825
 1822.756675 1823.25045  1823.744175 1824.2389   1824.7352   1825.234125
 1825.7362   1826.24245  1826.753925 1827.271125 1827.794525 1828.324125
 1828.8594   1829.399775 1829.9447   1830.493625 1831.046    1831.601325
 1832.159075 1832.7182   1833.2782   1833.8391  ]","[162.69 162.69 162.7  162.71 162.71 162.72 162.73 162.73 162.74 162.74
 162.75 162.76 162.76 162.77 162.77 162.78 162.78 162.79 162.79 162.8
 162.8  162.81 162.81 162.82 162.82 162.83 162.83 162.83]",0.0022903669794337926,6
