Vehicle_ID,ID,time,xloc,yloc,line_integral_values,maneuver
2290,1836,"[1.5 1.6 1.7 1.8 1.9 2.  2.1 2.2 2.3 2.4 2.5 2.6 2.7 2.8 2.9 3.  3.1 3.2
 3.3 3.4 3.5 3.6 3.7 3.8 3.9 4.  4.1 4.2 4.3]","[1337.224325 1337.680025 1338.1454   1338.62095  1339.106675 1339.60255
 1340.10805  1340.622625 1341.14625  1341.678925 1342.22065  1342.771425
 1343.331225 1343.899525 1344.4758   1345.06005  1345.6528   1346.255625
 1346.870125 1347.49785  1348.13985  1348.79665  1349.4682   1350.152875
 1350.84905  1351.554075 1352.2648   1352.979125 1353.69445 ]","[159.04 159.03 159.02 159.01 159.01 158.99 158.98 158.97 158.96 158.95
 158.94 158.93 158.92 158.9  158.89 158.87 158.86 158.84 158.83 158.81
 158.8  158.78 158.76 158.74 158.73 158.71 158.69 158.67 158.66]",1.790541911900535,6
2290,2170,[0.  0.1 0.2 0.3],[1352.174025 1352.6825   1353.186675 1353.687125],[158.7  158.69 158.68 158.67],0.0,6
2290,2290,[4.1 4.2 4.3 4.4 4.5 4.6 4.7 4.8 4.9 5. ],"[1337.536125 1338.1927   1338.851775 1339.510725 1340.16645  1340.816925
 1341.461175 1342.09825  1342.7277   1343.35015 ]",[159.08 159.06 159.04 159.03 159.01 159.   158.98 158.97 158.96 158.94],0.5141492100630086,6
