Vehicle_ID,ID,time,xloc,yloc,line_integral_values,maneuver
2104,2090,[2.8 2.9 3.  3.1 3.2 3.3 3.4 3.5 3.6],"[1800.62765  1801.70895  1802.781675 1803.84585  1804.901475 1805.948025
 1806.9855   1808.014425 1809.034825]",[161.96 161.97 161.98 161.98 161.99 162.   162.01 162.02 162.03],0.3707733724761258,6
2104,2104,[1.  1.1 1.2 1.3 1.4 1.5 1.6 1.7 1.8],"[1800.7297   1801.8276   1802.9215   1804.010875 1805.095725 1806.176075
 1807.251925 1808.32325  1809.38955 ]",[162.13 162.15 162.16 162.18 162.2  162.21 162.23 162.24 162.26],0.23633534177416082,6
2104,2735,[4.8 4.9 5. ],[1800.2547  1801.29795 1802.3373 ],[161.98 161.98 161.97],0.0,6
