Vehicle_ID,ID,time,xloc,yloc,line_integral_values,maneuver
61,57,[0.  0.1 0.2 0.3 0.4 0.5 0.6 0.7 0.8 0.9],"[1822.5725   1823.344175 1824.118875 1824.8966   1825.67685  1826.4591
 1827.243825 1828.030525 1828.8187   1829.608825]",[162.66 162.66 162.67 162.68 162.69 162.7  162.71 162.72 162.73 162.73],7.339174375275851e-05,6
61,61,[2.  2.1 2.2 2.3 2.4 2.5 2.6 2.7 2.8 2.9 3.  3.1 3.2 3.3 3.4 3.5 3.6],"[1815.602225 1816.425875 1817.25255  1818.08225  1818.914975 1819.75075
 1820.589575 1821.43145  1822.27685  1823.125775 1823.97825  1824.83425
 1825.69325  1826.55525  1827.42025  1828.287725 1829.15715 ]","[162.09 162.1  162.11 162.12 162.13 162.14 162.15 162.16 162.17 162.18
 162.18 162.19 162.2  162.21 162.21 162.22 162.23]",0.10968588000706667,6
