Vehicle_ID,ID,time,xloc,yloc,line_integral_values,maneuver
91,85,"[0.4 0.5 0.6 0.7 0.8 0.9 1.  1.1 1.2 1.3 1.4 1.5 1.6 1.7 1.8 1.9 2.  2.1
 2.2 2.3 2.4 2.5 2.6 2.7 2.8 2.9 3.  3.1 3.2 3.3 3.4 3.5 3.6 3.7 3.8 3.9
 4. ]","[1817.035675 1817.76995  1818.48005  1819.1619   1819.810875 1820.423425
 1820.9976   1821.531975 1822.0267   1822.48405  1822.90785  1823.302425
 1823.673125 1824.025775 1824.366675 1824.702125 1825.03835  1825.381025
 1825.733725 1826.0989   1826.4769   1826.867025 1827.268075 1827.6778
 1828.094    1828.515025 1828.9408   1829.3724   1829.812975 1830.26615
 1830.734525 1831.220125 1831.7234   1832.24585  1832.788975 1833.352725
 1833.93755 ]","[162.25 162.26 162.26 162.27 162.28 162.28 162.29 162.29 162.3  162.3
 162.3  162.31 162.31 162.31 162.32 162.32 162.32 162.32 162.33 162.33
 162.33 162.34 162.34 162.34 162.34 162.34 162.34 162.34 162.34 162.35
 162.35 162.35 162.35 162.35 162.35 162.35 162.35]",5.386267240187392,6
91,91,[3.3 3.4 3.5 3.6 3.7 3.8 3.9 4.  4.1 4.2 4.3 4.4 4.5 4.6 4.7 4.8 4.9 5. ],"[1817.129825 1817.6462   1818.1804   1818.732875 1819.304575 1819.89645
 1820.50895  1821.141475 1821.79345  1822.46535  1823.1587   1823.875575
 1824.6175   1825.38545  1826.17935  1826.99705  1827.834825 1828.688925]","[162.18 162.18 162.17 162.17 162.16 162.15 162.15 162.15 162.14 162.14
 162.13 162.13 162.13 162.12 162.12 162.11 162.11 162.1 ]",14.986686686873293,6
91,94,[0.  0.1 0.2 0.3 0.4 0.5 0.6 0.7],"[1829.070075 1829.8321   1830.5803   1831.3115   1832.021525 1832.70675
 1833.3646   1833.991975]",[162.7  162.7  162.71 162.71 162.72 162.72 162.73 162.73],0.0,6
