Vehicle_ID,ID,time,xloc,yloc,line_integral_values,maneuver
2390,1008,[3.9 4.  4.1 4.2 4.3 4.4 4.5 4.6 4.7 4.8 4.9],"[1612.312625 1613.11905  1613.937425 1614.76775  1615.609525 1616.462725
 1617.32735  1618.2029   1619.08885  1619.9852   1620.89195 ]","[156.03 156.14 156.24 156.34 156.45 156.55 156.66 156.76 156.86 156.96
 157.06]",0.0,6
2390,1836,"[0.  0.1 0.2 0.3 0.4 0.5 0.6 0.7 0.8 0.9 1.  1.1 1.2 1.3 1.4 1.5 1.6 1.7
 1.8 1.9 2.  2.1]","[1611.29165  1612.110925 1612.93675  1613.768625 1614.60705  1615.452525
 1616.30455  1617.163125 1618.028725 1618.90135  1619.781025 1620.667725
 1621.56095  1622.4607   1623.36745  1624.2807   1625.20045  1626.1267
 1627.05945  1627.9987   1628.943925 1629.8946  ]","[158.01 158.03 158.05 158.06 158.08 158.1  158.12 158.14 158.16 158.18
 158.2  158.22 158.24 158.26 158.28 158.3  158.32 158.35 158.37 158.39
 158.41 158.44]",0.0,6
2390,2290,"[1.5 1.6 1.7 1.8 1.9 2.  2.1 2.2 2.3 2.4 2.5 2.6 2.7 2.8 2.9 3.  3.1 3.2
 3.3 3.4 3.5 3.6 3.7 3.8 3.9 4.  4.1 4.2 4.3 4.4 4.5 4.6]","[1600.70335  1601.467575 1602.24045  1603.022975 1603.815675 1604.61855
 1605.4321   1606.256825 1607.093225 1607.9413   1608.801025 1609.6729
 1610.556925 1611.453075 1612.361325 1613.281675 1614.2141   1615.1586
 1616.115175 1617.0838   1618.064475 1619.057175 1620.0619   1621.07815
 1622.1059   1623.14515  1624.1959   1625.25815  1626.3319   1627.417125
 1628.5128   1629.618925]","[157.93 157.95 157.97 157.99 158.01 158.03 158.05 158.07 158.09 158.11
 158.13 158.15 158.17 158.2  158.22 158.24 158.26 158.29 158.31 158.34
 158.36 158.39 158.41 158.44 158.46 158.49 158.52 158.54 158.57 158.6
 158.63 158.65]",0.0,6
2390,2390,[4.2 4.3 4.4 4.5 4.6 4.7 4.8 4.9],"[1600.096775 1600.90095  1601.7081   1602.51825  1603.331375 1604.147475
 1604.966575 1605.789175]",[157.95 157.97 157.98 158.   158.02 158.03 158.05 158.07],0.0,6
