Vehicle_ID,ID,time,xloc,yloc,line_integral_values,maneuver
103,82,[3.5 3.6 3.7 3.8 3.9 4.  4.1 4.2 4.3 4.4 4.5 4.6 4.7 4.8 4.9 5. ],"[1800.0661   1800.7141   1801.362125 1802.010675 1802.659725 1803.30825
 1803.95465  1804.596275 1805.2305   1805.85475  1806.46695  1807.066075
 1807.6522   1808.22595  1808.78895  1809.343325]","[162.16 162.17 162.18 162.19 162.2  162.2  162.21 162.22 162.23 162.24
 162.25 162.26 162.27 162.28 162.29 162.29]",0.10502645837148154,6
103,103,[1.6 1.7 1.8 1.9 2.  2.1 2.2 2.3 2.4 2.5 2.6 2.7 2.8],"[1800.1357   1800.86     1801.593375 1802.3353   1803.085775 1803.8453
 1804.613875 1805.391525 1806.17875  1806.9755   1807.78075  1808.59345
 1809.412525]","[162.39 162.4  162.41 162.42 162.43 162.43 162.44 162.45 162.46 162.47
 162.47 162.48 162.49]",0.09927200447318989,6
