Vehicle_ID,ID,time,xloc,yloc,line_integral_values,maneuver
1062,1062,[1.1 1.2 1.3 1.4 1.5 1.6 1.7 1.8 1.9],"[1810.797225 1811.837475 1812.875225 1813.910475 1814.943225 1815.974
 1817.002825 1818.0302   1819.056125]",[162.36 162.37 162.39 162.4  162.42 162.43 162.45 162.46 162.48],0.0752821290190832,6
1062,2017,[3.1 3.2 3.3 3.4 3.5 3.6 3.7 3.8 3.9],"[1810.97995  1812.044025 1813.10455  1814.161025 1815.213975 1816.2634
 1817.308775 1818.350625 1819.38895 ]",[162.18 162.2  162.22 162.23 162.25 162.26 162.27 162.29 162.3 ],0.12453582503295361,6
1062,2040,[4.6 4.7 4.8 4.9 5. ],[1810.677025 1811.70155  1812.72155  1813.737025 1814.74745 ],[162.72 162.73 162.75 162.77 162.78],1.373387235121957e-05,6
