Vehicle_ID,ID,time,xloc,yloc,line_integral_values,maneuver
537,145,[0.  0.1 0.2 0.3 0.4 0.5 0.6 0.7 0.8 0.9 1.  1.1 1.2 1.3 1.4],"[1862.640175 1863.8515   1865.0643   1866.278575 1867.4938   1868.71
 1869.926675 1871.1438   1872.361375 1873.5794   1874.797875 1876.015775
 1877.2331   1878.44985  1879.666025]","[162.3  162.29 162.28 162.26 162.25 162.23 162.22 162.2  162.19 162.17
 162.15 162.13 162.11 162.08 162.06]",0.0,6
537,537,[3.6 3.7 3.8 3.9 4.  4.1 4.2 4.3 4.4 4.5 4.6 4.7 4.8 4.9 5. ],"[1840.081775 1841.2601   1842.43935  1843.619025 1844.79915  1845.979725
 1847.16075  1848.342225 1849.523675 1850.7056   1851.888    1853.070875
 1854.254225 1855.4381   1856.623   ]","[162.84 162.85 162.85 162.86 162.86 162.86 162.86 162.86 162.85 162.85
 162.85 162.84 162.83 162.83 162.82]",0.7346001811112909,6
537,540,"[1.7 1.8 1.9 2.  2.1 2.2 2.3 2.4 2.5 2.6 2.7 2.8 2.9 3.  3.1 3.2 3.3 3.4
 3.5 3.6 3.7 3.8 3.9 4.  4.1 4.2 4.3 4.4 4.5 4.6 4.7 4.8 4.9]","[1840.25975  1841.456125 1842.65445  1843.8547   1845.056375 1846.2595
 1847.4646   1848.671175 1849.879225 1851.089275 1852.301325 1853.515375
 1854.731925 1855.950975 1857.172025 1858.3951   1859.6207   1860.8488
 1862.0789   1863.310975 1864.5445   1865.7795   1867.015975 1868.252875
 1869.490175 1870.7279   1871.96555  1873.2031   1874.44005  1875.6759
 1876.91065  1878.144825 1879.377925]","[162.64 162.64 162.64 162.64 162.63 162.63 162.63 162.62 162.62 162.61
 162.61 162.6  162.59 162.58 162.57 162.56 162.55 162.53 162.52 162.5
 162.49 162.47 162.45 162.43 162.41 162.39 162.37 162.34 162.32 162.29
 162.27 162.24 162.21]",1.3490246678442825,6
