Vehicle_ID,ID,time,xloc,yloc,line_integral_values,maneuver
1983,1062,[3.7 3.8 3.9 4.  4.1 4.2 4.3 4.4 4.5 4.6],"[1800.24945  1801.3127   1802.37455  1803.434975 1804.493925 1805.550875
 1806.605825 1807.65825  1808.707625 1809.75395 ]",[162.2  162.22 162.23 162.25 162.26 162.28 162.29 162.31 162.33 162.34],0.26223029949484217,6
1983,1961,[0.  0.1],[1808.7265   1809.899625],[162.45 162.46],0.0,6
1983,1983,[1.  1.1 1.2 1.3 1.4 1.5 1.6 1.7],"[1800.89575  1802.0622   1803.227575 1804.391375 1805.5536   1806.71425
 1807.8728   1809.028775]",[161.75 161.77 161.78 161.8  161.82 161.84 161.85 161.87],0.15798488462351268,6
