Vehicle_ID,ID,time,xloc,yloc,line_integral_values,maneuver
536,522,[4.6 4.7 4.8 4.9 5. ],[1585.4844   1586.601175 1587.715375 1588.827    1589.936075],[158.33 158.35 158.38 158.4  158.42],0.5039198705941196,6
536,533,"[2.9 3.  3.1 3.2 3.3 3.4 3.5 3.6 3.7 3.8 3.9 4.  4.1 4.2 4.3 4.4 4.5 4.6
 4.7 4.8 4.9 5. ]","[1585.861925 1586.98755  1588.10655  1589.217925 1590.32165  1591.41775
 1592.505725 1593.585575 1594.657325 1595.720975 1596.776525 1597.823475
 1598.86185  1599.892175 1600.91395  1601.927175 1602.93235  1603.929475
 1604.918075 1605.89815  1606.869675 1607.83265 ]","[158.17 158.2  158.23 158.26 158.29 158.33 158.36 158.39 158.43 158.46
 158.49 158.53 158.56 158.59 158.63 158.66 158.7  158.74 158.77 158.81
 158.84 158.87]",0.5786252196308628,6
536,536,"[1.5 1.6 1.7 1.8 1.9 2.  2.1 2.2 2.3 2.4 2.5 2.6 2.7 2.8 2.9 3.  3.1 3.2
 3.3 3.4 3.5 3.6 3.7 3.8 3.9 4.  4.1 4.2 4.3 4.4 4.5 4.6 4.7 4.8 4.9 5. ]","[1585.236525 1586.257075 1587.268025 1588.268875 1589.260125 1590.241275
 1591.211825 1592.172275 1593.122125 1594.0609   1594.9886   1595.905725
 1596.8123   1597.70835  1598.594925 1599.47255  1600.34175  1601.203575
 1602.059075 1602.90875  1603.7531   1604.592675 1605.427975 1606.259475
 1607.0877   1607.91315  1608.7358   1609.555625 1610.373125 1611.1883
 1612.001125 1612.812075 1613.62115  1614.42835  1615.234175 1616.038625]","[158.   158.03 158.07 158.1  158.13 158.17 158.2  158.24 158.27 158.31
 158.35 158.38 158.42 158.45 158.49 158.52 158.55 158.59 158.62 158.65
 158.68 158.72 158.75 158.78 158.81 158.84 158.87 158.9  158.92 158.95
 158.98 159.01 159.03 159.06 159.08 159.11]",4.588561376343723,6
536,558,[0.7 0.8 0.9],[1585.35765 1586.13285 1586.90075],[158.3  158.32 158.34],0.8344342371129031,6
536,586,[0.  0.1 0.2 0.3 0.4 0.5 0.6 0.7 0.8 0.9],"[1595.16495  1595.85335  1596.54285  1597.233425 1597.925025 1598.61715
 1599.3093   1600.00195  1600.695075 1601.387675]",[158.3  158.31 158.33 158.34 158.36 158.37 158.39 158.4  158.42 158.43],0.0,6
