Vehicle_ID,ID,time,xloc,yloc,line_integral_values,maneuver
972,972,[3.6 3.7 3.8 3.9 4.  4.1 4.2 4.3 4.4 4.5 4.6 4.7 4.8 4.9 5. ],"[1840.18275  1841.25795  1842.32915  1843.39685  1844.46105  1845.521225
 1846.577375 1847.630025 1848.679175 1849.724325 1850.765475 1851.803125
 1852.837275 1853.867425 1854.8941  ]","[162.31 162.3  162.29 162.28 162.27 162.26 162.25 162.24 162.23 162.21
 162.2  162.19 162.18 162.17 162.16]",1.9558778997993507,6
972,1387,[0.  0.1 0.2 0.3 0.4 0.5 0.6 0.7 0.8 0.9 1. ],"[1871.1803   1872.026075 1872.867875 1873.7057   1874.5401   1875.3721
 1876.2017   1877.0294   1877.855725 1878.6807   1879.505325]","[161.02 161.04 161.07 161.09 161.11 161.13 161.14 161.15 161.16 161.17
 161.17]",0.0,6
