Vehicle_ID,ID,time,xloc,yloc,line_integral_values,maneuver
2636,2592,"[0.  0.1 0.2 0.3 0.4 0.5 0.6 0.7 0.8 0.9 1.  1.1 1.2 1.3 1.4 1.5 1.6 1.7
 1.8 1.9 2.  2.1]","[1604.599    1605.714225 1606.834425 1607.959625 1609.090325 1610.226525
 1611.368225 1612.515425 1613.66815  1614.8269   1615.99115  1617.1609
 1618.33615  1619.5169   1620.70315  1621.894375 1623.090575 1624.29175
 1625.49735  1626.70635  1627.91825  1629.133025]","[157.48 157.51 157.54 157.56 157.59 157.61 157.64 157.67 157.7  157.72
 157.75 157.78 157.8  157.83 157.85 157.88 157.91 157.93 157.96 157.98
 158.01 158.03]",0.0,6
2636,2636,[3.3 3.4 3.5 3.6 3.7 3.8 3.9 4.  4.1 4.2 4.3 4.4 4.5 4.6 4.7 4.8 4.9],"[1600.5011   1601.49705  1602.496    1603.498475 1604.504475 1605.513475
 1606.525475 1607.539975 1608.55695  1609.5769   1610.59985  1611.6258
 1612.65475  1613.686725 1614.721725 1615.759725 1616.800725]","[158.16 158.18 158.2  158.22 158.24 158.26 158.27 158.29 158.31 158.33
 158.35 158.37 158.39 158.41 158.43 158.45 158.48]",0.0,6
