Vehicle_ID,ID,time,xloc,yloc,line_integral_values,maneuver
942,899,"[0.  0.1 0.2 0.3 0.4 0.5 0.6 0.7 0.8 0.9 1.  1.1 1.2 1.3 1.4 1.5 1.6 1.7
 1.8 1.9]","[1342.329025 1343.00515  1343.67325  1344.332825 1344.98385  1345.626325
 1346.260275 1346.8857   1347.5026   1348.1115   1348.712425 1349.305875
 1349.89185  1350.470375 1351.04195  1351.606575 1352.16425  1352.7155
 1353.260325 1353.7987  ]","[159.14 159.13 159.12 159.1  159.09 159.08 159.08 159.07 159.06 159.05
 159.04 159.03 159.02 159.02 159.01 159.01 159.   159.   158.99 158.99]",0.0012995967931327935,6
942,942,"[2.1 2.2 2.3 2.4 2.5 2.6 2.7 2.8 2.9 3.  3.1 3.2 3.3 3.4 3.5 3.6 3.7 3.8
 3.9 4.  4.1 4.2 4.3 4.4 4.5]","[1337.58915  1338.3471   1339.096575 1339.837575 1340.569575 1341.2931
 1342.008175 1342.714775 1343.4134   1344.104075 1344.786275 1345.46
 1346.125775 1346.7841   1347.434975 1348.0784   1348.7149   1349.345
 1349.9692   1350.588    1351.201425 1351.809475 1352.41315  1353.01245
 1353.607375]","[159.18 159.16 159.15 159.13 159.11 159.1  159.08 159.07 159.05 159.04
 159.03 159.01 159.   158.98 158.97 158.95 158.93 158.92 158.9  158.89
 158.87 158.86 158.85 158.83 158.82]",2.6513457062789745,6
