Vehicle_ID,ID,time,xloc,yloc,line_integral_values,maneuver
145,145,[1.6 1.7 1.8 1.9 2.  2.1 2.2 2.3 2.4 2.5 2.6 2.7 2.8 2.9 3. ],"[1817.1585   1818.2611   1819.367725 1820.477875 1821.59155  1822.70875
 1823.82945  1824.95365  1826.08135  1827.213075 1828.348325 1829.487075
 1830.629825 1831.776075 1832.92585 ]","[162.31 162.32 162.32 162.33 162.33 162.33 162.34 162.34 162.35 162.35
 162.36 162.36 162.36 162.37 162.37]",4.449333743300956,6
