Vehicle_ID,ID,time,xloc,yloc,line_integral_values,maneuver
522,522,"[1.9 2.  2.1 2.2 2.3 2.4 2.5 2.6 2.7 2.8 2.9 3.  3.1 3.2 3.3 3.4 3.5 3.6
 3.7 3.8 3.9]","[1800.004975 1800.5507   1801.0942   1801.635    1802.172575 1802.705875
 1803.232825 1803.75135  1804.259375 1804.755375 1805.238875 1805.709925
 1806.169125 1806.618125 1807.06015  1807.499425 1807.939625 1808.38335
 1808.831625 1809.2849   1809.742575]","[162.57 162.57 162.58 162.58 162.58 162.59 162.59 162.59 162.59 162.59
 162.6  162.6  162.6  162.6  162.6  162.6  162.6  162.6  162.6  162.59
 162.59]",0.026699041403293648,6
522,533,[0.  0.1 0.2 0.3 0.4 0.5 0.6 0.7 0.8 0.9 1.  1.1 1.2 1.3 1.4 1.5 1.6 1.7],"[1800.23     1800.707775 1801.197625 1801.7006   1802.21725  1802.7486
 1803.294625 1803.85425  1804.4264   1805.009975 1805.602875 1806.203025
 1806.809375 1807.420875 1808.035475 1808.651625 1809.2683   1809.884525]","[162.98 162.98 162.98 162.97 162.97 162.97 162.96 162.96 162.95 162.94
 162.94 162.93 162.92 162.91 162.9  162.89 162.88 162.87]",0.010843661779287072,6
