Vehicle_ID,ID,time,xloc,yloc,line_integral_values,maneuver
1062,1062,[4.5 4.6 4.7 4.8 4.9 5. ],[1587.135125 1587.562875 1587.992125 1588.42235  1588.85405  1589.28725 ],[157.5  157.51 157.51 157.52 157.53 157.54],1.234249365868846,6
1062,1961,[0.  0.1 0.2 0.3 0.4 0.5 0.6 0.7 0.8 0.9],"[1600.3418   1600.738475 1601.135175 1601.5319   1601.9287   1602.326075
 1602.7245   1603.123975 1603.524525 1603.92615 ]",[157.93 157.94 157.95 157.97 157.98 157.99 158.   158.02 158.03 158.04],0.0,6
1062,1983,"[0.3 0.4 0.5 0.6 0.7 0.8 0.9 1.  1.1 1.2 1.3 1.4 1.5 1.6 1.7 1.8 1.9 2.
 2.1 2.2 2.3 2.4 2.5 2.6 2.7 2.8 2.9 3.  3.1 3.2 3.3 3.4 3.5 3.6 3.7 3.8
 3.9 4. ]","[1587.03645  1587.4795   1587.924925 1588.372225 1588.820925 1589.271
 1589.72195  1590.173775 1590.626475 1591.079575 1591.53255  1591.9859
 1592.43965  1592.8928   1593.34535  1593.7973   1594.24815  1594.6984
 1595.14755  1595.595125 1596.041625 1596.48705  1596.931425 1597.37475
 1597.817025 1598.258275 1598.698525 1599.138275 1599.578025 1600.0178
 1600.457625 1600.898    1601.339425 1601.781925 1602.226025 1602.67225
 1603.121125 1603.57365 ]","[157.29 157.3  157.31 157.32 157.33 157.34 157.36 157.37 157.38 157.4
 157.41 157.43 157.44 157.45 157.46 157.48 157.49 157.5  157.51 157.52
 157.54 157.55 157.56 157.57 157.58 157.6  157.61 157.62 157.63 157.65
 157.66 157.67 157.69 157.7  157.71 157.73 157.74 157.75]",9.171146336275891,6
