Vehicle_ID,ID,time,xloc,yloc,line_integral_values,maneuver
2290,1836,"[1.9 2.  2.1 2.2 2.3 2.4 2.5 2.6 2.7 2.8 2.9 3.  3.1 3.2 3.3 3.4 3.5 3.6
 3.7 3.8 3.9 4.  4.1 4.2 4.3 4.4 4.5 4.6 4.7 4.8 4.9]","[1600.4431   1601.1815   1601.925    1602.674075 1603.428725 1604.18895
 1604.95475  1605.726125 1606.50355  1607.287025 1608.07655  1608.871625
 1609.67225  1610.478925 1611.29165  1612.110925 1612.93675  1613.768625
 1614.60705  1615.452525 1616.30455  1617.163125 1618.028725 1618.90135
 1619.781025 1620.667725 1621.56095  1622.4607   1623.36745  1624.2807
 1625.20045 ]","[157.84 157.85 157.86 157.87 157.88 157.89 157.9  157.92 157.93 157.94
 157.95 157.97 157.98 158.   158.01 158.03 158.05 158.06 158.08 158.1
 158.12 158.14 158.16 158.18 158.2  158.22 158.24 158.26 158.28 158.3
 158.32]",0.0,6
2290,2170,[0.  0.1 0.2 0.3 0.4 0.5 0.6 0.7 0.8 0.9 1.  1.1 1.2 1.3],"[1616.51975  1617.422975 1618.33675  1619.2611   1620.196525 1621.1425
 1622.099025 1623.0666   1624.0447   1625.0333   1626.0324   1627.0415
 1628.0606   1629.0897  ]","[158.21 158.23 158.26 158.28 158.3  158.33 158.35 158.37 158.4  158.42
 158.45 158.47 158.5  158.52]",0.0,6
2290,2290,[4.8 4.9],[1600.70335  1601.467575],[157.93 157.95],0.0,6
