Vehicle_ID,ID,time,xloc,yloc,line_integral_values,maneuver
540,537,[2.9 3.  3.1 3.2 3.3 3.4 3.5 3.6 3.7],"[1800.20905  1801.281875 1802.359275 1803.44175  1804.5293   1805.621925
 1806.7201   1807.823825 1808.9326  ]",[162.17 162.19 162.22 162.25 162.27 162.3  162.32 162.35 162.37],0.24765149380840668,6
540,540,[1.  1.1 1.2 1.3 1.4 1.5 1.6 1.7 1.8],"[1800.10525  1801.20285  1802.304975 1803.411125 1804.521775 1805.6364
 1806.754475 1807.876    1809.000475]",[162.4  162.42 162.43 162.44 162.46 162.47 162.48 162.5  162.51],0.1782762697464012,6
