Vehicle_ID,ID,time,xloc,yloc,line_integral_values,maneuver
536,522,[3.6 3.7 3.8 3.9 4.  4.1 4.2 4.3 4.4 4.5 4.6 4.7 4.8 4.9 5. ],"[1655.665425 1656.482125 1657.288725 1658.084725 1658.870125 1659.644925
 1660.408625 1661.160725 1661.901225 1662.630125 1663.34745  1664.053725
 1664.7495   1665.435325 1666.1117  ]","[159.58 159.6  159.61 159.63 159.65 159.66 159.68 159.7  159.72 159.74
 159.76 159.78 159.8  159.82 159.84]",0.5630020595766483,6
536,533,"[2.6 2.7 2.8 2.9 3.  3.1 3.2 3.3 3.4 3.5 3.6 3.7 3.8 3.9 4.  4.1 4.2 4.3
 4.4 4.5 4.6 4.7 4.8 4.9 5. ]","[1655.0017   1655.84985  1656.697975 1657.54605  1658.393575 1659.24005
 1660.085475 1660.929325 1661.771575 1662.611725 1663.449275 1664.2837
 1665.114475 1665.9416   1666.764075 1667.5819   1668.395075 1669.202575
 1670.0039   1670.79905  1671.587525 1672.36885  1673.143    1673.909475
 1674.667775]","[160.01 160.03 160.04 160.06 160.07 160.09 160.1  160.12 160.13 160.15
 160.16 160.18 160.19 160.21 160.22 160.24 160.25 160.27 160.28 160.3
 160.31 160.32 160.34 160.35 160.36]",0.6486051846808397,6
536,536,"[2.  2.1 2.2 2.3 2.4 2.5 2.6 2.7 2.8 2.9 3.  3.1 3.2 3.3 3.4 3.5 3.6 3.7
 3.8 3.9 4.  4.1 4.2 4.3 4.4 4.5 4.6 4.7 4.8 4.9 5. ]","[1655.7051   1656.52075  1657.3369   1658.15305  1658.9697   1659.78685
 1660.6045   1661.422675 1662.240875 1663.059575 1663.878775 1664.698475
 1665.518675 1666.339375 1667.160575 1667.981775 1668.803475 1669.625675
 1670.447875 1671.270575 1672.093775 1672.91695  1673.7401   1674.56375
 1675.3879   1676.21205  1677.036175 1677.860275 1678.684375 1679.50795
 1680.330975]","[159.95 159.97 159.98 160.   160.01 160.03 160.04 160.06 160.07 160.09
 160.1  160.12 160.13 160.15 160.16 160.18 160.19 160.21 160.22 160.24
 160.25 160.27 160.28 160.3  160.31 160.33 160.34 160.36 160.37 160.39
 160.4 ]",0.3762632086838766,6
