Vehicle_ID,ID,time,xloc,yloc,line_integral_values,maneuver
1836,1836,[0.9 1.  1.1 1.2 1.3 1.4 1.5 1.6 1.7],"[1800.71885  1801.877175 1803.027425 1804.1691   1805.3017   1806.425225
 1807.539175 1808.643525 1809.738275]",[162.45 162.46 162.47 162.49 162.5  162.51 162.52 162.53 162.54],0.11591645015355993,6
1836,2290,[3.8 3.9 4.  4.1 4.2 4.3 4.4 4.5 4.6 4.7],"[1800.224625 1801.27685  1802.3256   1803.37135  1804.4136   1805.45235
 1806.4876   1807.51885  1808.5466   1809.57135 ]",[162.57 162.59 162.61 162.63 162.65 162.68 162.7  162.72 162.74 162.76],0.10372390642170491,6
