Vehicle_ID,ID,time,xloc,yloc,line_integral_values,maneuver
618,586,[4.4 4.5 4.6 4.7 4.8 4.9 5. ],"[1336.1337   1337.346675 1338.5622   1339.780775 1341.0024   1342.227075
 1343.4548  ]",[158.94 158.91 158.88 158.86 158.83 158.8  158.77],0.0008214809034400931,6
618,618,"[1.3 1.4 1.5 1.6 1.7 1.8 1.9 2.  2.1 2.2 2.3 2.4 2.5 2.6 2.7 2.8 2.9 3.
 3.1 3.2 3.3 3.4 3.5 3.6 3.7 3.8 3.9 4.  4.1 4.2 4.3 4.4 4.5 4.6 4.7 4.8
 4.9 5. ]","[1335.05185  1336.29375  1337.53915  1338.788025 1340.040875 1341.297225
 1342.557075 1343.820425 1345.08725  1346.35755  1347.630825 1348.907075
 1350.1863   1351.468475 1352.753625 1354.04125  1355.331325 1356.62435
 1357.91985  1359.217325 1360.517275 1361.8197   1363.124575 1364.431925
 1365.74125  1367.05305  1368.367325 1369.683575 1371.0018   1372.322
 1373.644175 1374.968325 1376.29395  1377.621025 1378.95005  1380.28055
 1381.612025 1382.94445 ]","[159.56 159.53 159.49 159.46 159.42 159.39 159.35 159.31 159.27 159.24
 159.2  159.16 159.13 159.09 159.05 159.02 158.98 158.94 158.91 158.87
 158.83 158.8  158.76 158.73 158.69 158.66 158.62 158.58 158.55 158.51
 158.48 158.44 158.41 158.38 158.34 158.31 158.27 158.24]",2.180458123750937,6
