Vehicle_ID,ID,time,xloc,yloc,line_integral_values,maneuver
75,69,[0.  0.1 0.2 0.3 0.4 0.5 0.6 0.7 0.8 0.9 1.  1.1 1.2 1.3 1.4],"[1821.00605  1821.58295  1822.16545  1822.753025 1823.34565  1823.943325
 1824.54605  1825.154325 1825.76815  1826.387525 1827.01295  1827.643925
 1828.28045  1828.923025 1829.57165 ]","[162.04 162.05 162.06 162.07 162.08 162.08 162.09 162.09 162.09 162.1
 162.1  162.1  162.1  162.11 162.11]",0.03372405255521115,6
75,75,[2.2 2.3 2.4 2.5 2.6 2.7 2.8 2.9 3.  3.1 3.2 3.3 3.4 3.5 3.6 3.7 3.8 3.9],"[1815.596475 1816.38955  1817.190725 1817.99945  1818.814725 1819.636
 1820.4632   1821.2953   1822.1318   1822.972175 1823.815925 1824.66305
 1825.51355  1826.36745  1827.2248   1828.086625 1828.95345  1829.825825]","[161.27 161.23 161.19 161.15 161.1  161.06 161.01 160.96 160.91 160.86
 160.81 160.76 160.7  160.65 160.59 160.53 160.48 160.42]",0.8500424438870646,6
