Vehicle_ID,ID,time,xloc,yloc,line_integral_values,maneuver
2509,2247,[2.9 3.  3.1 3.2 3.3 3.4 3.5 3.6 3.7],"[1810.911    1812.000375 1813.085725 1814.16705  1815.244325 1816.317575
 1817.386825 1818.45255  1819.51475 ]",[162.73 162.74 162.76 162.77 162.78 162.8  162.81 162.82 162.83],0.017261992872173813,6
2509,2509,[1.  1.1 1.2 1.3 1.4 1.5 1.6 1.7 1.8],"[1810.383    1811.503375 1812.6212   1813.73645  1814.849125 1815.95875
 1817.0658   1818.170275 1819.2717  ]",[162.63 162.64 162.65 162.66 162.67 162.67 162.68 162.69 162.69],0.035577666119454725,6
2509,3926,[3.7 3.8 3.9 4.  4.1 4.2 4.3 4.4 4.5],"[1810.596175 1811.75635  1812.898625 1814.0219   1815.1241   1816.20365
 1817.259475 1818.29105  1819.2979  ]",[161.42 161.49 161.57 161.64 161.7  161.76 161.82 161.88 161.93],0.5466696933986679,6
