Vehicle_ID,ID,time,xloc,yloc,line_integral_values,maneuver
2972,2484,"[0.  0.1 0.2 0.3 0.4 0.5 0.6 0.7 0.8 0.9 1.  1.1 1.2 1.3 1.4 1.5 1.6 1.7
 1.8 1.9 2.  2.1]","[1349.420325 1349.680775 1349.93575  1350.185275 1350.42985  1350.669475
 1350.90415  1351.133875 1351.358625 1351.5784   1351.793225 1352.0036
 1352.209525 1352.411    1352.608525 1352.802125 1352.9923   1353.17955
 1353.363375 1353.543775 1353.721775 1353.89735 ]","[158.58 158.57 158.56 158.56 158.55 158.54 158.54 158.53 158.53 158.52
 158.52 158.51 158.51 158.5  158.5  158.49 158.49 158.49 158.48 158.48
 158.48 158.47]",0.09254100178484195,6
2972,2841,"[0.5 0.6 0.7 0.8 0.9 1.  1.1 1.2 1.3 1.4 1.5 1.6 1.7 1.8 1.9 2.  2.1 2.2
 2.3 2.4 2.5 2.6 2.7 2.8 2.9 3.  3.1 3.2 3.3 3.4 3.5 3.6 3.7 3.8 3.9 4.
 4.1 4.2 4.3 4.4 4.5 4.6 4.7 4.8 4.9 5. ]","[1337.249225 1337.606275 1337.9572   1338.301475 1338.6386   1338.968575
 1339.291425 1339.607175 1339.915325 1340.215875 1340.50935  1340.795775
 1341.07515  1341.348    1341.614325 1341.874125 1342.12795  1342.3758
 1342.617675 1342.8541   1343.085575 1343.312125 1343.53375  1343.750925
 1343.963675 1344.172    1344.375875 1344.5753   1344.7708   1344.9629
 1345.1521   1345.3384   1345.5218   1345.7028   1345.8819   1346.059125
 1346.234975 1346.40995  1346.584075 1346.75785  1346.931775 1347.105825
 1347.28     1347.4543   1347.629225 1347.805275]","[158.77 158.76 158.75 158.74 158.74 158.73 158.73 158.72 158.71 158.71
 158.7  158.7  158.69 158.69 158.68 158.68 158.67 158.67 158.66 158.66
 158.65 158.65 158.65 158.64 158.64 158.64 158.64 158.64 158.64 158.64
 158.63 158.63 158.63 158.63 158.63 158.63 158.62 158.62 158.62 158.62
 158.62 158.61 158.61 158.61 158.61 158.61]",0.3024137746825892,6
