Vehicle_ID,ID,time,xloc,yloc,line_integral_values,maneuver
1961,1961,[0.9 1.  1.1 1.2 1.3 1.4 1.5 1.6 1.7],"[1800.507475 1801.68135  1802.8557   1804.030025 1805.204325 1806.3786
 1807.552825 1808.7265   1809.899625]",[162.35 162.36 162.38 162.39 162.41 162.42 162.44 162.45 162.46],0.1467110481999363,6
1961,1983,[2.6 2.7 2.8 2.9 3.  3.1 3.2 3.3],"[1800.89575  1802.0622   1803.227575 1804.391375 1805.5536   1806.71425
 1807.8728   1809.028775]",[161.75 161.77 161.78 161.8  161.82 161.84 161.85 161.87],0.15798488462351268,6
