Vehicle_ID,ID,time,xloc,yloc,line_integral_values,maneuver
1046,1046,[0.9 1.  1.1 1.2 1.3 1.4 1.5 1.6 1.7],"[1800.293175 1801.468025 1802.643375 1803.818725 1804.994025 1806.16925
 1807.3439   1808.51695  1809.6884  ]",[162.03 162.05 162.07 162.08 162.1  162.11 162.13 162.14 162.15],0.2856294811245635,6
1046,1961,[3.2 3.3 3.4 3.5 3.6 3.7 3.8 3.9 4. ],"[1800.507475 1801.68135  1802.8557   1804.030025 1805.204325 1806.3786
 1807.552825 1808.7265   1809.899625]",[162.35 162.36 162.38 162.39 162.41 162.42 162.44 162.45 162.46],0.1467110481999363,6
1046,1983,[4.9 5. ],[1800.89575 1802.0622 ],[161.75 161.77],0.0,6
