Vehicle_ID,ID,time,xloc,yloc,line_integral_values,maneuver
2449,1008,[0.  0.1 0.2 0.3 0.4 0.5 0.6 0.7 0.8 0.9 1.  1.1 1.2 1.3 1.4 1.5],"[1615.609525 1616.462725 1617.32735  1618.2029   1619.08885  1619.9852
 1620.89195  1621.8081   1622.73365  1623.6686   1624.612425 1625.5646
 1626.524125 1627.491    1628.4647   1629.4442  ]","[156.45 156.55 156.66 156.76 156.86 156.96 157.06 157.16 157.25 157.35
 157.44 157.53 157.62 157.7  157.79 157.87]",0.0,6
2449,2290,[0.  0.1 0.2 0.3],[1626.3319   1627.417125 1628.5128   1629.618925],[158.57 158.6  158.63 158.65],0.0,6
2449,2390,"[0.  0.1 0.2 0.3 0.4 0.5 0.6 0.7 0.8 0.9 1.  1.1 1.2 1.3 1.4 1.5 1.6 1.7
 1.8 1.9 2.  2.1 2.2 2.3 2.4 2.5 2.6 2.7 2.8 2.9 3.  3.1 3.2 3.3 3.4]","[1600.90095  1601.7081   1602.51825  1603.331375 1604.147475 1604.966575
 1605.789175 1606.6153   1607.44445  1608.277075 1609.113175 1609.951775
 1610.79285  1611.636875 1612.483375 1613.33185  1614.182775 1615.03615
 1615.8915   1616.748825 1617.6081   1618.46985  1619.3341   1620.200325
 1621.069025 1621.94025  1622.814    1623.690775 1624.5711   1625.454975
 1626.342425 1627.23395  1628.129525 1629.029675 1629.9344  ]","[157.97 157.98 158.   158.02 158.03 158.05 158.07 158.09 158.1  158.12
 158.14 158.15 158.17 158.18 158.2  158.22 158.23 158.25 158.27 158.28
 158.3  158.32 158.33 158.35 158.37 158.39 158.41 158.43 158.45 158.47
 158.49 158.52 158.54 158.56 158.59]",0.0,6
2449,2449,[4.1 4.2 4.3 4.4 4.5 4.6 4.7 4.8 4.9],"[1600.652375 1601.544825 1602.443775 1603.3492   1604.2611   1605.179475
 1606.104325 1607.036175 1607.974525]",[157.75 157.77 157.79 157.82 157.84 157.86 157.88 157.9  157.92],0.0,6
