Vehicle_ID,ID,time,xloc,yloc,line_integral_values,maneuver
533,533,"[2.7 2.8 2.9 3.  3.1 3.2 3.3 3.4 3.5 3.6 3.7 3.8 3.9 4.  4.1 4.2 4.3 4.4
 4.5 4.6 4.7 4.8 4.9 5. ]","[1815.34905  1815.92455  1816.485825 1817.031375 1817.560775 1818.074625
 1818.5751   1819.06545  1819.5489   1820.02915  1820.508825 1820.989425
 1821.4709   1821.952175 1822.4316   1822.907025 1823.37635  1823.837975
 1824.29085  1824.7345   1825.169475 1825.59685  1826.018225 1826.435725]","[162.78 162.76 162.75 162.74 162.72 162.7  162.69 162.67 162.65 162.63
 162.61 162.59 162.57 162.55 162.53 162.51 162.5  162.48 162.46 162.44
 162.43 162.41 162.39 162.38]",5.017883148929397,6
