Vehicle_ID,ID,time,xloc,yloc,line_integral_values,maneuver
732,537,"[0.8 0.9 1.  1.1 1.2 1.3 1.4 1.5 1.6 1.7 1.8 1.9 2.  2.1 2.2 2.3 2.4 2.5
 2.6 2.7 2.8 2.9 3.  3.1 3.2 3.3 3.4 3.5 3.6 3.7 3.8 3.9 4.  4.1]","[1840.081775 1841.2601   1842.43935  1843.619025 1844.79915  1845.979725
 1847.16075  1848.342225 1849.523675 1850.7056   1851.888    1853.070875
 1854.254225 1855.4381   1856.623    1857.8089   1858.996325 1860.185275
 1861.37525  1862.56625  1863.75825  1864.95125  1866.14525  1867.34025
 1868.536225 1869.732675 1870.9296   1872.126975 1873.324325 1874.52165
 1875.718925 1876.91615  1878.11335  1879.310025]","[162.84 162.85 162.85 162.86 162.86 162.86 162.86 162.86 162.85 162.85
 162.85 162.84 162.83 162.83 162.82 162.81 162.8  162.78 162.77 162.76
 162.74 162.72 162.71 162.69 162.66 162.64 162.62 162.59 162.57 162.54
 162.51 162.48 162.44 162.41]",1.2351705332617338,6
732,540,"[0.  0.1 0.2 0.3 0.4 0.5 0.6 0.7 0.8 0.9 1.  1.1 1.2 1.3 1.4 1.5 1.6 1.7
 1.8 1.9 2.  2.1]","[1853.515375 1854.731925 1855.950975 1857.172025 1858.3951   1859.6207
 1860.8488   1862.0789   1863.310975 1864.5445   1865.7795   1867.015975
 1868.252875 1869.490175 1870.7279   1871.96555  1873.2031   1874.44005
 1875.6759   1876.91065  1878.144825 1879.377925]","[162.6  162.59 162.58 162.57 162.56 162.55 162.53 162.52 162.5  162.49
 162.47 162.45 162.43 162.41 162.39 162.37 162.34 162.32 162.29 162.27
 162.24 162.21]",0.0,6
732,732,[3.6 3.7 3.8 3.9 4.  4.1 4.2 4.3 4.4 4.5 4.6 4.7 4.8 4.9 5. ],"[1840.877575 1842.037525 1843.196375 1844.3541   1845.5102   1846.6642
 1847.8166   1848.9674   1850.116125 1851.2633   1852.408925 1853.553
 1854.696025 1855.837525 1856.9775  ]","[162.71 162.71 162.71 162.7  162.7  162.69 162.68 162.67 162.66 162.65
 162.64 162.63 162.61 162.6  162.59]",0.13450718674827813,6
