Vehicle_ID,ID,time,xloc,yloc,line_integral_values,maneuver
488,438,[4.5 4.6 4.7 4.8 4.9 5. ],[1337.9952   1339.344425 1340.6926   1342.039225 1343.3843   1344.72785 ],[159.3  159.28 159.25 159.22 159.2  159.17],0.14008481585309024,6
488,488,[1.3 1.4 1.5 1.6 1.7 1.8 1.9 2.  2.1 2.2 2.3 2.4],"[1337.607975 1338.97695  1340.346375 1341.71575  1343.085075 1344.45435
 1345.823575 1347.192275 1348.56045  1349.928575 1351.29615  1352.663175]","[159.07 159.03 159.   158.97 158.94 158.91 158.88 158.85 158.81 158.78
 158.75 158.72]",0.20663243380391652,6
488,510,[0.  0.1 0.2 0.3 0.4 0.5 0.6],"[1344.82465  1346.1565   1347.49085  1348.827175 1350.16545  1351.505675
 1352.84785 ]",[158.66 158.64 158.62 158.6  158.58 158.56 158.54],9.753774379069136e-15,6
