Vehicle_ID,ID,time,xloc,yloc,line_integral_values,maneuver
533,522,"[3.  3.1 3.2 3.3 3.4 3.5 3.6 3.7 3.8 3.9 4.  4.1 4.2 4.3 4.4 4.5 4.6 4.7
 4.8 4.9 5. ]","[1805.238875 1805.709925 1806.169125 1806.618125 1807.06015  1807.499425
 1807.939625 1808.38335  1808.831625 1809.2849   1809.742575 1810.203025
 1810.665125 1811.12725  1811.5873   1812.044225 1812.498025 1812.948725
 1813.3969   1813.84465  1814.29405 ]","[162.6  162.6  162.6  162.6  162.6  162.6  162.6  162.6  162.6  162.59
 162.59 162.59 162.59 162.59 162.59 162.59 162.59 162.59 162.59 162.58
 162.58]",5.859176347162244,6
533,533,"[1.  1.1 1.2 1.3 1.4 1.5 1.6 1.7 1.8 1.9 2.  2.1 2.2 2.3 2.4 2.5 2.6 2.7
 2.8 2.9 3.  3.1 3.2 3.3 3.4 3.5 3.6 3.7 3.8 3.9 4.  4.1 4.2 4.3 4.4 4.5
 4.6 4.7 4.8 4.9 5. ]","[1805.009975 1805.602875 1806.203025 1806.809375 1807.420875 1808.035475
 1808.651625 1809.2683   1809.884525 1810.499825 1811.11375  1811.726825
 1812.3391   1812.9501   1813.5593   1814.1641   1814.761375 1815.34905
 1815.92455  1816.485825 1817.031375 1817.560775 1818.074625 1818.5751
 1819.06545  1819.5489   1820.02915  1820.508825 1820.989425 1821.4709
 1821.952175 1822.4316   1822.907025 1823.37635  1823.837975 1824.29085
 1824.7345   1825.169475 1825.59685  1826.018225 1826.435725]","[162.94 162.94 162.93 162.92 162.91 162.9  162.89 162.88 162.87 162.86
 162.85 162.84 162.83 162.82 162.81 162.8  162.79 162.78 162.76 162.75
 162.74 162.72 162.7  162.69 162.67 162.65 162.63 162.61 162.59 162.57
 162.55 162.53 162.51 162.5  162.48 162.46 162.44 162.43 162.41 162.39
 162.38]",1.3335907240012872,6
533,536,[0.  0.1 0.2 0.3 0.4 0.5 0.6],"[1812.402225 1812.67315  1812.947625 1813.226675 1813.510825 1813.80005
 1814.0918  ]",[162.87 162.87 162.88 162.88 162.88 162.88 162.88],1.5258891861445727e-14,6
