Vehicle_ID,ID,time,xloc,yloc,old_xloc,old_yloc,line_integral_values,maneuver
1836,1836,[4.7 4.8 4.9 5. ],[30.4431   31.1815   31.925    32.674075],[0.87184615 0.88184615 0.89184615 0.90184615],[1600.4431   1601.1815   1601.925    1602.674075],[157.84 157.85 157.86 157.87],0.0,6
1836,2090,[0.  0.1 0.2 0.3],[56.58025  57.5374   58.502075 59.474275],[1.51184615 1.53184615 1.55184615 1.58184615],[1626.58025  1627.5374   1628.502075 1629.474275],[158.48 158.5  158.52 158.55],0.0,6
1836,2170,"[0.8 0.9 1.  1.1 1.2 1.3 1.4 1.5 1.6 1.7 1.8 1.9 2.  2.1 2.2 2.3 2.4 2.5
 2.6 2.7 2.8 2.9 3.  3.1 3.2 3.3 3.4 3.5 3.6 3.7 3.8 3.9 4.  4.1]","[30.49775  31.218975 31.947275 32.682675 33.425175 34.175275 34.933475
 35.700275 36.4757   37.25975  38.0529   38.855175 39.667075 40.488575
 41.319675 42.160875 43.012175 43.873575 44.74505  45.6271   46.51975
 47.422975 48.33675  49.2611   50.196525 51.1425   52.099025 53.0666
 54.0447   55.0333   56.0324   57.0415   58.0606   59.0897  ]","[0.83184615 0.85184615 0.86184615 0.88184615 0.90184615 0.92184615
 0.93184615 0.95184615 0.97184615 0.99184615 1.01184615 1.04184615
 1.06184615 1.08184615 1.10184615 1.12184615 1.15184615 1.17184615
 1.19184615 1.22184615 1.24184615 1.26184615 1.29184615 1.31184615
 1.33184615 1.36184615 1.38184615 1.40184615 1.43184615 1.45184615
 1.48184615 1.50184615 1.53184615 1.55184615]","[1600.49775  1601.218975 1601.947275 1602.682675 1603.425175 1604.175275
 1604.933475 1605.700275 1606.4757   1607.25975  1608.0529   1608.855175
 1609.667075 1610.488575 1611.319675 1612.160875 1613.012175 1613.873575
 1614.74505  1615.6271   1616.51975  1617.422975 1618.33675  1619.2611
 1620.196525 1621.1425   1622.099025 1623.0666   1624.0447   1625.0333
 1626.0324   1627.0415   1628.0606   1629.0897  ]","[157.8  157.82 157.83 157.85 157.87 157.89 157.9  157.92 157.94 157.96
 157.98 158.01 158.03 158.05 158.07 158.09 158.12 158.14 158.16 158.19
 158.21 158.23 158.26 158.28 158.3  158.33 158.35 158.37 158.4  158.42
 158.45 158.47 158.5  158.52]",0.0,6
