Vehicle_ID,ID,time,xloc,yloc,line_integral_values,maneuver
558,533,[4.  4.1 4.2 4.3 4.4 4.5 4.6 4.7 4.8 4.9 5. ],"[1585.861925 1586.98755  1588.10655  1589.217925 1590.32165  1591.41775
 1592.505725 1593.585575 1594.657325 1595.720975 1596.776525]","[158.17 158.2  158.23 158.26 158.29 158.33 158.36 158.39 158.43 158.46
 158.49]",1.5224514216484577,6
558,536,"[2.6 2.7 2.8 2.9 3.  3.1 3.2 3.3 3.4 3.5 3.6 3.7 3.8 3.9 4.  4.1 4.2 4.3
 4.4 4.5 4.6 4.7 4.8 4.9 5. ]","[1585.236525 1586.257075 1587.268025 1588.268875 1589.260125 1590.241275
 1591.211825 1592.172275 1593.122125 1594.0609   1594.9886   1595.905725
 1596.8123   1597.70835  1598.594925 1599.47255  1600.34175  1601.203575
 1602.059075 1602.90875  1603.7531   1604.592675 1605.427975 1606.259475
 1607.0877  ]","[158.   158.03 158.07 158.1  158.13 158.17 158.2  158.24 158.27 158.31
 158.35 158.38 158.42 158.45 158.49 158.52 158.55 158.59 158.62 158.65
 158.68 158.72 158.75 158.78 158.81]",6.591887627225804,6
558,558,[1.8 1.9 2. ],[1585.35765 1586.13285 1586.90075],[158.3  158.32 158.34],0.9257850423599187,6
558,586,"[0.  0.1 0.2 0.3 0.4 0.5 0.6 0.7 0.8 0.9 1.  1.1 1.2 1.3 1.4 1.5 1.6 1.7
 1.8 1.9 2. ]","[1587.662275 1588.343125 1589.0236   1589.70375  1590.383575 1591.06355
 1591.744175 1592.42595  1593.108875 1593.79295  1594.47815  1595.16495
 1595.85335  1596.54285  1597.233425 1597.925025 1598.61715  1599.3093
 1600.00195  1600.695075 1601.387675]","[158.12 158.13 158.15 158.17 158.19 158.2  158.22 158.23 158.25 158.27
 158.28 158.3  158.31 158.33 158.34 158.36 158.37 158.39 158.4  158.42
 158.43]",0.002354682347858801,6
