Vehicle_ID,ID,time,xloc,yloc,line_integral_values,maneuver
2170,1836,[5.],[1817.123775],[162.61],0.0,6
2170,2170,"[2.  2.1 2.2 2.3 2.4 2.5 2.6 2.7 2.8 2.9 3.  3.1 3.2 3.3 3.4 3.5 3.6 3.7
 3.8 3.9]","[1817.386975 1818.250525 1819.11175  1819.970625 1820.82815  1821.684325
 1822.53915  1823.3931   1824.246175 1825.098375 1825.949675 1826.800575
 1827.651075 1828.50065  1829.349275 1830.197475 1831.04525  1831.892575
 1832.73945  1833.5859  ]","[162.54 162.55 162.56 162.57 162.58 162.58 162.59 162.6  162.6  162.61
 162.62 162.62 162.63 162.63 162.64 162.65 162.65 162.66 162.66 162.67]",1.959221227685221,6
2170,2735,[0.  0.1 0.2 0.3 0.4 0.5 0.6 0.7 0.8 0.9 1. ],"[1822.83585  1823.87645  1824.921225 1825.970675 1827.025325 1828.08515
 1829.150125 1830.22075  1831.297525 1832.37995  1833.468   ]","[161.41 161.36 161.3  161.24 161.18 161.12 161.05 160.99 160.92 160.85
 160.78]",3.766110028941507e-10,6
