Vehicle_ID,ID,time,xloc,yloc,old_xloc,old_yloc,line_integral_values,maneuver
2484,2484,[263.6 263.7 263.8 263.9 264.  264.1],[1600.72895  1601.6113   1602.506275 1603.414375 1604.335575 1605.26985 ],[157.51 157.54 157.56 157.59 157.62 157.64],[1600.72895  1601.6113   1602.506275 1603.414375 1604.335575 1605.26985 ],[157.51 157.54 157.56 157.59 157.62 157.64],0.0,6
2484,2636,[259.2 259.3 259.4 259.5 259.6 259.7 259.8 259.9 260.  260.1 260.2 260.3],"[1617.84525  1618.8933   1619.944875 1621.0005   1622.0607   1623.126
 1624.1964   1625.2724   1626.3545   1627.4422   1628.534975 1629.632775]","[158.5  158.52 158.54 158.56 158.58 158.6  158.62 158.64 158.66 158.68
 158.7  158.72]","[1617.84525  1618.8933   1619.944875 1621.0005   1622.0607   1623.126
 1624.1964   1625.2724   1626.3545   1627.4422   1628.534975 1629.632775]","[158.5  158.52 158.54 158.56 158.58 158.6  158.62 158.64 158.66 158.68
 158.7  158.72]",0.0,6
2484,2698,"[260.9 261.  261.1 261.2 261.3 261.4 261.5 261.6 261.7 261.8 261.9 262.
 262.1 262.2 262.3 262.4 262.5 262.6 262.7 262.8 262.9 263.  263.1 263.2
 263.3 263.4 263.5 263.6 263.7]","[1600.235625 1601.220675 1602.211225 1603.2073   1604.2084   1605.2145
 1606.2261   1607.2432   1608.2653   1609.2924   1610.3245   1611.361575
 1612.403625 1613.450675 1614.5027   1615.5592   1616.6202   1617.6862
 1618.7572   1619.8332   1620.9147   1622.0012   1623.092175 1624.1876
 1625.286975 1626.389775 1627.495475 1628.603575 1629.714075]","[158.06 158.08 158.1  158.13 158.15 158.18 158.2  158.23 158.26 158.28
 158.31 158.34 158.37 158.39 158.42 158.45 158.48 158.51 158.53 158.56
 158.59 158.62 158.65 158.67 158.7  158.73 158.76 158.78 158.81]","[1600.235625 1601.220675 1602.211225 1603.2073   1604.2084   1605.2145
 1606.2261   1607.2432   1608.2653   1609.2924   1610.3245   1611.361575
 1612.403625 1613.450675 1614.5027   1615.5592   1616.6202   1617.6862
 1618.7572   1619.8332   1620.9147   1622.0012   1623.092175 1624.1876
 1625.286975 1626.389775 1627.495475 1628.603575 1629.714075]","[158.06 158.08 158.1  158.13 158.15 158.18 158.2  158.23 158.26 158.28
 158.31 158.34 158.37 158.39 158.42 158.45 158.48 158.51 158.53 158.56
 158.59 158.62 158.65 158.67 158.7  158.73 158.76 158.78 158.81]",0.0,6
