Vehicle_ID,ID,time,xloc,yloc,line_integral_values,maneuver
2150,2150,[1.  1.1 1.2 1.3 1.4 1.5 1.6 1.7],"[1810.97685  1812.125225 1813.271075 1814.4144   1815.5547   1816.6925
 1817.8278   1818.9606  ]",[162.38 162.39 162.41 162.42 162.43 162.45 162.46 162.47],0.03509121157350098,6
2150,2449,[0.],[1819.850975],[162.83],0.0,6
2150,2509,[3.7 3.8 3.9 4.  4.1 4.2 4.3 4.4 4.5],"[1810.383    1811.503375 1812.6212   1813.73645  1814.849125 1815.95875
 1817.0658   1818.170275 1819.2717  ]",[162.63 162.64 162.65 162.66 162.67 162.67 162.68 162.69 162.69],0.035577666119454725,6
