Vehicle_ID,ID,time,xloc,yloc,line_integral_values,maneuver
2972,2972,[1.2 1.3 1.4 1.5 1.6 1.7 1.8 1.9 2.  2.1 2.2 2.3],"[1810.18265  1811.018575 1811.851625 1812.6818   1813.5091   1814.333475
 1815.154925 1815.97345  1816.7885   1817.60005  1818.4081   1819.21165 ]","[162.26 162.28 162.29 162.3  162.32 162.33 162.35 162.36 162.37 162.38
 162.39 162.41]",0.08774467867585967,6
2972,3050,[3.6 3.7 3.8 3.9 4.  4.1 4.2 4.3 4.4 4.5 4.6 4.7 4.8],"[1810.235725 1811.0323   1811.826425 1812.618075 1813.407225 1814.19335
 1814.975925 1815.75445  1816.528925 1817.29935  1818.065725 1818.82805
 1819.58685 ]","[162.65 162.66 162.68 162.69 162.71 162.72 162.73 162.75 162.76 162.78
 162.79 162.8  162.81]",0.022757939481126248,6
