Vehicle_ID,ID,time,xloc,yloc,line_integral_values,maneuver
2040,1062,"[0.3 0.4 0.5 0.6 0.7 0.8 0.9 1.  1.1 1.2 1.3 1.4 1.5 1.6 1.7 1.8 1.9 2.
 2.1 2.2 2.3 2.4 2.5 2.6 2.7 2.8 2.9 3.  3.1 3.2 3.3 3.4 3.5 3.6 3.7 3.8
 3.9 4.  4.1 4.2 4.3 4.4 4.5]","[1600.03465  1600.5617   1601.095875 1601.6377   1602.18715  1602.7442
 1603.309375 1603.883175 1604.465575 1605.0566   1605.65675  1606.266025
 1606.884925 1607.513925 1608.152525 1608.800725 1609.459525 1610.128925
 1610.808425 1611.498    1612.19765  1612.907875 1613.62865  1614.35945
 1615.100275 1615.851125 1616.611475 1617.3808   1618.159075 1618.9463
 1619.74195  1620.545    1621.35545  1622.172775 1622.996475 1623.82655
 1624.662475 1625.50375  1626.349875 1627.20085  1628.056175 1628.91535
 1629.778375]","[157.83 157.85 157.86 157.88 157.89 157.91 157.92 157.94 157.95 157.97
 157.99 158.   158.02 158.03 158.05 158.07 158.08 158.1  158.12 158.13
 158.15 158.17 158.18 158.2  158.22 158.23 158.25 158.27 158.28 158.3
 158.32 158.33 158.35 158.37 158.38 158.4  158.42 158.43 158.45 158.46
 158.48 158.49 158.51]",0.0,6
2040,1983,[0.  0.1 0.2 0.3 0.4 0.5 0.6 0.7 0.8 0.9 1.  1.1 1.2 1.3 1.4],"[1620.08075  1620.750025 1621.42625  1622.108925 1622.797525 1623.491525
 1624.190425 1624.8942   1625.60285  1626.315875 1627.032775 1627.75305
 1628.4767   1629.203725 1629.933625]","[158.15 158.16 158.18 158.19 158.2  158.21 158.22 158.24 158.25 158.26
 158.27 158.29 158.3  158.31 158.32]",0.0,6
2040,2017,[3.5 3.6 3.7 3.8 3.9 4.  4.1 4.2 4.3 4.4 4.5 4.6 4.7 4.8 4.9],"[1600.552775 1601.153525 1601.759275 1602.36955  1602.98435  1603.60415
 1604.22895  1604.858775 1605.493625 1606.1335   1606.7784   1607.428325
 1608.0838   1608.7448   1609.411325]","[157.88 157.89 157.91 157.92 157.93 157.95 157.96 157.97 157.99 158.
 158.02 158.03 158.04 158.06 158.07]",0.0,6
