Vehicle_ID,ID,time,xloc,yloc,line_integral_values,maneuver
3926,2247,[0.  0.1 0.2 0.3 0.4 0.5 0.6 0.7],"[1802.048875 1803.17105  1804.289075 1805.402975 1806.512775 1807.618475
 1808.720075 1809.817575]",[162.59 162.61 162.63 162.65 162.66 162.68 162.7  162.71],0.007875874748906365,6
3926,2592,[2.4 2.5 2.6 2.7 2.8 2.9 3.  3.1 3.2 3.3 3.4],"[1800.4336   1801.379175 1802.3178   1803.249475 1804.174725 1805.094075
 1806.008025 1806.917075 1807.82125  1808.7216   1809.618625]","[161.81 161.82 161.84 161.85 161.87 161.88 161.9  161.91 161.93 161.94
 161.95]",0.4116081752862807,6
3926,3926,[0.8 0.9 1.  1.1 1.2 1.3 1.4 1.5],"[1800.784175 1802.062675 1803.323825 1804.569675 1805.8017   1807.02085
 1808.22705  1809.4192  ]",[160.69 160.79 160.89 160.98 161.08 161.17 161.25 161.34],0.12373506071848239,6
