Vehicle_ID,ID,time,xloc,yloc,line_integral_values,maneuver
83,82,[0.  0.1 0.2],[1818.947875 1819.44195  1819.9289  ],[162.44 162.45 162.46],2.22212387329819e-71,6
83,83,[1.8 1.9 2.  2.1 2.2 2.3 2.4 2.5 2.6 2.7 2.8 2.9 3.  3.1 3.2 3.3 3.4],"[1810.393375 1811.061725 1811.725925 1812.382875 1813.03055  1813.66695
 1814.29055  1814.900375 1815.496025 1816.0781   1816.6472   1817.20445
 1817.75145  1818.2893   1818.818575 1819.3398   1819.8525  ]","[162.04 162.04 162.04 162.05 162.05 162.06 162.06 162.07 162.07 162.07
 162.08 162.08 162.08 162.09 162.09 162.09 162.1 ]",0.27036557451375776,6
