Vehicle_ID,ID,time,xloc,yloc,line_integral_values,maneuver
510,522,"[2.8 2.9 3.  3.1 3.2 3.3 3.4 3.5 3.6 3.7 3.8 3.9 4.  4.1 4.2 4.3 4.4 4.5
 4.6 4.7 4.8 4.9 5. ]","[1830.341775 1830.8911   1831.44775  1832.0117   1832.58235  1833.15755
 1833.734175 1834.30955  1834.881025 1835.44705  1836.007675 1836.5635
 1837.116175 1837.668375 1838.22325  1838.783975 1839.35425  1839.9377
 1840.536375 1841.150175 1841.776375 1842.410675 1843.048275]","[162.37 162.36 162.35 162.34 162.33 162.31 162.3  162.29 162.27 162.26
 162.25 162.23 162.22 162.21 162.19 162.18 162.17 162.15 162.14 162.13
 162.12 162.1  162.09]",6.3431242590783965,6
510,533,"[0.6 0.7 0.8 0.9 1.  1.1 1.2 1.3 1.4 1.5 1.6 1.7 1.8 1.9 2.  2.1 2.2 2.3
 2.4 2.5 2.6 2.7 2.8 2.9 3.  3.1 3.2 3.3 3.4 3.5 3.6 3.7 3.8 3.9 4.  4.1
 4.2 4.3 4.4 4.5 4.6 4.7 4.8 4.9 5. ]","[1830.272725 1830.7175   1831.165425 1831.615975 1832.0686   1832.5238
 1832.98315  1833.448225 1833.920075 1834.40025  1834.88925  1835.3865
 1835.890375 1836.398725 1836.909425 1837.419325 1837.9258   1838.42785
 1838.926575 1839.423625 1839.9217   1840.425    1840.93615  1841.456725
 1841.987725 1842.5291   1843.079725 1843.63745  1844.199125 1844.76155
 1845.322075 1845.878625 1846.430725 1846.978975 1847.525    1848.070975
 1848.61955  1849.173875 1849.73765  1850.314525 1850.906575 1851.513725
 1852.133225 1852.760275 1853.3906  ]","[162.22 162.2  162.18 162.16 162.14 162.13 162.11 162.1  162.09 162.07
 162.06 162.05 162.04 162.03 162.02 162.   161.99 161.98 161.97 161.95
 161.94 161.92 161.91 161.9  161.88 161.87 161.86 161.84 161.83 161.82
 161.8  161.79 161.78 161.77 161.76 161.74 161.73 161.72 161.71 161.7
 161.69 161.67 161.66 161.65 161.64]",30.125320683521416,6
