Vehicle_ID,ID,time,xloc,yloc,line_integral_values,maneuver
75,69,[0.  0.1 0.2 0.3 0.4 0.5 0.6 0.7 0.8 0.9 1. ],"[1340.220525 1341.535    1342.846925 1344.156325 1345.463225 1346.7676
 1348.06945  1349.3688   1350.665625 1351.959925 1353.251725]","[158.79 158.76 158.74 158.71 158.69 158.67 158.64 158.62 158.6  158.58
 158.55]",0.0003372125864074403,6
75,75,[1.4 1.5 1.6 1.7 1.8 1.9 2.  2.1 2.2 2.3 2.4 2.5 2.6],"[1338.2661   1339.5851   1340.898525 1342.206875 1343.50965  1344.806875
 1346.09905  1347.385675 1348.66675  1349.9423   1351.212325 1352.4768
 1353.73575 ]","[158.11 158.08 158.05 158.02 157.99 157.96 157.94 157.91 157.88 157.86
 157.84 157.81 157.79]",0.01888642427638869,6
