Vehicle_ID,ID,time,xloc,yloc,line_integral_values,maneuver
1983,1062,[4.4 4.5 4.6 4.7 4.8 4.9 5. ],"[1817.002825 1818.0302   1819.056125 1820.0806   1821.10465  1822.128275
 1823.151475]",[162.45 162.46 162.48 162.49 162.5  162.51 162.53],0.0003666901370671768,6
1983,1961,[0.  0.1 0.2 0.3 0.4 0.5 0.6 0.7 0.8 0.9 1.  1.1 1.2],"[1819.2564   1820.42165  1821.585875 1822.74905  1823.9112   1825.072325
 1826.232425 1827.3915   1828.54905  1829.705075 1830.85955  1832.0125
 1833.163925]","[162.58 162.59 162.6  162.61 162.63 162.64 162.65 162.66 162.67 162.68
 162.7  162.71 162.72]",0.007032348725271108,6
1983,1983,[1.5 1.6 1.7 1.8 1.9 2.  2.1 2.2 2.3 2.4 2.5 2.6 2.7 2.8 2.9 3. ],"[1817.044925 1818.179375 1819.3113   1820.4407   1821.5676   1822.692
 1823.813875 1824.933725 1826.051075 1827.165925 1828.278775 1829.389125
 1830.49695  1831.60225  1832.70455  1833.80435 ]","[162.   162.02 162.04 162.05 162.07 162.09 162.11 162.13 162.15 162.17
 162.19 162.21 162.22 162.24 162.26 162.28]",0.028138219342532328,6
