Vehicle_ID,ID,time,xloc,yloc,line_integral_values,maneuver
536,533,[4.3 4.4 4.5 4.6 4.7 4.8 4.9 5. ],"[1600.91395  1601.927175 1602.93235  1603.929475 1604.918075 1605.89815
 1606.869675 1607.83265  1608.7871   1609.732525 1610.6694   1611.59775
 1612.517075 1613.427875 1614.3307   1615.225575 1616.113    1616.994
 1617.869125 1618.7389   1619.603825 1620.464425 1621.321225 1622.174725
 1623.025925 1623.875325 1624.722925 1625.5687   1626.41265  1627.255275
 1628.09705  1628.93795  1629.777475]","[158.63 158.66 158.7  158.74 158.77 158.81 158.84 158.87 158.9  158.94
 158.97 159.   159.02 159.05 159.08 159.11 159.13 159.16 159.18 159.21
 159.24 159.26 159.29 159.31 159.34 159.36 159.38 159.41 159.43 159.45
 159.47 159.5  159.52]",0.06803516608049855,6
536,536,"[3.1 3.2 3.3 3.4 3.5 3.6 3.7 3.8 3.9 4.  4.1 4.2 4.3 4.4 4.5 4.6 4.7 4.8
 4.9 5. ]","[1600.34175  1601.203575 1602.059075 1602.90875  1603.7531   1604.592675
 1605.427975 1606.259475 1607.0877   1607.91315  1608.7358   1609.555625
 1610.373125 1611.1883   1612.001125 1612.812075 1613.62115  1614.42835
 1615.234175 1616.038625 1616.841675 1617.643825 1618.4456   1619.247
 1620.048    1620.849125 1621.650375 1622.45225  1623.255275 1624.059425
 1624.864675 1625.671525 1626.479975 1627.2895   1628.100075 1628.9117
 1629.72385 ]","[158.55 158.59 158.62 158.65 158.68 158.72 158.75 158.78 158.81 158.84
 158.87 158.9  158.92 158.95 158.98 159.01 159.03 159.06 159.08 159.11
 159.13 159.16 159.18 159.2  159.22 159.24 159.27 159.29 159.31 159.32
 159.34 159.36 159.38 159.4  159.42 159.43 159.45]",2.2181891419233127e-16,6
536,586,[0.7 0.8 0.9],[1600.00195  1600.695075 1601.387675],[158.4  158.42 158.43],0.0,6
