Vehicle_ID,ID,time,xloc,yloc,line_integral_values,maneuver
899,537,"[0.  0.1 0.2 0.3 0.4 0.5 0.6 0.7 0.8 0.9 1.  1.1 1.2 1.3 1.4 1.5 1.6 1.7
 1.8]","[1623.7501   1624.051125 1624.355175 1624.662725 1624.973775 1625.287825
 1625.604875 1625.924925 1626.247975 1626.574525 1626.9046   1627.2377
 1627.5743   1627.9144   1628.2575   1628.6036   1628.9532   1629.3063
 1629.6624  ]","[158.11 158.12 158.13 158.13 158.14 158.15 158.16 158.17 158.17 158.18
 158.19 158.2  158.21 158.22 158.23 158.24 158.25 158.26 158.27]",0.0,6
899,732,"[0.  0.1 0.2 0.3 0.4 0.5 0.6 0.7 0.8 0.9 1.  1.1 1.2 1.3 1.4 1.5 1.6 1.7
 1.8 1.9 2.  2.1 2.2 2.3 2.4 2.5 2.6 2.7 2.8 2.9 3.  3.1 3.2 3.3 3.4 3.5
 3.6 3.7 3.8 3.9 4.  4.1 4.2 4.3 4.4 4.5 4.6 4.7 4.8 4.9]","[1604.7336   1604.981475 1605.232875 1605.4878   1605.746275 1606.0083
 1606.27385  1606.543425 1606.81655  1607.0932   1607.373875 1607.658075
 1607.945775 1608.236975 1608.53115  1608.827775 1609.12635  1609.42685
 1609.72875  1610.03205  1610.33675  1610.64185  1610.94735  1611.25325
 1611.55905  1611.865275 1612.17195  1612.478575 1612.78565  1613.093675
 1613.402675 1613.712675 1614.023675 1614.3357   1614.64875  1614.9633
 1615.279375 1615.596975 1615.9166   1616.237775 1616.560475 1616.8852
 1617.211975 1617.541275 1617.8731   1618.20695  1618.542825 1618.88075
 1619.2212   1619.564175]","[157.34 157.34 157.34 157.34 157.34 157.34 157.34 157.35 157.35 157.35
 157.35 157.35 157.36 157.36 157.36 157.36 157.37 157.37 157.38 157.38
 157.38 157.39 157.39 157.4  157.4  157.41 157.41 157.42 157.42 157.43
 157.43 157.44 157.45 157.45 157.46 157.47 157.48 157.48 157.49 157.5
 157.5  157.51 157.52 157.52 157.53 157.54 157.55 157.55 157.56 157.57]",0.0,6
899,788,[4.6 4.7 4.8 4.9],[1600.194525 1600.4386   1600.686725 1600.9394  ],[157.42 157.43 157.44 157.44],0.0,6
