Vehicle_ID,ID,time,xloc,yloc,line_integral_values,maneuver
2017,2017,[1.  1.1 1.2 1.3 1.4 1.5 1.6 1.7 1.8 1.9],"[1800.179125 1801.270175 1802.35875  1803.445375 1804.530025 1805.6122
 1806.6914   1807.768075 1808.842225 1809.91285 ]",[162.01 162.03 162.05 162.07 162.08 162.1  162.12 162.13 162.15 162.17],0.3577836222675721,6
2017,2040,[2.5 2.6 2.7 2.8 2.9 3.  3.1 3.2 3.3 3.4],"[1800.236    1801.292975 1802.3471   1803.39885  1804.4482   1805.49465
 1806.538175 1807.57825  1808.61485  1809.64795 ]",[162.53 162.55 162.57 162.59 162.61 162.63 162.65 162.66 162.68 162.7 ],0.1192377133550989,6
2017,2104,[4.7 4.8 4.9 5. ],[1800.7297   1801.8276   1802.9215   1804.010875],[162.13 162.15 162.16 162.18],0.0,6
