Vehicle_ID,ID,time,xloc,yloc,line_integral_values,maneuver
2290,1836,"[1.9 2.  2.1 2.2 2.3 2.4 2.5 2.6 2.7 2.8 2.9 3.  3.1 3.2 3.3 3.4 3.5 3.6
 3.7 3.8 3.9 4.  4.1 4.2 4.3 4.4 4.5 4.6 4.7 4.8 4.9 5. ]","[1600.4431   1601.1815   1601.925    1602.674075 1603.428725 1604.18895
 1604.95475  1605.726125 1606.50355  1607.287025 1608.07655  1608.871625
 1609.67225  1610.478925 1611.29165  1612.110925 1612.93675  1613.768625
 1614.60705  1615.452525 1616.30455  1617.163125 1618.028725 1618.90135
 1619.781025 1620.667725 1621.56095  1622.4607   1623.36745  1624.2807
 1625.20045  1626.1267   1627.05945  1627.9987   1628.943925 1629.8946  ]","[157.84 157.85 157.86 157.87 157.88 157.89 157.9  157.92 157.93 157.94
 157.95 157.97 157.98 158.   158.01 158.03 158.05 158.06 158.08 158.1
 158.12 158.14 158.16 158.18 158.2  158.22 158.24 158.26 158.28 158.3
 158.32 158.35 158.37 158.39 158.41 158.44]",1.85112800976256e-07,6
2290,2170,[0.  0.1 0.2 0.3 0.4 0.5 0.6 0.7 0.8 0.9 1.  1.1 1.2 1.3],"[1600.49775  1601.218975 1601.947275 1602.682675 1603.425175 1604.175275
 1604.933475 1605.700275 1606.4757   1607.25975  1608.0529   1608.855175
 1609.667075 1610.488575 1611.319675 1612.160875 1613.012175 1613.873575
 1614.74505  1615.6271   1616.51975  1617.422975 1618.33675  1619.2611
 1620.196525 1621.1425   1622.099025 1623.0666   1624.0447   1625.0333
 1626.0324   1627.0415   1628.0606   1629.0897  ]","[157.8  157.82 157.83 157.85 157.87 157.89 157.9  157.92 157.94 157.96
 157.98 158.01 158.03 158.05 158.07 158.09 158.12 158.14 158.16 158.19
 158.21 158.23 158.26 158.28 158.3  158.33 158.35 158.37 158.4  158.42
 158.45 158.47 158.5  158.52]",7.361852320408545e-08,6
2290,2290,[4.8 4.9 5. ],"[1600.70335  1601.467575 1602.24045  1603.022975 1603.815675 1604.61855
 1605.4321   1606.256825 1607.093225 1607.9413   1608.801025 1609.6729
 1610.556925 1611.453075 1612.361325 1613.281675 1614.2141   1615.1586
 1616.115175 1617.0838   1618.064475 1619.057175 1620.0619   1621.07815
 1622.1059   1623.14515  1624.1959   1625.25815  1626.3319   1627.417125
 1628.5128   1629.618925]","[157.93 157.95 157.97 157.99 158.01 158.03 158.05 158.07 158.09 158.11
 158.13 158.15 158.17 158.2  158.22 158.24 158.26 158.29 158.31 158.34
 158.36 158.39 158.41 158.44 158.46 158.49 158.52 158.54 158.57 158.6
 158.63 158.65]",9.33281977334745e-10,6
