Vehicle_ID,ID,time,xloc,yloc,line_integral_values,maneuver
57,57,[1.5 1.6 1.7 1.8 1.9 2.  2.1 2.2 2.3 2.4 2.5 2.6 2.7],"[1810.57115  1811.304725 1812.04035  1812.778025 1813.51775  1814.2595
 1815.003275 1815.7491   1816.49745  1817.248325 1818.00125  1818.7567
 1819.514675]","[162.49 162.51 162.52 162.53 162.54 162.55 162.56 162.57 162.58 162.59
 162.6  162.61 162.62]",0.03830993807434384,6
57,61,[4.5 4.6 4.7 4.8 4.9 5. ],[1810.716125 1811.5235   1812.33395  1813.146975 1813.962525 1814.7811  ],[162.   162.01 162.03 162.04 162.06 162.07],0.001806479647881851,6
