Vehicle_ID,ID,time,xloc,yloc,line_integral_values,maneuver
2484,2484,"[1.7 1.8 1.9 2.  2.1 2.2 2.3 2.4 2.5 2.6 2.7 2.8 2.9 3.  3.1 3.2 3.3 3.4
 3.5 3.6 3.7]","[1817.19455  1818.120625 1819.03615  1819.94115  1820.83615  1821.72115
 1822.596175 1823.461725 1824.318325 1825.166    1826.00525  1826.836575
 1827.659975 1828.475475 1829.283575 1830.08475  1830.879    1831.66635
 1832.447325 1833.222425 1833.99165 ]","[162.53 162.55 162.56 162.58 162.59 162.61 162.62 162.63 162.65 162.66
 162.67 162.68 162.69 162.7  162.71 162.72 162.73 162.74 162.74 162.75
 162.76]",2.388861386142509,6
2484,2698,[0.  0.1 0.2 0.3 0.4 0.5 0.6 0.7 0.8 0.9],"[1825.6308   1826.530275 1827.422675 1828.308    1829.18575  1830.055425
 1830.91755  1831.772125 1832.61915  1833.45915 ]",[162.84 162.85 162.86 162.86 162.87 162.88 162.88 162.89 162.89 162.9 ],0.0,6
2484,2841,[3.8 3.9 4.  4.1 4.2 4.3 4.4 4.5 4.6 4.7 4.8 4.9 5. ],"[1817.8459   1818.705075 1819.557825 1820.40365  1821.243    1822.075875
 1822.9023   1823.722275 1824.5358   1825.34285  1826.143425 1826.93805
 1827.726725]","[162.23 162.23 162.24 162.24 162.25 162.25 162.26 162.26 162.26 162.26
 162.26 162.26 162.26]",15.48454024523862,6
