Vehicle_ID,ID,time,xloc,yloc,line_integral_values,maneuver
392,392,[1.5 1.6 1.7 1.8 1.9 2.  2.1 2.2 2.3 2.4 2.5 2.6 2.7 2.8],"[1477.55265  1478.775575 1479.996525 1481.216    1482.434    1483.650525
 1484.8661   1486.080225 1487.2929   1488.505125 1489.7169   1490.927725
 1492.1381   1493.348525]","[156.72 156.72 156.71 156.71 156.7  156.7  156.7  156.69 156.69 156.69
 156.69 156.69 156.69 156.69]",0.19413336598017844,6
392,586,[3.9 4.  4.1 4.2 4.3 4.4 4.5 4.6 4.7 4.8 4.9 5. ],"[1477.650725 1478.832375 1480.0136   1481.1944   1482.374775 1483.5552
 1484.735675 1485.916225 1487.09685  1488.277525 1489.45825  1490.639525]","[156.66 156.66 156.65 156.65 156.65 156.64 156.64 156.64 156.64 156.64
 156.64 156.64]",0.14970210289652644,6
392,618,[0.5 0.6 0.7 0.8 0.9 1.  1.1 1.2 1.3 1.4 1.5 1.6 1.7 1.8],"[1477.00735  1478.28105  1479.553775 1480.825525 1482.0963   1483.366125
 1484.6355   1485.9044   1487.172825 1488.4408   1489.708325 1490.975375
 1492.24195  1493.508575]","[156.9  156.89 156.88 156.87 156.87 156.86 156.85 156.84 156.83 156.82
 156.81 156.8  156.79 156.79]",0.7043901553669938,6
