Vehicle_ID,ID,time,xloc,yloc,line_integral_values,maneuver
94,85,[3.9 4.  4.1 4.2 4.3 4.4 4.5 4.6 4.7 4.8 4.9 5. ],"[1337.5358   1338.96275  1340.3891   1341.81485  1343.239    1344.66155
 1346.083025 1347.502925 1348.920725 1350.336425 1351.750025 1353.161525]","[158.76 158.73 158.71 158.68 158.65 158.62 158.59 158.56 158.53 158.5
 158.48 158.45]",0.14928164079034853,6
94,94,[1.4 1.5 1.6 1.7 1.8 1.9 2.  2.1 2.2 2.3 2.4 2.5],"[1338.119275 1339.5077   1340.896075 1342.283875 1343.6711   1345.057775
 1346.443375 1347.8284   1349.212875 1350.595775 1351.9771   1353.357375]","[158.81 158.78 158.75 158.73 158.7  158.67 158.64 158.62 158.59 158.56
 158.53 158.51]",0.06653382278326823,6
94,438,[0.  0.1 0.2],[1350.0873  1351.42425 1352.7602 ],[159.07 159.05 159.02],0.0,6
