Vehicle_ID,ID,time,xloc,yloc,line_integral_values,maneuver
2509,2150,[0.  0.1 0.2 0.3],[1830.146625 1831.246625 1832.3415   1833.43125 ],[162.52 162.52 162.52 162.52],0.0,6
2509,2247,[3.5 3.6 3.7 3.8 3.9 4.  4.1 4.2 4.3 4.4 4.5 4.6 4.7 4.8 4.9 5. ],"[1817.386825 1818.45255  1819.51475  1820.572925 1821.627075 1822.6767
 1823.721775 1824.7623   1825.797775 1826.828175 1827.852975 1828.871675
 1829.883775 1830.889275 1831.888175 1832.879975]","[162.81 162.82 162.83 162.83 162.84 162.85 162.85 162.86 162.86 162.87
 162.87 162.88 162.88 162.88 162.89 162.89]",0.474840525179986,6
2509,2509,[1.6 1.7 1.8 1.9 2.  2.1 2.2 2.3 2.4 2.5 2.6 2.7 2.8 2.9 3.  3.1],"[1817.0658   1818.170275 1819.2717   1820.370075 1821.4649   1822.556175
 1823.6444   1824.7296   1825.811775 1826.8904   1827.96495  1829.035425
 1830.10185  1831.1637   1832.22045  1833.2721  ]","[162.68 162.69 162.69 162.7  162.71 162.71 162.72 162.72 162.73 162.73
 162.74 162.74 162.75 162.75 162.75 162.75]",1.4059719244950075,6
2509,3926,[4.3 4.4 4.5 4.6 4.7 4.8 4.9 5. ],"[1817.259475 1818.29105  1819.2979   1820.281125 1821.2439   1822.18995
 1823.1235   1824.04925 ]",[161.82 161.88 161.93 161.98 162.02 162.07 162.11 162.15],1.053142106361911,6
