Vehicle_ID,ID,time,xloc,yloc,line_integral_values,maneuver
2247,2247,[1.4 1.5 1.6 1.7 1.8 1.9 2.  2.1 2.2 2.3 2.4 2.5 2.6 2.7 2.8],"[1815.244325 1816.317575 1817.386825 1818.45255  1819.51475  1820.572925
 1821.627075 1822.6767   1823.721775 1824.7623   1825.797775 1826.828175
 1827.852975 1828.871675 1829.883775]","[162.78 162.8  162.81 162.82 162.83 162.83 162.84 162.85 162.85 162.86
 162.86 162.87 162.87 162.88 162.88]",0.00282496930251173,6
2247,2509,[0.  0.1 0.2 0.3 0.4 0.5 0.6 0.7 0.8],"[1820.370075 1821.4649   1822.556175 1823.6444   1824.7296   1825.811775
 1826.8904   1827.96495  1829.035425]",[162.7  162.71 162.71 162.72 162.72 162.73 162.73 162.74 162.74],1.598558626768775e-10,6
2247,2592,[4.3 4.4 4.5 4.6 4.7 4.8 4.9 5. ],"[1815.845225 1816.7318   1817.618025 1818.503875 1819.389325 1820.274375
 1821.159    1822.042675]",[162.05 162.06 162.08 162.09 162.1  162.11 162.12 162.14],1.2501265443687667e-08,6
2247,3926,[2.2 2.3 2.4 2.5 2.6 2.7 2.8 2.9 3.  3.1 3.2 3.3 3.4 3.5 3.6 3.7],"[1815.1241   1816.20365  1817.259475 1818.29105  1819.2979   1820.281125
 1821.2439   1822.18995  1823.1235   1824.04925  1824.9719   1825.8956
 1826.823925 1827.758875 1828.7019   1829.653925]","[161.7  161.76 161.82 161.88 161.93 161.98 162.02 162.07 162.11 162.15
 162.18 162.22 162.26 162.29 162.32 162.35]",0.0786294799905214,6
