Vehicle_ID,ID,time,xloc,yloc,line_integral_values,maneuver
83,82,[0.1 0.2 0.3],[1980.02465 1980.39905 1980.76885],[155.5  155.48 155.45],0.00019533250067857766,6
83,83,[2.6 2.7 2.8 2.9 3.  3.1 3.2 3.3],"[1980.446475 1980.920375 1981.383475 1981.835775 1982.277275 1982.707975
 1983.127875 1983.542125]",[155.71 155.67 155.65 155.62 155.59 155.57 155.54 155.52],0.00035729552814908153,6
