Vehicle_ID,ID,time,xloc,yloc,line_integral_values,maneuver
1062,1046,"[0.  0.1 0.2 0.3 0.4 0.5 0.6 0.7 0.8 0.9 1.  1.1 1.2 1.3 1.4 1.5 1.6 1.7
 1.8 1.9 2.  2.1 2.2 2.3 2.4 2.5 2.6 2.7 2.8 2.9 3. ]","[1613.565325 1614.044375 1614.526925 1615.013    1615.5021   1615.9942
 1616.4898   1616.9889   1617.491    1617.9966   1618.5057   1619.017825
 1619.533475 1620.052625 1620.575275 1621.10145  1621.63115  1622.16485
 1622.702075 1623.242825 1623.787075 1624.334825 1624.886575 1625.441825
 1626.0006   1626.5634   1627.1302   1627.701025 1628.2759   1628.8553
 1629.439225]","[158.23 158.24 158.25 158.25 158.26 158.27 158.28 158.28 158.29 158.3
 158.3  158.31 158.32 158.33 158.33 158.34 158.35 158.36 158.37 158.38
 158.39 158.4  158.4  158.41 158.42 158.43 158.44 158.45 158.46 158.47
 158.48]",0.0,6
1062,1961,"[0.  0.1 0.2 0.3 0.4 0.5 0.6 0.7 0.8 0.9 1.  1.1 1.2 1.3 1.4 1.5 1.6 1.7
 1.8 1.9 2.  2.1 2.2 2.3 2.4 2.5 2.6 2.7 2.8 2.9 3.  3.1 3.2 3.3 3.4 3.5
 3.6 3.7 3.8 3.9 4.  4.1 4.2 4.3 4.4 4.5 4.6 4.7 4.8 4.9]","[1600.3418   1600.738475 1601.135175 1601.5319   1601.9287   1602.326075
 1602.7245   1603.123975 1603.524525 1603.92615  1604.32935  1604.734125
 1605.14045  1605.54885  1605.959325 1606.371875 1606.787    1607.2047
 1607.625    1608.048375 1608.474825 1608.904875 1609.339025 1609.777275
 1610.21965  1610.66665  1611.11875  1611.576475 1612.03985  1612.50885
 1612.984475 1613.46675  1613.95565  1614.45165  1614.95425  1615.46345
 1615.97975  1616.503125 1617.033575 1617.570575 1618.1141   1618.664675
 1619.2218   1619.78545  1620.356125 1620.933825 1621.51855  1622.1098
 1622.707575 1623.312375]","[157.93 157.94 157.95 157.97 157.98 157.99 158.   158.02 158.03 158.04
 158.05 158.06 158.07 158.08 158.09 158.11 158.12 158.13 158.14 158.15
 158.16 158.17 158.18 158.19 158.21 158.22 158.23 158.24 158.26 158.27
 158.28 158.3  158.31 158.32 158.34 158.35 158.36 158.37 158.38 158.39
 158.41 158.42 158.43 158.44 158.45 158.47 158.48 158.49 158.51 158.52]",0.0,6
1062,1983,[3.2 3.3 3.4 3.5 3.6 3.7 3.8 3.9 4.  4.1 4.2 4.3 4.4 4.5 4.6 4.7 4.8 4.9],"[1600.0178   1600.457625 1600.898    1601.339425 1601.781925 1602.226025
 1602.67225  1603.121125 1603.57365  1604.029825 1604.49015  1604.95515
 1605.424825 1605.899675 1606.3802   1606.866375 1607.3582   1607.856175]","[157.65 157.66 157.67 157.69 157.7  157.71 157.73 157.74 157.75 157.76
 157.78 157.79 157.8  157.81 157.82 157.84 157.85 157.86]",0.0,6
