Vehicle_ID,ID,time,xloc,yloc,line_integral_values,maneuver
1961,1046,[0.  0.1 0.2 0.3 0.4 0.5 0.6 0.7],"[1825.9015   1827.0494   1828.1963   1829.3422   1830.4871   1831.6305
 1832.771875 1833.9112  ]",[162.28 162.28 162.29 162.3  162.3  162.31 162.31 162.31],0.0,6
1961,1961,[1.6 1.7 1.8 1.9 2.  2.1 2.2 2.3 2.4 2.5 2.6 2.7 2.8 2.9],"[1818.090125 1819.2564   1820.42165  1821.585875 1822.74905  1823.9112
 1825.072325 1826.232425 1827.3915   1828.54905  1829.705075 1830.85955
 1832.0125   1833.163925]","[162.56 162.58 162.59 162.6  162.61 162.63 162.64 162.65 162.66 162.67
 162.68 162.7  162.71 162.72]",0.08349327359289538,6
1961,1983,[3.2 3.3 3.4 3.5 3.6 3.7 3.8 3.9 4.  4.1 4.2 4.3 4.4 4.5 4.6 4.7],"[1817.044925 1818.179375 1819.3113   1820.4407   1821.5676   1822.692
 1823.813875 1824.933725 1826.051075 1827.165925 1828.278775 1829.389125
 1830.49695  1831.60225  1832.70455  1833.80435 ]","[162.   162.02 162.04 162.05 162.07 162.09 162.11 162.13 162.15 162.17
 162.19 162.21 162.22 162.24 162.26 162.28]",2.132210449542787,6
