Vehicle_ID,ID,time,xloc,yloc,line_integral_values,maneuver
1062,1062,[1.6 1.7 1.8 1.9 2.  2.1 2.2 2.3 2.4 2.5 2.6 2.7 2.8 2.9],"[1815.974    1817.002825 1818.0302   1819.056125 1820.0806   1821.10465
 1822.128275 1823.151475 1824.174775 1825.19765  1826.220075 1827.24255
 1828.264575 1829.285625]","[162.43 162.45 162.46 162.48 162.49 162.5  162.51 162.53 162.54 162.55
 162.56 162.57 162.58 162.59]",0.009821077981365629,6
1062,2017,[3.5 3.6 3.7 3.8 3.9 4.  4.1 4.2 4.3 4.4 4.5 4.6 4.7 4.8 4.9],"[1815.213975 1816.2634   1817.308775 1818.350625 1819.38895  1820.42325
 1821.454025 1822.481275 1823.504525 1824.52375  1825.53895  1826.550125
 1827.557275 1828.560425 1829.55955 ]","[162.25 162.26 162.27 162.29 162.3  162.31 162.33 162.34 162.35 162.36
 162.37 162.38 162.39 162.39 162.4 ]",0.03795091492085124,6
