Vehicle_ID,ID,time,xloc,yloc,line_integral_values,maneuver
1961,942,[0.  0.1 0.2 0.3 0.4 0.5 0.6],"[1600.17185  1600.6316   1601.09485  1601.5616   1602.032375 1602.506675
 1602.98445  1603.4657   1603.95045  1604.4387   1604.929925 1605.4236
 1605.919725 1606.4183   1606.918825 1607.421275 1607.92565  1608.431975
 1608.939725 1609.4484   1609.958525 1610.4701   1610.9826   1611.496025
 1612.0104   1612.525725 1613.042025 1613.5593   1614.07755  1614.597275
 1615.118475 1615.640675 1616.163875 1616.688575 1617.21475  1617.7419
 1618.269525 1618.7976   1619.326125 1619.854575 1620.38245  1620.90975
 1621.436475 1621.962125 1622.4867   1623.0102   1623.532625 1624.053975
 1624.57375  1625.091975]","[157.59 157.6  157.62 157.63 157.64 157.66 157.67 157.68 157.7  157.71
 157.73 157.74 157.76 157.77 157.78 157.8  157.81 157.83 157.84 157.85
 157.87 157.88 157.9  157.91 157.93 157.94 157.96 157.97 157.99 158.01
 158.02 158.04 158.06 158.07 158.09 158.1  158.12 158.13 158.15 158.16
 158.18 158.19 158.21 158.22 158.23 158.25 158.26 158.28 158.29 158.31]",0.19237638032133667,6
1961,972,"[1.5 1.6 1.7 1.8 1.9 2.  2.1 2.2 2.3 2.4 2.5 2.6 2.7 2.8 2.9 3.  3.1 3.2
 3.3 3.4 3.5 3.6 3.7 3.8 3.9 4.  4.1 4.2 4.3 4.4 4.5 4.6 4.7 4.8 4.9 5. ]","[1600.256475 1600.6926   1601.131175 1601.572225 1602.015725 1602.46115
 1602.908525 1603.35785  1603.809125 1604.26185  1604.716025 1605.171625
 1605.62815  1606.086125 1606.545575 1607.006    1607.467375 1607.9297
 1608.393    1608.857275 1609.3225   1609.7887   1610.255875 1610.724025
 1611.19315  1611.663225 1612.133775 1612.6048   1613.0763   1613.548275
 1614.021225 1614.494675 1614.9686   1615.4435   1615.9194   1616.3963
 1616.8737   1617.3516   1617.8305   1618.3104   1618.7913   1619.2732
 1619.756125 1620.240075 1620.725025 1621.210975 1621.697925 1622.1859
 1622.6749   1623.165425]","[158.06 158.07 158.08 158.1  158.11 158.12 158.13 158.15 158.16 158.17
 158.18 158.19 158.2  158.21 158.22 158.23 158.24 158.25 158.26 158.26
 158.27 158.28 158.29 158.3  158.31 158.32 158.33 158.34 158.35 158.36
 158.37 158.37 158.38 158.39 158.4  158.41 158.42 158.43 158.44 158.44
 158.45 158.46 158.47 158.47 158.48 158.49 158.5  158.51 158.51 158.52]",1.6703719061983453,6
