Vehicle_ID,ID,time,xloc,yloc,line_integral_values,maneuver
2636,2636,[1.  1.1 1.2 1.3 1.4 1.5 1.6 1.7],"[1801.034925 1802.1671   1803.29625  1804.422375 1805.54545  1806.664975
 1807.780475 1808.89245 ]",[162.2  162.2  162.21 162.22 162.22 162.23 162.23 162.24],0.10437513995519386,6
2636,2698,[4.5 4.6 4.7 4.8 4.9 5. ],[1800.146225 1801.19465  1802.2375   1803.274775 1804.3065   1805.332675],[162.42 162.44 162.46 162.48 162.5  162.52],9.227925753287743e-08,6
