Vehicle_ID,ID,time,xloc,yloc,line_integral_values,maneuver
2040,1983,[0.  0.1 0.2 0.3 0.4 0.5 0.6],"[1349.736475 1350.400675 1351.07065  1351.74635  1352.42775  1353.114825
 1353.80755 ]",[158.85 158.83 158.82 158.8  158.78 158.76 158.74],0.0,6
2040,2017,"[0.9 1.  1.1 1.2 1.3 1.4 1.5 1.6 1.7 1.8 1.9 2.  2.1 2.2 2.3 2.4 2.5 2.6
 2.7 2.8 2.9 3.  3.1 3.2 3.3 3.4 3.5]","[1337.35285  1338.02855  1338.705225 1339.381825 1340.057275 1340.730025
 1341.39905  1342.0633   1342.72225  1343.3749   1344.02075  1344.659825
 1345.292175 1345.918875 1346.541    1347.159125 1347.7743   1348.38755
 1348.998925 1349.608925 1350.2175   1350.8236   1351.426675 1352.0262
 1352.6206   1353.207775 1353.786675]","[159.6  159.59 159.58 159.57 159.56 159.54 159.53 159.52 159.51 159.5
 159.48 159.47 159.46 159.44 159.43 159.42 159.4  159.39 159.37 159.36
 159.34 159.33 159.31 159.3  159.29 159.27 159.26]",1.4008658030606629,6
2040,2040,"[2.7 2.8 2.9 3.  3.1 3.2 3.3 3.4 3.5 3.6 3.7 3.8 3.9 4.  4.1 4.2 4.3 4.4
 4.5 4.6 4.7 4.8 4.9 5. ]","[1337.2154   1337.83755  1338.459275 1339.0795   1339.697675 1340.312775
 1340.923225 1341.527425 1342.123275 1342.708725 1343.283275 1343.847475
 1344.400875 1344.942975 1345.473275 1345.990775 1346.4955   1346.987475
 1347.46675  1347.934925 1348.394125 1348.847    1349.296225 1349.74495 ]","[159.58 159.56 159.55 159.53 159.52 159.5  159.49 159.48 159.46 159.45
 159.44 159.43 159.41 159.4  159.39 159.38 159.37 159.36 159.35 159.34
 159.33 159.32 159.3  159.29]",1.4881926357882398,6
