Vehicle_ID,ID,time,xloc,yloc,line_integral_values,maneuver
2972,2972,"[1.8 1.9 2.  2.1 2.2 2.3 2.4 2.5 2.6 2.7 2.8 2.9 3.  3.1 3.2 3.3 3.4 3.5
 3.6]","[1815.154925 1815.97345  1816.7885   1817.60005  1818.4081   1819.21165
 1820.010675 1820.805675 1821.59615  1822.3821   1823.16405  1823.942525
 1824.71755  1825.489125 1826.25775  1827.02395  1827.788225 1828.550575
 1829.311   ]","[162.35 162.36 162.37 162.38 162.39 162.41 162.42 162.43 162.44 162.45
 162.46 162.48 162.49 162.5  162.51 162.52 162.54 162.55 162.56]",0.06789117680906165,6
2972,3050,[4.3 4.4 4.5 4.6 4.7 4.8 4.9 5. ],"[1815.75445  1816.528925 1817.29935  1818.065725 1818.82805  1819.58685
 1820.342125 1821.093875]",[162.75 162.76 162.78 162.79 162.8  162.81 162.82 162.84],0.0005243406952484138,6
