Vehicle_ID,ID,time,xloc,yloc,line_integral_values,maneuver
2484,2484,[4.  4.1 4.2 4.3 4.4 4.5 4.6 4.7 4.8 4.9 5. ],"[1337.347075 1337.79725  1338.244275 1338.68815  1339.128375 1339.56445
 1339.9964   1340.423725 1340.8464   1341.264425 1341.676825]","[158.97 158.96 158.95 158.93 158.92 158.91 158.9  158.88 158.87 158.86
 158.85]",0.908059191892165,6
2484,2636,[0.  0.1 0.2 0.3 0.4 0.5 0.6 0.7],"[1350.598225 1351.047075 1351.492825 1351.935475 1352.375025 1352.810975
 1353.242825 1353.670575]",[158.36 158.35 158.35 158.34 158.33 158.32 158.31 158.31],0.0,6
2484,2698,"[0.9 1.  1.1 1.2 1.3 1.4 1.5 1.6 1.7 1.8 1.9 2.  2.1 2.2 2.3 2.4 2.5 2.6
 2.7 2.8 2.9 3.  3.1 3.2 3.3 3.4 3.5 3.6 3.7 3.8 3.9 4.  4.1 4.2 4.3 4.4
 4.5 4.6 4.7 4.8]","[1337.09     1337.5519   1338.0143   1338.4772   1338.940575 1339.4039
 1339.8672   1340.330475 1340.7937   1341.256375 1341.718475 1342.18
 1342.640475 1343.0999   1343.55775  1344.0135   1344.46715  1344.9182
 1345.36665  1345.812475 1346.254675 1346.693275 1347.128275 1347.559175
 1347.986475 1348.409675 1348.828275 1349.242775 1349.652675 1350.057475
 1350.457175 1350.851775 1351.241275 1351.6252   1352.00355  1352.3763
 1352.742975 1353.103575 1353.4581   1353.807075]","[158.96 158.95 158.94 158.93 158.92 158.92 158.91 158.9  158.89 158.89
 158.88 158.87 158.86 158.86 158.85 158.84 158.84 158.83 158.83 158.82
 158.82 158.81 158.81 158.8  158.8  158.8  158.79 158.79 158.78 158.78
 158.78 158.77 158.77 158.77 158.77 158.76 158.76 158.76 158.76 158.76]",2.7203538376441645,6
