Vehicle_ID,ID,time,xloc,yloc,line_integral_values,maneuver
856,788,"[0.7 0.8 0.9 1.  1.1 1.2 1.3 1.4 1.5 1.6 1.7 1.8 1.9 2.  2.1 2.2 2.3 2.4
 2.5 2.6 2.7 2.8 2.9 3. ]","[1337.54365  1338.319275 1339.086975 1339.84725  1340.6001   1341.346025
 1342.085525 1342.818625 1343.545825 1344.267125 1344.982525 1345.69255
 1346.3977   1347.09795  1347.7933   1348.48375  1349.169775 1349.851375
 1350.52805  1351.2003   1351.868125 1352.5315   1353.190925 1353.8459  ]","[158.92 158.91 158.89 158.87 158.85 158.83 158.82 158.8  158.78 158.76
 158.75 158.73 158.72 158.7  158.69 158.67 158.66 158.65 158.63 158.62
 158.61 158.6  158.59 158.57]",0.38061539736491523,6
856,856,"[2.2 2.3 2.4 2.5 2.6 2.7 2.8 2.9 3.  3.1 3.2 3.3 3.4 3.5 3.6 3.7 3.8 3.9
 4.  4.1 4.2 4.3 4.4 4.5 4.6]","[1337.69805  1338.43535  1339.16675  1339.892225 1340.61175  1341.32535
 1342.033525 1342.73625  1343.433025 1344.12435  1344.810225 1345.49065
 1346.165625 1346.83515  1347.4997   1348.158775 1348.8129   1349.462575
 1350.1073   1350.7471   1351.382475 1352.0139   1352.641375 1353.264925
 1353.88455 ]","[159.28 159.26 159.25 159.23 159.21 159.2  159.18 159.17 159.15 159.14
 159.12 159.11 159.09 159.08 159.06 159.05 159.03 159.02 159.01 158.99
 158.98 158.97 158.95 158.94 158.93]",2.787444771370591,6
856,899,[4.  4.1 4.2 4.3 4.4 4.5 4.6 4.7 4.8 4.9 5. ],"[1337.3747   1338.1054   1338.8286   1339.5443   1340.2525   1340.9527
 1341.644875 1342.329025 1343.00515  1343.67325  1344.332825]","[159.21 159.2  159.19 159.18 159.17 159.16 159.15 159.14 159.13 159.12
 159.1 ]",0.7637512331364619,6
