Vehicle_ID,ID,time,xloc,yloc,line_integral_values,maneuver
1983,1961,"[0.2 0.3 0.4 0.5 0.6 0.7 0.8 0.9 1.  1.1 1.2 1.3 1.4 1.5 1.6 1.7 1.8 1.9
 2.  2.1 2.2 2.3 2.4 2.5 2.6]","[1337.578775 1338.2569   1338.93255  1339.606225 1340.27795  1340.9477
 1341.615475 1342.2818   1342.946675 1343.610125 1344.27265  1344.93475
 1345.596425 1346.25715  1346.916925 1347.57625  1348.2351   1348.892975
 1349.549875 1350.2058   1350.86075  1351.5152   1352.169175 1352.822175
 1353.4747  ]","[159.32 159.31 159.29 159.27 159.26 159.24 159.23 159.21 159.2  159.18
 159.17 159.15 159.14 159.12 159.11 159.1  159.08 159.07 159.05 159.04
 159.02 159.01 159.   158.98 158.97]",2.7176257118734966,6
1983,1983,"[2.6 2.7 2.8 2.9 3.  3.1 3.2 3.3 3.4 3.5 3.6 3.7 3.8 3.9 4.  4.1 4.2 4.3
 4.4 4.5 4.6 4.7 4.8 4.9 5. ]","[1337.3979   1338.058625 1338.717375 1339.37415  1340.02895  1340.681775
 1341.332625 1341.981475 1342.62835  1343.27325  1343.916675 1344.559175
 1345.200775 1345.842475 1346.4853   1347.1293   1347.7755   1348.4249
 1349.07805  1349.736475 1350.400675 1351.07065  1351.74635  1352.42775
 1353.114825]","[159.14 159.13 159.11 159.09 159.08 159.06 159.05 159.03 159.02 159.
 158.99 158.97 158.96 158.94 158.93 158.91 158.9  158.88 158.87 158.85
 158.83 158.82 158.8  158.78 158.76]",2.375895452673923,6
