Vehicle_ID,ID,time,xloc,yloc,line_integral_values,maneuver
69,66,"[1.2 1.3 1.4 1.5 1.6 1.7 1.8 1.9 2.  2.1 2.2 2.3 2.4 2.5 2.6 2.7 2.8 2.9
 3.  3.1 3.2 3.3 3.4 3.5 3.6 3.7]","[1815.14905  1815.67025  1816.19455  1816.72195  1817.25295  1817.78755
 1818.32575  1818.86805  1819.414425 1819.9654   1820.5215   1821.0827
 1821.649525 1822.2225   1822.801625 1823.386875 1823.978725 1824.577175
 1825.182225 1825.793875 1826.4121   1827.036875 1827.6677   1828.305075
 1828.949    1829.599475]","[162.53 162.54 162.54 162.55 162.56 162.56 162.57 162.58 162.58 162.59
 162.59 162.6  162.6  162.61 162.62 162.62 162.63 162.63 162.64 162.65
 162.65 162.66 162.67 162.67 162.68 162.69]",0.07176250556447102,6
69,69,"[3.1 3.2 3.3 3.4 3.5 3.6 3.7 3.8 3.9 4.  4.1 4.2 4.3 4.4 4.5 4.6 4.7 4.8
 4.9 5. ]","[1815.497725 1816.031575 1816.569025 1817.109575 1817.6532   1818.2004
 1818.7517   1819.3076   1819.868625 1820.434775 1821.00605  1821.58295
 1822.16545  1822.753025 1823.34565  1823.943325 1824.54605  1825.154325
 1825.76815  1826.387525]","[161.93 161.95 161.96 161.97 161.98 161.99 162.   162.01 162.02 162.03
 162.04 162.05 162.06 162.07 162.08 162.08 162.09 162.09 162.09 162.1 ]",0.19749454261120608,6
