Vehicle_ID,ID,time,xloc,yloc,line_integral_values,maneuver
540,537,[2.9 3.  3.1 3.2 3.3 3.4 3.5 3.6 3.7],"[1810.0464   1811.1647   1812.2875   1813.414775 1814.5455   1815.679675
 1816.8173   1817.958375 1819.102875]",[162.4  162.42 162.45 162.47 162.49 162.51 162.54 162.56 162.58],0.07040190458193106,6
540,540,[1.  1.1 1.2 1.3 1.4 1.5 1.6 1.7 1.8],"[1810.127375 1811.256675 1812.388375 1813.521475 1814.655975 1815.7924
 1816.93025  1818.069525 1819.21075 ]",[162.52 162.53 162.54 162.55 162.55 162.56 162.57 162.58 162.59],0.05898441111628397,6
