Vehicle_ID,ID,time,xloc,yloc,line_integral_values,maneuver
2592,2247,"[0.  0.1 0.2 0.3 0.4 0.5 0.6 0.7 0.8 0.9 1.  1.1 1.2 1.3 1.4 1.5 1.6 1.7
 1.8 1.9 2.  2.1]","[1600.3539   1601.3719   1602.3969   1603.4289   1604.4679   1605.513375
 1606.565325 1607.62375  1608.688125 1609.758975 1610.8358   1611.918075
 1613.0063   1614.09995  1615.198525 1616.30205  1617.4105   1618.523875
 1619.641675 1620.7639   1621.89055  1623.021125 1624.155625 1625.293525
 1626.434325 1627.578025 1628.7241   1629.871525]","[157.93 157.95 157.97 158.   158.02 158.04 158.06 158.08 158.11 158.13
 158.15 158.17 158.2  158.22 158.24 158.27 158.29 158.32 158.34 158.37
 158.4  158.42 158.45 158.48 158.5  158.53 158.56 158.58]",0.008971002885996943,6
2592,2509,[0.  0.1 0.2 0.3],"[1600.402425 1601.349675 1602.304425 1603.267175 1604.23745  1605.21525
 1606.20105  1607.194325 1608.194575 1609.201825 1610.21605  1611.237225
 1612.26535  1613.299925 1614.34045  1615.3869   1616.439275 1617.497075
 1618.559775 1619.627375 1620.699375 1621.7758   1622.85665  1623.9419
 1625.031575 1626.125175 1627.222175 1628.3226   1629.42695 ]","[158.17 158.19 158.2  158.21 158.22 158.24 158.25 158.26 158.28 158.29
 158.31 158.32 158.34 158.36 158.38 158.39 158.41 158.43 158.45 158.47
 158.49 158.51 158.53 158.55 158.57 158.59 158.62 158.64 158.66]",0.00028783172452810277,6
2592,2592,"[3.1 3.2 3.3 3.4 3.5 3.6 3.7 3.8 3.9 4.  4.1 4.2 4.3 4.4 4.5 4.6 4.7 4.8
 4.9 5. ]","[1600.190275 1601.28465  1602.383975 1603.48875  1604.599    1605.714225
 1606.834425 1607.959625 1609.090325 1610.226525 1611.368225 1612.515425
 1613.66815  1614.8269   1615.99115  1617.1609   1618.33615  1619.5169
 1620.70315  1621.894375 1623.090575 1624.29175  1625.49735  1626.70635
 1627.91825  1629.133025]","[157.38 157.41 157.43 157.46 157.48 157.51 157.54 157.56 157.59 157.61
 157.64 157.67 157.7  157.72 157.75 157.78 157.8  157.83 157.85 157.88
 157.91 157.93 157.96 157.98 158.01 158.03]",1.5325908977675815,6
