Vehicle_ID,ID,time,xloc,yloc,line_integral_values,maneuver
438,94,[4.8 4.9],[1600.68665  1601.686725],[158.34 158.36],0.0,6
438,438,"[2.9 3.  3.1 3.2 3.3 3.4 3.5 3.6 3.7 3.8 3.9 4.  4.1 4.2 4.3 4.4 4.5 4.6
 4.7 4.8 4.9]","[1600.38005  1601.397375 1602.41165  1603.422875 1604.43055  1605.434675
 1606.435775 1607.43335  1608.427375 1609.41785  1610.404275 1611.38665
 1612.364975 1613.33925  1614.30895  1615.273575 1616.232625 1617.18605
 1618.13335  1619.073525 1620.00655 ]","[158.57 158.59 158.62 158.65 158.67 158.7  158.72 158.74 158.77 158.79
 158.81 158.83 158.85 158.87 158.89 158.91 158.93 158.95 158.97 158.98
 159.  ]",0.0,6
438,488,"[0.3 0.4 0.5 0.6 0.7 0.8 0.9 1.  1.1 1.2 1.3 1.4 1.5 1.6 1.7 1.8 1.9 2.
 2.1 2.2 2.3 2.4 2.5 2.6 2.7 2.8 2.9 3.  3.1 3.2]","[1600.663425 1601.7103   1602.7566   1603.802325 1604.846975 1605.890525
 1606.932475 1607.972325 1609.010575 1610.047225 1611.0818   1612.1138
 1613.1432   1614.17     1615.1937   1616.2143   1617.2313   1618.2442
 1619.252975 1620.2571   1621.2561   1622.24945  1623.236625 1624.217125
 1625.1899   1626.153925 1627.1087   1628.053725 1628.9885   1629.912525]","[158.54 158.57 158.6  158.63 158.66 158.69 158.72 158.75 158.78 158.81
 158.83 158.86 158.89 158.92 158.94 158.97 158.99 159.02 159.04 159.06
 159.09 159.11 159.13 159.16 159.18 159.2  159.22 159.24 159.26 159.28]",0.0,6
438,510,[0.  0.1 0.2 0.3 0.4 0.5 0.6 0.7],"[1623.004475 1624.006575 1625.006675 1626.004775 1627.00085  1627.994375
 1628.98485  1629.97225 ]",[158.79 158.82 158.84 158.87 158.89 158.92 158.94 158.96],0.0,6
