Vehicle_ID,ID,time,xloc,yloc,line_integral_values,maneuver
75,66,[0.  0.1 0.2],[1832.27875 1832.9676  1833.66295],[162.71 162.72 162.73],0.0,6
75,69,"[0.  0.1 0.2 0.3 0.4 0.5 0.6 0.7 0.8 0.9 1.  1.1 1.2 1.3 1.4 1.5 1.6 1.7
 1.8 1.9 2. ]","[1821.00605  1821.58295  1822.16545  1822.753025 1823.34565  1823.943325
 1824.54605  1825.154325 1825.76815  1826.387525 1827.01295  1827.643925
 1828.28045  1828.923025 1829.57165  1830.226325 1830.886525 1831.552225
 1832.223425 1832.90015  1833.5829  ]","[162.04 162.05 162.06 162.07 162.08 162.08 162.09 162.09 162.09 162.1
 162.1  162.1  162.1  162.11 162.11 162.11 162.11 162.11 162.1  162.1
 162.1 ]",2.3138406684402674e-05,6
75,75,[2.4 2.5 2.6 2.7 2.8 2.9 3.  3.1 3.2 3.3 3.4 3.5 3.6 3.7 3.8 3.9 4. ],"[1817.190725 1817.99945  1818.814725 1819.636    1820.4632   1821.2953
 1822.1318   1822.972175 1823.815925 1824.66305  1825.51355  1826.36745
 1827.2248   1828.086625 1828.95345  1829.825825 1830.70375 ]","[161.19 161.15 161.1  161.06 161.01 160.96 160.91 160.86 160.81 160.76
 160.7  160.65 160.59 160.53 160.48 160.42 160.37]",0.30720467270847396,6
