Vehicle_ID,ID,time,xloc,yloc,line_integral_values,maneuver
145,0,"[1.8 1.9 2.  2.1 2.2 2.3 2.4 2.5 2.6 2.7 2.8 2.9 3.  3.1 3.2 3.3 3.4 3.5
 3.6 3.7 3.8 3.9 4.  4.1 4.2 4.3 4.4 4.5 4.6 4.7 4.8 4.9]","[1600.28525  1600.837075 1601.3833   1601.92505  1602.464425 1603.003
 1603.541825 1604.082425 1604.6248   1605.168925 1605.715275 1606.263825
 1606.814025 1607.3648   1607.915625 1608.466475 1609.0168   1609.56555
 1610.11115  1610.65255  1611.189225 1611.719625 1612.2422   1612.755925
 1613.2603   1613.75485  1614.2391   1614.7136   1615.1789   1615.63555
 1616.084125 1616.52465 ]","[158.07 158.08 158.1  158.11 158.12 158.13 158.15 158.16 158.17 158.18
 158.19 158.2  158.21 158.22 158.23 158.23 158.24 158.25 158.26 158.27
 158.28 158.28 158.29 158.3  158.3  158.31 158.31 158.32 158.33 158.33
 158.34 158.34]",0.0,6
145,3,"[0.  0.1 0.2 0.3 0.4 0.5 0.6 0.7 0.8 0.9 1.  1.1 1.2 1.3 1.4 1.5 1.6 1.7
 1.8 1.9 2.  2.1 2.2 2.3 2.4 2.5 2.6 2.7 2.8 2.9 3.  3.1 3.2 3.3 3.4 3.5
 3.6 3.7 3.8 3.9 4.  4.1 4.2 4.3 4.4]","[1610.43695  1610.84965  1611.261675 1611.6746   1612.090525 1612.512025
 1612.941125 1613.378825 1613.825075 1614.279275 1614.7403   1615.2065
 1615.6747   1616.1422   1616.606875 1617.066175 1617.51855  1617.964025
 1618.4032   1618.837175 1619.268075 1619.697525 1620.127125 1620.559475
 1620.99615  1621.43765  1621.88445  1622.33655  1622.7939   1623.255925
 1623.72155  1624.1902   1624.660825 1625.132375 1625.603775 1626.07295
 1626.53885  1626.999925 1627.454625 1627.901375 1628.33815  1628.76445
 1629.17925  1629.5816   1629.97155 ]","[158.43 158.44 158.45 158.46 158.46 158.47 158.48 158.49 158.5  158.5
 158.51 158.51 158.52 158.53 158.53 158.54 158.55 158.56 158.56 158.57
 158.58 158.59 158.6  158.61 158.61 158.62 158.63 158.64 158.65 158.66
 158.67 158.67 158.68 158.69 158.69 158.7  158.71 158.71 158.72 158.72
 158.73 158.74 158.74 158.75 158.76]",0.0,6
145,61,[0.  0.1 0.2 0.3 0.4 0.5 0.6 0.7 0.8 0.9 1. ],"[1626.6184   1626.917    1627.213825 1627.51095  1627.809975 1628.113
 1628.422575 1628.7402   1629.0664   1629.40215  1629.7484  ]","[158.17 158.18 158.19 158.2  158.2  158.21 158.22 158.23 158.24 158.25
 158.25]",0.0,6
145,145,[4.6 4.7 4.8 4.9],[1600.0541  1600.68825 1601.3168  1601.94025],[157.88 157.89 157.9  157.91],0.0,6
