Vehicle_ID,ID,time,xloc,yloc,line_integral_values,maneuver
3926,2247,[0.7 0.8 0.9 1.  1.1 1.2 1.3 1.4 1.5 1.6 1.7 1.8 1.9 2.  2.1 2.2 2.3],"[1817.386825 1818.45255  1819.51475  1820.572925 1821.627075 1822.6767
 1823.721775 1824.7623   1825.797775 1826.828175 1827.852975 1828.871675
 1829.883775 1830.889275 1831.888175 1832.879975 1833.8652  ]","[162.81 162.82 162.83 162.83 162.84 162.85 162.85 162.86 162.86 162.87
 162.87 162.88 162.88 162.88 162.89 162.89 162.89]",0.0016111786129884278,6
3926,2509,[0.  0.1 0.2 0.3],[1830.10185 1831.1637  1832.22045 1833.2721 ],[162.75 162.75 162.75 162.75],0.0,6
3926,2592,[3.6 3.7 3.8 3.9 4.  4.1 4.2 4.3 4.4 4.5 4.6 4.7 4.8 4.9 5. ],"[1817.618025 1818.503875 1819.389325 1820.274375 1821.159    1822.042675
 1822.924875 1823.805575 1824.684775 1825.561975 1826.437675 1827.31135
 1828.182475 1829.05155  1829.918075]","[162.08 162.09 162.1  162.11 162.12 162.14 162.15 162.16 162.17 162.18
 162.19 162.2  162.2  162.21 162.22]",0.028399333194160416,6
3926,3926,[1.5 1.6 1.7 1.8 1.9 2.  2.1 2.2 2.3 2.4 2.5 2.6 2.7 2.8 2.9 3.  3.1 3.2],"[1817.259475 1818.29105  1819.2979   1820.281125 1821.2439   1822.18995
 1823.1235   1824.04925  1824.9719   1825.8956   1826.823925 1827.758875
 1828.7019   1829.653925 1830.6148   1831.58335  1832.557425 1833.534825]","[161.82 161.88 161.93 161.98 162.02 162.07 162.11 162.15 162.18 162.22
 162.26 162.29 162.32 162.35 162.38 162.41 162.43 162.45]",0.02224437230243374,6
