Vehicle_ID,ID,time,xloc,yloc,line_integral_values,maneuver
2150,2150,[1.4 1.5 1.6 1.7 1.8 1.9 2.  2.1 2.2 2.3 2.4 2.5 2.6],"[1815.5547   1816.6925   1817.8278   1818.9606   1820.0909   1821.2187
 1822.344    1823.4668   1824.5876   1825.705875 1826.821125 1827.93335
 1829.042025]","[162.43 162.45 162.46 162.47 162.48 162.49 162.49 162.5  162.5  162.51
 162.51 162.52 162.52]",0.008123469548625048,6
2150,2449,[0.  0.1 0.2 0.3 0.4 0.5 0.6 0.7 0.8 0.9],"[1819.850975 1820.9541   1822.0542   1823.150775 1824.2438   1825.333275
 1826.4187   1827.500075 1828.5774   1829.65015 ]",[162.83 162.83 162.84 162.85 162.85 162.86 162.87 162.87 162.87 162.88],3.817461868283096e-09,6
2150,2509,[4.2 4.3 4.4 4.5 4.6 4.7 4.8 4.9 5. ],"[1815.95875  1817.0658   1818.170275 1819.2717   1820.370075 1821.4649
 1822.556175 1823.6444   1824.7296  ]",[162.67 162.68 162.69 162.69 162.7  162.71 162.71 162.72 162.72],0.006167453355830549,6
