Vehicle_ID,ID,time,xloc,yloc,line_integral_values,maneuver
586,392,[0.  0.1 0.2 0.3 0.4 0.5 0.6 0.7],"[1807.75715  1808.05435  1808.355775 1808.662475 1808.9765   1809.2989
 1809.6307   1809.9734  ]",[162.53 162.53 162.53 162.53 162.53 162.53 162.53 162.53],1.4077742513649106e-05,6
586,586,[3.3 3.4 3.5 3.6 3.7 3.8 3.9 4.  4.1 4.2 4.3 4.4 4.5 4.6 4.7 4.8 4.9 5. ],"[1800.328625 1800.7669   1801.216825 1801.676825 1802.1453   1802.620125
 1803.098125 1803.57615  1804.051075 1804.519275 1804.9766   1805.419425
 1805.845175 1806.252425 1806.641325 1807.01355  1807.37235  1807.721   ]","[162.55 162.55 162.55 162.55 162.54 162.54 162.54 162.54 162.54 162.53
 162.53 162.53 162.52 162.52 162.52 162.51 162.51 162.51]",0.024569406970328736,6
