Vehicle_ID,ID,time,xloc,yloc,line_integral_values,maneuver
510,510,"[1.8 1.9 2.  2.1 2.2 2.3 2.4 2.5 2.6 2.7 2.8 2.9 3.  3.1 3.2 3.3 3.4 3.5
 3.6 3.7 3.8 3.9 4.  4.1 4.2 4.3 4.4 4.5 4.6 4.7 4.8 4.9 5. ]","[1920.110975 1920.8255   1921.51035  1922.1641   1922.788475 1923.386225
 1923.960125 1924.513925 1925.05135  1925.5761   1926.0913   1926.599025
 1927.1008   1927.5971   1928.0879   1928.573625 1929.053675 1929.526475
 1929.9914   1930.447375 1930.89285  1931.3278   1931.7538   1932.17245
 1932.58585  1932.9961   1933.404775 1933.812875 1934.220875 1934.62925
 1935.039    1935.452725 1935.87465 ]","[159.48 159.46 159.44 159.42 159.4  159.38 159.36 159.34 159.32 159.3
 159.27 159.25 159.23 159.21 159.19 159.17 159.15 159.12 159.1  159.08
 159.05 159.03 159.   158.98 158.95 158.93 158.9  158.88 158.85 158.82
 158.79 158.77 158.74]",0.013964673390014391,6
510,522,"[0.3 0.4 0.5 0.6 0.7 0.8 0.9 1.  1.1 1.2 1.3 1.4 1.5 1.6 1.7 1.8 1.9 2.
 2.1 2.2 2.3 2.4 2.5 2.6 2.7 2.8 2.9 3.  3.1 3.2 3.3 3.4 3.5 3.6 3.7 3.8
 3.9 4.  4.1 4.2 4.3 4.4 4.5 4.6 4.7 4.8 4.9]","[1920.859825 1921.876975 1922.90425  1923.933325 1924.955925 1925.9659
 1926.95875  1927.931575 1928.8841   1929.8181   1930.735375 1931.6377
 1932.527275 1933.405275 1934.271275 1935.12425  1935.9616   1936.780225
 1937.57915  1938.35845  1939.118725 1939.86005  1940.581975 1941.28455
 1941.968325 1942.63335  1943.27965  1943.90725  1944.515675 1945.10495
 1945.675075 1946.226575 1946.760525 1947.2775   1947.77855  1948.26525
 1948.738675 1949.200375 1949.652425 1950.0964   1950.533325 1950.9647
 1951.391025 1951.81225  1952.22885  1952.641325 1953.051975]","[158.93 158.9  158.87 158.84 158.81 158.77 158.74 158.71 158.68 158.64
 158.61 158.58 158.55 158.52 158.49 158.46 158.43 158.41 158.38 158.35
 158.32 158.3  158.27 158.25 158.22 158.2  158.17 158.14 158.12 158.1
 158.07 158.05 158.03 158.01 157.99 157.98 157.96 157.94 157.93 157.91
 157.9  157.89 157.88 157.87 157.86 157.85 157.84]",0.00013605477833959854,6
