Vehicle_ID,ID,time,xloc,yloc,line_integral_values,maneuver
392,392,"[1.8 1.9 2.  2.1 2.2 2.3 2.4 2.5 2.6 2.7 2.8 2.9 3.  3.1 3.2 3.3 3.4 3.5
 3.6 3.7 3.8 3.9 4.  4.1 4.2 4.3 4.4 4.5 4.6 4.7 4.8 4.9 5. ]","[1805.10425  1805.399975 1805.696725 1805.99345  1806.2891   1806.583675
 1806.877175 1807.170125 1807.4631   1807.75715  1808.05435  1808.355775
 1808.662475 1808.9765   1809.2989   1809.6307   1809.9734   1810.3275
 1810.692975 1811.069775 1811.45785  1811.856125 1812.263475 1812.6783
 1813.09955  1813.5267   1813.958725 1814.3951   1814.8353   1815.278825
 1815.725175 1816.1738   1816.6242  ]","[162.53 162.53 162.53 162.53 162.53 162.53 162.53 162.53 162.53 162.53
 162.53 162.53 162.53 162.53 162.53 162.53 162.53 162.53 162.53 162.53
 162.53 162.53 162.53 162.53 162.53 162.53 162.53 162.53 162.53 162.53
 162.53 162.53 162.53]",6.526763490264314,6
392,618,"[0.  0.1 0.2 0.3 0.4 0.5 0.6 0.7 0.8 0.9 1.  1.1 1.2 1.3 1.4 1.5 1.6 1.7
 1.8 1.9 2.  2.1 2.2 2.3 2.4 2.5 2.6 2.7 2.8 2.9 3.  3.1 3.2 3.3 3.4 3.5
 3.6 3.7 3.8 3.9 4.  4.1]","[1807.061575 1807.396775 1807.73555  1808.07735  1808.42165  1808.767925
 1809.1167   1809.4685   1809.823825 1810.1827   1810.5446   1810.9095
 1811.2769   1811.646775 1812.0191   1812.392875 1812.7681   1813.144775
 1813.522375 1813.9009   1814.28035  1814.660725 1815.041    1815.42065
 1815.799675 1816.17705  1816.552775 1816.92735  1817.3008   1817.673125
 1818.044325 1818.414425 1818.78345  1819.1519   1819.51975  1819.8865
 1820.25265  1820.6182   1820.982125 1821.3444   1821.7045   1822.063   ]","[162.37 162.37 162.37 162.38 162.38 162.39 162.39 162.39 162.4  162.4
 162.41 162.41 162.41 162.41 162.41 162.42 162.42 162.42 162.42 162.42
 162.43 162.43 162.43 162.43 162.44 162.44 162.44 162.44 162.45 162.45
 162.45 162.45 162.45 162.46 162.46 162.46 162.46 162.46 162.46 162.46
 162.46 162.46]",0.036508837674387645,6
