Vehicle_ID,ID,time,xloc,yloc,line_integral_values,maneuver
2390,1008,[0.  0.1 0.2 0.3 0.4 0.5],[1828.6758   1829.6482   1830.6171   1831.582475 1832.544325 1833.502675],[162.59 162.59 162.59 162.58 162.58 162.58],5.109202891218162e-47,6
2390,2390,[1.8 1.9 2.  2.1 2.2 2.3 2.4 2.5 2.6 2.7 2.8 2.9 3.  3.1 3.2 3.3 3.4],"[1817.30615  1818.302625 1819.29815  1820.2922   1821.284775 1822.275875
 1823.264975 1824.252575 1825.238675 1826.222775 1827.204875 1828.184975
 1829.163075 1830.13915  1831.1132   1832.08525  1833.0553  ]","[162.64 162.65 162.66 162.67 162.68 162.69 162.7  162.71 162.71 162.72
 162.73 162.73 162.74 162.75 162.75 162.76 162.77]",0.001886014884261716,6
2390,2449,[4.7 4.8 4.9 5. ],[1817.63565  1818.744825 1819.850975 1820.9541  ],[162.81 162.82 162.83 162.83],6.110600110807543e-05,6
