Vehicle_ID,ID,time,xloc,yloc,line_integral_values,maneuver
899,856,[0.  0.1 0.2 0.3 0.4 0.5 0.6 0.7 0.8 0.9 1.  1.1 1.2 1.3],"[1817.556475 1818.75875  1819.962975 1821.169175 1822.377375 1823.58755
 1824.7997   1826.013825 1827.229925 1828.448    1829.667525 1830.888025
 1832.11     1833.333425]","[162.57 162.58 162.6  162.61 162.62 162.64 162.65 162.66 162.67 162.68
 162.69 162.7  162.7  162.71]",0.49782802494094236,6
899,899,[1.6 1.7 1.8 1.9 2.  2.1 2.2 2.3 2.4 2.5 2.6 2.7 2.8 2.9],"[1818.0105   1819.167875 1820.3262   1821.486    1822.6473   1823.8096
 1824.9734   1826.138675 1827.305425 1828.473675 1829.643425 1830.81465
 1831.98685  1833.159525]","[162.25 162.26 162.27 162.28 162.3  162.31 162.32 162.33 162.34 162.36
 162.37 162.38 162.39 162.41]",0.14403914228051987,6
899,942,[4.7 4.8 4.9 5. ],[1817.73005  1818.99685  1820.26055  1821.521675],[162.59 162.6  162.6  162.61],0.25115111971657506,6
899,2015,[3.7 3.8 3.9 4.  4.1 4.2 4.3],"[1826.881    1828.01885  1829.163075 1830.31315  1831.469075 1832.63035
 1833.79595 ]",[160.34 160.44 160.53 160.63 160.72 160.81 160.9 ],0.0,6
