Vehicle_ID,ID,time,xloc,yloc,line_integral_values,maneuver
2040,2017,[0.  0.1 0.2 0.3 0.4],[1805.6122   1806.6914   1807.768075 1808.842225 1809.91285 ],[162.1  162.12 162.13 162.15 162.17],0.0,6
2040,2040,[1.  1.1 1.2 1.3 1.4 1.5 1.6 1.7 1.8 1.9],"[1800.236    1801.292975 1802.3471   1803.39885  1804.4482   1805.49465
 1806.538175 1807.57825  1808.61485  1809.64795 ]",[162.53 162.55 162.57 162.59 162.61 162.63 162.65 162.66 162.68 162.7 ],0.1192377133550989,6
2040,2090,[5.],[1800.62765],[161.96],0.0,6
2040,2104,[3.2 3.3 3.4 3.5 3.6 3.7 3.8 3.9 4. ],"[1800.7297   1801.8276   1802.9215   1804.010875 1805.095725 1806.176075
 1807.251925 1808.32325  1809.38955 ]",[162.13 162.15 162.16 162.18 162.2  162.21 162.23 162.24 162.26],0.23633534177416082,6
