Vehicle_ID,ID,time,xloc,yloc,line_integral_values,maneuver
2484,2484,[4.6 4.7 4.8 4.9 5. ],[1840.74025  1841.47975  1842.21845  1842.95635  1843.693925],[162.8 162.8 162.8 162.8 162.8],0.21054813025591923,6
2484,2592,[0.  0.1 0.2 0.3 0.4 0.5 0.6 0.7 0.8 0.9],"[1874.27525  1874.83725  1875.40135  1875.96755  1876.53585  1877.10625
 1877.67925  1878.255375 1878.834625 1879.416975]",[161.81 161.8  161.78 161.76 161.75 161.73 161.71 161.7  161.68 161.66],0.0,6
2484,2636,"[0.  0.1 0.2 0.3 0.4 0.5 0.6 0.7 0.8 0.9 1.  1.1 1.2 1.3 1.4 1.5 1.6 1.7
 1.8 1.9 2.  2.1 2.2 2.3 2.4 2.5 2.6 2.7 2.8 2.9 3.  3.1 3.2 3.3 3.4 3.5
 3.6]","[1859.0829   1859.758275 1860.4257   1861.0852   1861.7373   1862.381975
 1863.019225 1863.649575 1864.273025 1864.890075 1865.501225 1866.10595
 1866.70425  1867.29715  1867.88465  1868.46675  1869.04395  1869.61625
 1870.18415  1870.747675 1871.306825 1871.862575 1872.41495  1872.963975
 1873.510625 1874.0549   1874.596825 1875.1374   1875.677125 1876.216
 1876.754025 1877.2912   1877.828025 1878.365    1878.902625 1879.4414
 1879.981325]","[162.32 162.32 162.31 162.31 162.3  162.3  162.29 162.29 162.28 162.28
 162.27 162.26 162.26 162.25 162.24 162.24 162.23 162.22 162.21 162.2
 162.2  162.19 162.17 162.16 162.15 162.14 162.12 162.11 162.1  162.08
 162.07 162.05 162.04 162.02 162.   161.99 161.97]",0.0,6
2484,2698,"[1.8 1.9 2.  2.1 2.2 2.3 2.4 2.5 2.6 2.7 2.8 2.9 3.  3.1 3.2 3.3 3.4 3.5
 3.6 3.7 3.8 3.9 4.  4.1 4.2 4.3 4.4 4.5 4.6 4.7 4.8 4.9 5. ]","[1840.725875 1841.50425  1842.277175 1843.04465  1843.807175 1844.564775
 1845.31795  1846.0672   1846.81255  1847.554    1848.29205  1849.0267
 1849.757925 1850.486225 1851.211625 1851.9341   1852.65365  1853.370775
 1854.085475 1854.79775  1855.5081   1856.21655  1856.9236   1857.62925
 1858.333475 1859.036775 1859.739175 1860.44065  1861.141175 1861.84075
 1862.539375 1863.23655  1863.93225 ]","[162.92 162.93 162.92 162.92 162.92 162.92 162.92 162.91 162.91 162.91
 162.9  162.9  162.89 162.89 162.88 162.88 162.87 162.86 162.85 162.84
 162.84 162.83 162.82 162.81 162.8  162.79 162.78 162.77 162.76 162.74
 162.73 162.72 162.7 ]",0.28595416334455376,6
