Vehicle_ID,ID,time,xloc,yloc,line_integral_values,maneuver
1062,1046,[0.  0.1 0.2 0.3 0.4 0.5 0.6],"[1873.88205  1874.90405  1875.92305  1876.93905  1877.952575 1878.963625
 1879.971675]",[162.02 162.   161.97 161.94 161.91 161.87 161.84],0.0,6
1062,1062,[4.  4.1 4.2 4.3 4.4 4.5 4.6 4.7 4.8 4.9 5. ],"[1840.377475 1841.3667   1842.352875 1843.335525 1844.31465  1845.29075
 1846.26385  1847.23395  1848.20155  1849.167175 1850.13085 ]","[162.66 162.66 162.66 162.66 162.66 162.65 162.65 162.65 162.64 162.64
 162.63]",0.6188932404710913,6
1062,1961,"[0.  0.1 0.2 0.3 0.4 0.5 0.6 0.7 0.8 0.9 1.  1.1 1.2 1.3 1.4 1.5 1.6 1.7
 1.8 1.9 2.  2.1 2.2 2.3 2.4 2.5 2.6 2.7 2.8]","[1850.167225 1851.276875 1852.38245  1853.483975 1854.58145  1855.674875
 1856.76425  1857.849575 1858.93135  1860.0096   1861.083825 1862.154025
 1863.220225 1864.282925 1865.342125 1866.397325 1867.449025 1868.497225
 1869.541925 1870.583125 1871.620325 1872.654025 1873.684225 1874.710925
 1875.734125 1876.753325 1877.769025 1878.78175  1879.791   ]","[162.82 162.82 162.82 162.82 162.82 162.81 162.81 162.8  162.8  162.79
 162.78 162.78 162.77 162.76 162.75 162.73 162.72 162.71 162.69 162.67
 162.66 162.64 162.62 162.6  162.58 162.55 162.53 162.5  162.48]",0.0,6
1062,1983,"[0.9 1.  1.1 1.2 1.3 1.4 1.5 1.6 1.7 1.8 1.9 2.  2.1 2.2 2.3 2.4 2.5 2.6
 2.7 2.8 2.9 3.  3.1 3.2 3.3 3.4 3.5 3.6 3.7 3.8 3.9 4.  4.1 4.2 4.3 4.4
 4.5 4.6 4.7]","[1840.3463   1841.427    1842.5052   1843.580375 1844.652525 1845.721675
 1846.7878   1847.8509   1848.910475 1849.966525 1851.01955  1852.06955
 1853.116025 1854.158975 1855.198925 1856.23535  1857.26825  1858.29815
 1859.32455  1860.34745  1861.36685  1862.382725 1863.395575 1864.404925
 1865.410775 1866.413625 1867.4135   1868.4104   1869.4043   1870.3952
 1871.3831   1872.368025 1873.349975 1874.32895  1875.30545  1876.279975
 1877.25255  1878.2232   1879.191925]","[162.37 162.39 162.4  162.42 162.43 162.44 162.45 162.46 162.47 162.47
 162.48 162.49 162.49 162.49 162.49 162.5  162.49 162.49 162.49 162.49
 162.48 162.48 162.47 162.46 162.45 162.44 162.43 162.42 162.4  162.39
 162.37 162.36 162.34 162.32 162.3  162.27 162.25 162.23 162.2 ]",2.836898755986714,6
