Vehicle_ID,ID,time,xloc,yloc,line_integral_values,maneuver
2104,2040,[0.  0.1 0.2 0.3 0.4 0.5 0.6 0.7 0.8 0.9 1.  1.1 1.2],"[1821.69605  1822.672975 1823.64645  1824.616975 1825.58455  1826.548675
 1827.509325 1828.467    1829.4212   1830.3714   1831.317575 1832.259725
 1833.19785 ]","[162.88 162.89 162.9  162.91 162.92 162.93 162.93 162.94 162.95 162.95
 162.96 162.96 162.96]",2.6107012337499696e-08,6
2104,2090,[3.6 3.7 3.8 3.9 4.  4.1 4.2 4.3 4.4 4.5 4.6 4.7 4.8 4.9 5. ],"[1817.838175 1818.7777   1819.710275 1820.6359   1821.554575 1822.4663
 1823.371575 1824.2704   1825.1628   1826.049275 1826.9293   1827.802875
 1828.6705   1829.532175 1830.3884  ]","[162.11 162.12 162.12 162.13 162.14 162.15 162.16 162.17 162.18 162.19
 162.2  162.21 162.22 162.23 162.23]",0.19665633714793132,6
2104,2104,[1.7 1.8 1.9 2.  2.1 2.2 2.3 2.4 2.5 2.6 2.7 2.8 2.9 3.  3.1 3.2 3.3],"[1817.7358   1818.754775 1819.7682   1820.775575 1821.776925 1822.77225
 1823.761525 1824.744775 1825.722    1826.693175 1827.658325 1828.61745
 1829.57055  1830.51765  1831.458725 1832.393275 1833.321325]","[162.36 162.38 162.39 162.41 162.42 162.44 162.45 162.47 162.48 162.5
 162.51 162.53 162.55 162.56 162.58 162.59 162.6 ]",0.26622973764264024,6
