Vehicle_ID,ID,time,xloc,yloc,line_integral_values,maneuver
0,0,[4.4 4.5 4.6 4.7 4.8 4.9 5. ],"[1840.86615  1841.813475 1842.7613   1843.7096   1844.6584   1845.6077
 1846.557475]",[162.89 162.89 162.89 162.9  162.9  162.9  162.9 ],0.12991121515372905,6
0,3,"[1.7 1.8 1.9 2.  2.1 2.2 2.3 2.4 2.5 2.6 2.7 2.8 2.9 3.  3.1 3.2 3.3 3.4
 3.5 3.6 3.7 3.8 3.9 4.  4.1 4.2 4.3 4.4 4.5 4.6 4.7 4.8 4.9 5. ]","[1840.7738   1841.67075  1842.567725 1843.464725 1844.361725 1845.258725
 1846.155725 1847.052725 1847.949725 1848.847225 1849.745225 1850.64325
 1851.5413   1852.43985  1853.338925 1854.238525 1855.13865  1856.0393
 1856.940975 1857.8437   1858.74745  1859.652225 1860.558025 1861.46485
 1862.3722   1863.28005  1864.1889   1865.09875  1866.009075 1866.919375
 1867.82965  1868.7399   1869.650125 1870.560325]","[162.69 162.69 162.7  162.7  162.7  162.7  162.7  162.7  162.69 162.69
 162.69 162.68 162.68 162.68 162.67 162.67 162.66 162.65 162.65 162.64
 162.63 162.62 162.61 162.61 162.59 162.58 162.57 162.56 162.54 162.53
 162.51 162.49 162.48 162.46]",0.3850444085981073,6
0,57,[0.  0.1],[1878.6086   1879.565225],[162.5  162.47],0.0,6
0,61,"[0.  0.1 0.2 0.3 0.4 0.5 0.6 0.7 0.8 0.9 1.  1.1 1.2 1.3 1.4 1.5 1.6 1.7
 1.8 1.9 2.  2.1 2.2 2.3 2.4 2.5 2.6 2.7 2.8]","[1855.301575 1856.168425 1857.034775 1857.90065  1858.76655  1859.63245
 1860.498875 1861.365825 1862.232775 1863.099725 1863.966675 1864.833625
 1865.700575 1866.567525 1867.4345   1868.3015   1869.1685   1870.0355
 1870.9025   1871.7695   1872.637025 1873.505075 1874.373125 1875.241175
 1876.10975  1876.97885  1877.848475 1878.71915  1879.59085 ]","[162.29 162.29 162.29 162.28 162.28 162.28 162.28 162.27 162.27 162.26
 162.26 162.25 162.25 162.24 162.24 162.23 162.22 162.22 162.21 162.2
 162.19 162.18 162.17 162.15 162.14 162.13 162.11 162.1  162.08]",0.0,6
