Vehicle_ID,ID,time,xloc,yloc,line_integral_values,maneuver
2290,1008,[3.2 3.3 3.4 3.5 3.6 3.7 3.8 3.9 4.  4.1 4.2 4.3 4.4 4.5 4.6 4.7 4.8],"[1817.767475 1818.774325 1819.778175 1820.77905  1821.77695  1822.77185
 1823.76375  1824.75265  1825.738575 1826.721    1827.6999   1828.6758
 1829.6482   1830.6171   1831.582475 1832.544325 1833.502675]","[162.55 162.56 162.57 162.57 162.57 162.58 162.58 162.58 162.58 162.59
 162.59 162.59 162.59 162.59 162.58 162.58 162.58]",1.009970118612723,6
2290,1836,[0.  0.1 0.2 0.3 0.4],[1829.7164   1830.6372   1831.552625 1832.462675 1833.367825],[162.68 162.68 162.68 162.68 162.68],0.0,6
2290,2290,[1.8 1.9 2.  2.1 2.2 2.3 2.4 2.5 2.6 2.7 2.8 2.9 3.  3.1 3.2 3.3 3.4],"[1817.6544   1818.65185  1819.647325 1820.640875 1821.6325   1822.622175
 1823.6099   1824.595675 1825.58     1826.56285  1827.5432   1828.52105
 1829.4969   1830.47025  1831.4411   1832.40995  1833.3763  ]","[162.89 162.9  162.91 162.92 162.93 162.94 162.95 162.95 162.96 162.97
 162.98 162.98 162.99 163.   163.   163.01 163.01]",0.2557555624352977,6
