Vehicle_ID,ID,time,xloc,yloc,line_integral_values,maneuver
2735,2090,[0.  0.1 0.2 0.3 0.4 0.5 0.6 0.7 0.8 0.9 1.  1.1 1.2 1.3 1.4 1.5 1.6],"[1819.710275 1820.6359   1821.554575 1822.4663   1823.371575 1824.2704
 1825.1628   1826.049275 1826.9293   1827.802875 1828.6705   1829.532175
 1830.3884   1831.239175 1832.084    1832.923375 1833.7573  ]","[162.12 162.13 162.14 162.15 162.16 162.17 162.18 162.19 162.2  162.21
 162.22 162.23 162.23 162.24 162.25 162.25 162.26]",0.0002232088861447151,6
2735,2170,[4.3 4.4 4.5 4.6 4.7 4.8 4.9 5. ],"[1817.386975 1818.250525 1819.11175  1819.970625 1820.82815  1821.684325
 1822.53915  1823.3931  ]",[162.54 162.55 162.56 162.57 162.58 162.58 162.59 162.6 ],0.7308289845208837,6
2735,2735,[1.8 1.9 2.  2.1 2.2 2.3 2.4 2.5 2.6 2.7 2.8 2.9 3.  3.1 3.2 3.3],"[1817.68735  1818.71095  1819.73725  1820.76675  1821.79945  1822.83585
 1823.87645  1824.921225 1825.970675 1827.025325 1828.08515  1829.150125
 1830.22075  1831.297525 1832.37995  1833.468   ]","[161.65 161.61 161.56 161.52 161.47 161.41 161.36 161.3  161.24 161.18
 161.12 161.05 160.99 160.92 160.85 160.78]",0.17083980557708536,6
