Vehicle_ID,ID,time,xloc,yloc,line_integral_values,maneuver
2449,2150,[2.8 2.9 3.  3.1 3.2 3.3 3.4 3.5],"[1810.97685  1812.125225 1813.271075 1814.4144   1815.5547   1816.6925
 1817.8278   1818.9606  ]",[162.38 162.39 162.41 162.42 162.43 162.45 162.46 162.47],0.03509121157350098,6
2449,2449,[1.  1.1 1.2 1.3 1.4 1.5 1.6 1.7 1.8],"[1810.917575 1812.0444   1813.1687   1814.289975 1815.408225 1816.52345
 1817.63565  1818.744825 1819.850975]",[162.75 162.76 162.77 162.78 162.79 162.8  162.81 162.82 162.83],0.01609451233684264,6
